"SAMPLEID"	"INDEX_NAME"	"INDEX_CLASS"	"ni_total"	"ni_totalNoDeca"	"li_total"	"ni_Chiro"	"ni_Dipt"	"ni_EPT"	"ni_Trich"	"ni_Americo"	"ni_Gnorimo"	"ni_brackish"	"ni_Ramello"	"nt_total"	"nt_Amph"	"nt_Bival"	"nt_Coleo"	"nt_COET"	"nt_COETNoBraBaeHydTri"	"nt_CruMol"	"nt_Deca"	"nt_Dipt"	"nt_ECT"	"nt_Ephem"	"nt_EphemNoBaeTri"	"nt_Ephemerellid"	"nt_EPT"	"nt_ET"	"nt_Gast"	"nt_Hemipt"	"nt_Hepta"	"nt_Insect"	"nt_Isop"	"nt_Mega"	"nt_Mol"	"nt_Nemour"	"nt_NonIns"	"nt_Odon"	"nt_OET"	"nt_Oligo"	"nt_Perlid"	"nt_Pleco"	"nt_POET"	"nt_POETNoBae"	"nfam_Baetidae"	"nt_POETfamBae"	"nt_Ptero"	"nt_Rhya"	"nt_Tipulid"	"nt_Trich"	"nt_TrichNoHydro"	"nt_Tromb"	"nt_Tubif"	"pi_Ampe"	"pi_AmpeHaust"	"pi_Amph"	"pi_AmphIsop"	"pi_Baet"	"pi_Bival"	"pi_Caen"	"pi_Cheu"	"pi_CheuSimHyalella"	"pi_ChiroOligoHiru"	"pi_Coleo"	"pi_COET"	"pi_Corb"	"pi_CorixPhys"	"pi_CraCaeGam"	"pi_Cru"	"pi_CruMol"	"pi_Deca"	"pi_Dipt"	"pi_DiptNonIns"	"pi_ECT"	"pi_Ephem"	"pi_EphemNoCae"	"pi_EphemNoCaeBae"	"pi_EphemNoBaeTri"	"pi_EPT"	"pi_EPTNoBaeHydro"	"pi_EPTNoCheu"	"pi_EPTNoHydro"	"pi_ET"	"pi_Gast"	"pi_Hemipt"	"pi_Hydro"	"pi_Hydro2EPT"	"pi_Hydro2Trich"	"pi_Insect"	"pi_Isop"	"pi_IsopGastHiru"	"pi_Juga"	"pi_JugaFlumi"	"pi_Mega"	"pi_Mol"	"pi_Nemata"	"pi_NonIns"	"pi_Odon"	"pi_OET"	"pi_Oligo"	"pi_OligoChiroHydro"	"pi_OligoHiru"	"pi_Pleco"	"pi_POET"	"pi_Sphaer"	"pi_SphaerCorb"	"pi_Trich"	"pi_TrichNoHydro"	"pi_Tromb"	"pi_Tubif"	"pt_Amph"	"pt_Bival"	"pt_Coleo"	"pt_COET"	"pt_Deca"	"pt_Dipt"	"pt_ECT"	"pt_Ephem"	"pt_EPT"	"pt_ET"	"pt_Gast"	"pt_Hemipt"	"pt_Insect"	"pt_Isop"	"pt_Mega"	"pt_NonIns"	"pt_Odon"	"pt_OET"	"pt_Oligo"	"pt_Pleco"	"pt_POET"	"pt_Trich"	"pt_TrichNoHydro"	"pt_Tromb"	"nt_Chiro"	"pi_Chiro"	"pt_Chiro"	"pi_Ortho"	"pi_Tanyt"	"pi_Tanyp"	"pi_Chi2Dipt"	"pi_COC2Chi"	"pi_ChCr2Chi"	"pi_Orth2Chi"	"pi_Tanyp2Chi"	"pi_ChiroAnne"	"pi_dom02_BCG_att456_NoJugaRiss"	"nt_NonIns_BCG_att456"	"pi_NonIns_BCG_att456"	"pt_NonIns_BCG_att456"	"nt_NonInsJugaRiss_BCG_att456"	"pi_NonInsJugaRiss_BCG_att456"	"pt_NonInsJugaRiss_BCG_att456"	"pi_SimBbiBtri"	"pi_SimBtri"	"pi_SimBae"	"pi_Colesens"	"nt_longlived"	"pt_longlived"	"nt_noteworthy"	"nt_ffg2_pred"	"ni_Noto"	"nt_ti_stenocold"	"nt_ti_cold"	"nt_ti_cool"	"nt_ti_warm"	"nt_ti_stenowarm"	"nt_ti_eury"	"nt_ti_cowa"	"nt_ti_na"	"nt_ti_stenocold_cold"	"nt_ti_stenocold_cold_cool"	"nt_ti_cowa_warm_stenowarm"	"nt_ti_warm_stenowarm"	"pi_ti_stenocold"	"pi_ti_cold"	"pi_ti_cool"	"pi_ti_warm"	"pi_ti_stenowarm"	"pi_ti_eury"	"pi_ti_cowa"	"pi_ti_na"	"pi_ti_stenocold_cold"	"pi_ti_stenocold_cold_cool"	"pi_ti_cowa_warm_stenowarm"	"pi_ti_warm_stenowarm"	"pt_ti_stenocold"	"pt_ti_cold"	"pt_ti_cool"	"pt_ti_warm"	"pt_ti_stenowarm"	"pt_ti_eury"	"pt_ti_cowa"	"pt_ti_na"	"pt_ti_stenocold_cold"	"pt_ti_stenocold_cold_cool"	"pt_ti_cowa_warm_stenowarm"	"pt_ti_warm_stenowarm"	"ri_ti_sccc_wsw"	"nt_tv_intol"	"nt_tv_intol2"	"nt_tv_intol4"	"nt_tv_toler"	"nt_tv_toler6"	"nt_tv_toler8"	"pi_tv_intol"	"pi_tv_intol4"	"pi_tv_toler"	"pi_tv_toler6"	"pi_tv_toler8"	"pt_tv_intol"	"pt_tv_intol4"	"pt_tv_toler"	"pt_tv_toler6"	"pt_tv_toler8"	"nt_tv_intol4_EPT"	"nt_tv_ntol"	"nt_tv_stol"	"pi_tv_ntol"	"pi_tv_stol"	"pt_tv_ntol"	"pt_tv_stol"	"pi_tv2_intol"	"pi_tv2_toler_ISA_SalHi_xFL"	"pi_tv2_intol_ISA_SalHi_xFL"	"pt_tv2_intol_ISA_SalHi_xFL"	"nt_ffg_col"	"nt_ffg_filt"	"nt_ffg_pred"	"nt_ffg_scrap"	"nt_ffg_shred"	"nt_ffg_mah"	"nt_ffg_omn"	"nt_ffg_par"	"nt_ffg_pih"	"nt_ffg_xyl"	"nt_ffg_pred_scrap_shred"	"nt_ffg_pred_NoChi"	"pi_ffg_col"	"pi_ffg_filt"	"pi_ffg_pred"	"pi_ffg_scrap"	"pi_ffg_shred"	"pi_ffg_mah"	"pi_ffg_omn"	"pi_ffg_par"	"pi_ffg_pih"	"pi_ffg_xyl"	"pi_ffg_col_filt"	"pt_ffg_col"	"pt_ffg_filt"	"pt_ffg_pred"	"pt_ffg_scrap"	"pt_ffg_shred"	"pt_ffg_mah"	"pt_ffg_omn"	"pt_ffg_par"	"pt_ffg_pih"	"pt_ffg_xyl"	"nt_ffg2_intface"	"nt_ffg2_subsurf"	"pi_ffg2_scavburr"	"nt_habit_burrow"	"nt_habit_climb"	"nt_habit_climbcling"	"nt_habit_cling"	"nt_habit_skate"	"nt_habit_sprawl"	"nt_habit_swim"	"pi_habit_burrow"	"pi_habit_climb"	"pi_habit_climbcling"	"pi_habit_cling"	"pi_habit_skate"	"pi_habit_sprawl"	"pi_habit_swim"	"pt_habit_burrow"	"pt_habit_climb"	"pt_habit_climbcling"	"pt_habit_cling"	"pt_habit_skate"	"pt_habit_sprawl"	"pt_habit_swim"	"pi_habit_cling_PlecoNoCling"	"nt_volt_multi"	"nt_volt_semi"	"nt_volt_uni"	"pi_volt_multi"	"pi_volt_semi"	"pi_volt_uni"	"pt_volt_multi"	"pt_volt_semi"	"pt_volt_uni"	"pi_dom01"	"pi_dom02"	"pi_dom03"	"pi_dom04"	"pi_dom05"	"pi_dom06"	"pi_dom07"	"pi_dom08"	"pi_dom09"	"pi_dom10"	"x_Becks"	"x_Becks3"	"x_HBI"	"x_HBI2"	"x_NCBI"	"x_BCICTQa"	"x_Shan_e"	"x_Shan_2"	"x_Shan_10"	"x_D"	"x_D_G"	"x_D_Mg"	"x_Evenness"	"nt_habitat_brac"	"nt_habitat_depo"	"nt_habitat_gene"	"nt_habitat_head"	"nt_habitat_lent"	"nt_habitat_loti"	"nt_habitat_rheo"	"nt_habitat_rive"	"nt_habitat_spec"	"nt_habitat_terr"	"nt_habitat_unkn"	"pi_habitat_brac"	"pi_habitat_depo"	"pi_habitat_gene"	"pi_habitat_head"	"pi_habitat_lent"	"pi_habitat_loti"	"pi_habitat_rheo"	"pi_habitat_rive"	"pi_habitat_spec"	"pi_habitat_terr"	"pi_habitat_unkn"	"pt_habitat_brac"	"pt_habitat_depo"	"pt_habitat_gene"	"pt_habitat_head"	"pt_habitat_lent"	"pt_habitat_loti"	"pt_habitat_rheo"	"pt_habitat_rive"	"pt_habitat_spec"	"pt_habitat_terr"	"pt_habitat_unkn"	"nt_BCG_att1"	"nt_BCG_att1i"	"nt_BCG_att1m"	"nt_BCG_att12"	"nt_BCG_att1234"	"nt_BCG_att1i2"	"nt_BCG_att123"	"nt_BCG_att1i23"	"nt_BCG_att1i236i"	"nt_BCG_att2"	"nt_BCG_att23"	"nt_BCG_att234"	"nt_BCG_att3"	"nt_BCG_att4"	"nt_BCG_att45"	"nt_BCG_att456"	"nt_BCG_att5"	"nt_BCG_att56"	"nt_BCG_att56t"	"nt_BCG_att6"	"nt_BCG_att6i"	"nt_BCG_att6m"	"nt_BCG_att6t"	"nt_BCG_attNA"	"nt_BCG_att4b"	"nt_BCG_att4m"	"nt_BCG_att4w"	"nt_BCG_att1i234b"	"nt_BCG_att4w5"	"nt_Chiro_BCG_att45"	"nt_Ephem_BCG_att1i2"	"nt_EPT_BCG_att123"	"nt_EPT_BCG_att1i23"	"nt_Pleco_BCG_att1i2"	"nt_Trich_BCG_att1i2"	"nt_Coleo_BCG_att234b4m"	"nt_Ephem_BCG_att234b4m"	"nt_Odon_BCG_att234b4m"	"nt_Trich_BCG_att234b4m"	"pi_BCG_att1"	"pi_BCG_att1i"	"pi_BCG_att1m"	"pi_BCG_att12"	"pi_BCG_att1i2"	"pi_BCG_att123"	"pi_BCG_att1i23"	"pi_BCG_att1i236i"	"pi_BCG_att2"	"pi_BCG_att23"	"pi_BCG_att234"	"pi_BCG_att3"	"pi_BCG_att4"	"pi_BCG_att45"	"pi_BCG_att456"	"pi_BCG_att5"	"pi_BCG_att5extra"	"pi_BCG_att56"	"pi_BCG_att56t"	"pi_BCG_att6"	"pi_BCG_att6i"	"pi_BCG_att6m"	"pi_BCG_att6t"	"pi_BCG_attNA"	"pi_BCG_att4b"	"pi_BCG_att4m"	"pi_BCG_att4w"	"pi_BCG_att1i234b"	"pi_BCG_att4w5"	"pi_Chiro_BCG_att45"	"pi_EPT_BCG_att123"	"pi_EPT_BCG_att1i23"	"pt_BCG_att1"	"pt_BCG_att1i"	"pt_BCG_att1m"	"pt_BCG_att12"	"pt_BCG_att1234"	"pt_BCG_att1i2"	"pt_BCG_att123"	"pt_BCG_att1i23"	"pt_BCG_att1i236i"	"pt_BCG_att2"	"pt_BCG_att23"	"pt_BCG_att234"	"pt_BCG_att3"	"pt_BCG_att4"	"pt_BCG_att45"	"pt_BCG_att456"	"pt_BCG_att5"	"pt_BCG_att56"	"pt_BCG_att56t"	"pt_BCG_att6"	"pt_BCG_att6i"	"pt_BCG_att6m"	"pt_BCG_att6t"	"pt_BCG_attNA"	"pt_BCG_att4b"	"pt_BCG_att4m"	"pt_BCG_att4w"	"pt_BCG_att1i234b"	"pt_BCG_att4w5"	"pt_Chiro_BCG_att45"	"pt_EPT_BCG_att123"	"pt_EPT_BCG_att1i23"	"pi_dom01_BCG_att4"	"pi_dom01_BCG_att5"	"x_UFC"	"nt_elev_low"	"nt_elev_high"	"nt_grad_low"	"nt_grad_mod"	"nt_grad_high"	"nt_wsarea_small"	"nt_wsarea_medium"	"nt_wsarea_large"	"nt_wsarea_xlarge"	"nt_habstruct_coarsesub"	"nt_habstruct_noflow"	"nt_habstruct_rootmat"	"nt_habstruct_snag"	"nt_habstruct_NA"	"pi_habstruct_coarsesub"	"pi_habstruct_noflow"	"pi_habstruct_rootmat"	"pi_habstruct_snag"	"pi_habstruct_NA"	"pt_habstruct_coarsesub"	"pt_habstruct_noflow"	"pt_habstruct_rootmat"	"pt_habstruct_snag"	"pt_habstruct_NA"	"nval_habstruct"	"nord_COET"	"nord_ET"	"nfam_Coleo"	"nfam_Ephem"	"nfam_Odon"	"nfam_Trich"	"ngen_Coleo"	"ngen_Ephem"	"ngen_Odon"	"ngen_Trich"	"ngen_Elmid"	"nt_NonInsArachDeca_BCG_att456"	"pi_NonInsArachDeca_BCG_att456"	"pt_NonInsArachDeca_BCG_att456"	"nt_NonInsArachDecaJugaRiss_BCG_att456"	"pi_NonInsArachDecaJugaRiss_BCG_att456"	"pt_NonInsArachDecaJugaRiss_BCG_att456"	"nt_NonInsTrombJuga_BCG_att456"	"pi_NonInsTrombJuga_BCG_att456"	"pt_NonInsTrombJuga_BCG_att456"	"nt_oneind"	"pt_oneind"	"nt_airbreath"	"pi_airbreath"	"pt_airbreath"	"ni_total_300"	"nt_Mol_Non_BCG_att6"	"pi_EphemNoBaeTri_RFadj"	"nt_volt_semi_RFadj"	"nt_COETNoBraBaeHydTri_RFadj"	"x_BCICTQa_RFadjB"	"nt_dni"	"pi_dni"	"pt_dni"
"21-B-001_2021-09-29_1_First"	"BCG_CT_2015"	"bug01"	201	201	5.30330490805908	9	82	72	53	0	0	0	0	46	0	0	8	24	17	0	0	13	24	6	4	2	17	16	0	0	1	38	0	0	0	0	8	0	16	2	1	1	17	15	1	16	0	1	2	10	6	2	0	NA	NA	0	0	2.98507462686567	0	0	0	32.8358208955224	5.97014925373134	16.4179104477612	51.7412935323383	0	0	0	0	0	0	40.7960199004975	47.7611940298507	51.7412935323383	8.95522388059701	8.95522388059701	5.97014925373134	5.97014925373134	35.8208955223881	14.9253731343284	35.8208955223881	17.910447761194	35.3233830845771	0	0	17.910447761194	50	67.9245283018868	93.0348258706468	0	0	0	0	0	0	0	6.96517412935323	0	35.3233830845771	1.49253731343284	23.8805970149254	1.49253731343284	0.497512437810945	35.8208955223881	0	0	26.3681592039801	8.45771144278607	1.49253731343284	0	0	0	17.3913043478261	52.1739130434783	0	28.2608695652174	52.1739130434783	13.0434782608696	36.9565217391304	34.7826086956522	0	0	82.6086956521739	0	0	17.3913043478261	0	34.7826086956522	4.34782608695652	2.17391304347826	36.9565217391304	21.7391304347826	13.0434782608696	4.34782608695652	8	4.47761194029851	17.3913043478261	3.48258706467662	0.497512437810945	0.497512437810945	10.9756097560976	33.3333333333333	22.2222222222222	77.7777777777778	11.1111111111111	8.45771144278607	39.8009950248756	5	5.4726368159204	10.8695652173913	5	5.4726368159204	10.8695652173913	34.8258706467662	34.8258706467662	37.8109452736318	16.4179104477612	0	0	0	0	0	0	0	0	0	0	0	0	46	0	0	0	0	0	0	0	0	0	0	0	100	0	0	0	0	0	0	0	0	0	0	0	100	0	0	0	0	0	19	13	19	8	14	6	29.3532338308458	29.3532338308458	6.96517412935323	6.96517412935323	5.4726368159204	41.304347826087	41.304347826087	17.3913043478261	30.4347826086957	13.0434782608696	16	32	6	82.089552238806	5.4726368159204	69.5652173913043	13.0434782608696	0	NA	NA	NA	0	0	7	8	5	0	0	0	0	0	20	6	0	0	4.97512437810945	19.4029850746269	2.98507462686567	0	0	0	0	0	0	0	0	15.2173913043478	17.3913043478261	10.8695652173913	0	0	0	0	0	NA	NA	NA	0	0	0	0	0	0	0	0	0	0	0	0	0	0	0	0	0	0	0	0	0	0.497512437810945	0	0	0	0	0	0	0	0	0	31.3432835820896	39.8009950248756	46.7661691542289	51.7412935323383	56.2189054726368	59.7014925373134	62.6865671641791	65.6716417910448	68.1592039800995	70.1492537313433	36	27	4.14427860696517	0	0	0	3.01035555138681	4.34302502529832	1.30738080453411	0.881215811489815	8.67383655993396	8.48527489558757	0.786272528460707	0	0	0	0	0	0	0	0	0	0	0	0	0	0	0	0	0	0	0	0	0	0	0	0	0	0	0	0	0	0	0	0	0	0	0	0	1	35	1	14	14	14	1	14	35	13	21	26	26	5	5	5	0	0	0	0	5	0	0	0	14	5	7	1	9	9	0	0	4	3	0	5	0	0	0	0.497512437810945	0.497512437810945	20.8955223880597	20.8955223880597	20.8955223880597	0.497512437810945	20.8955223880597	45.273631840796	20.3980099502488	24.3781094527363	74.1293532338308	74.1293532338308	49.7512437810945	50.7462686567164	49.7512437810945	49.7512437810945	0	0	0	0	3.98009950248756	0	0	0	20.8955223880597	49.7512437810945	3.48258706467662	10.4477611940299	10.4477611940299	0	0	0	2.17391304347826	76.0869565217391	2.17391304347826	30.4347826086957	30.4347826086957	30.4347826086957	2.17391304347826	30.4347826086957	76.0869565217391	28.2608695652174	45.6521739130435	56.5217391304348	56.5217391304348	10.8695652173913	10.8695652173913	10.8695652173913	0	0	0	0	10.8695652173913	0	0	0	30.4347826086957	10.8695652173913	15.2173913043478	19.5652173913043	19.5652173913043	4.97512437810945	32.8358208955224	0	0	0	0	0	0	0	0	0	0	0	0	0	0	46	0	0	0	0	100	0	0	0	0	100	0	3	2	2	4	0	5	5	4	0	8	4	3	3.98009950248756	6.52173913043478	3	3.98009950248756	6.52173913043478	3	3.98009950248756	6.52173913043478	24	52.1739130434783	0	0	0	67	0	0	0	0	0	0	0	0
"21-B-004_2021-09-30_1_First"	"BCG_CT_2015"	"bug01"	319	319	5.76519110278484	129	144	83	71	0	0	0	0	59	0	1	4	22	19	2	0	24	20	1	1	0	19	16	1	0	1	50	0	1	2	0	9	2	18	3	1	3	21	21	0	21	0	1	2	15	12	0	0	NA	NA	0	0	0	0.940438871473354	0	0	0.313479623824451	48.9028213166144	11.5987460815047	35.1097178683386	0	0.313479623824451	0	0	1.25391849529781	0	45.141065830721	59.8746081504702	34.1692789968652	0.313479623824451	0.313479623824451	0.313479623824451	0.313479623824451	26.0188087774295	22.257053291536	26.0188087774295	22.257053291536	22.5705329153605	0.313479623824451	0	3.76175548589342	14.4578313253012	16.9014084507042	85.2664576802508	0	0.313479623824451	0	0	1.56739811912226	1.25391849529781	0	14.7335423197492	0.940438871473354	23.5109717868339	8.46394984326019	52.6645768025078	8.46394984326019	3.44827586206897	26.9592476489028	0	0	22.257053291536	18.4952978056426	0	0	0	1.69491525423729	6.77966101694915	37.2881355932203	0	40.6779661016949	33.8983050847458	1.69491525423729	32.2033898305085	27.1186440677966	1.69491525423729	0	84.7457627118644	0	1.69491525423729	15.2542372881356	3.38983050847458	30.5084745762712	5.08474576271186	5.08474576271186	35.5932203389831	25.4237288135593	20.3389830508475	0	20	40.4388714733542	33.8983050847458	20.0626959247649	13.7931034482759	4.07523510971787	89.5833333333333	2.32558139534884	0	49.6124031007752	10.077519379845	47.3354231974922	18.8087774294671	4	5.95611285266458	6.77966101694915	4	5.95611285266458	6.77966101694915	0.313479623824451	0.313479623824451	0.313479623824451	11.5987460815047	0	0	0	0	0	0	0	0	0	0	0	0	59	0	0	0	0	0	0	0	0	0	0	0	100	0	0	0	0	0	0	0	0	0	0	0	100	0	0	0	0	0	20	14	20	14	26	10	31.0344827586207	31.0344827586207	20.0626959247649	20.0626959247649	12.8526645768025	33.8983050847458	33.8983050847458	23.728813559322	44.0677966101695	16.9491525423729	15	29	10	53.6050156739812	12.8526645768025	49.1525423728814	16.9491525423729	0	NA	NA	NA	0	0	11	8	8	0	0	0	0	0	27	8	0	0	16.3009404388715	16.3009404388715	5.32915360501567	0	0	0	0	0	0	0	0	18.6440677966102	13.5593220338983	13.5593220338983	0	0	0	0	0	NA	NA	NA	0	0	0	0	0	0	0	0	0	0	0	0	0	0	0	0	0	0	0	0	0	3.44827586206897	0	0	0	0	0	0	0	0	0	9.40438871473354	18.8087774294671	26.3322884012539	32.9153605015674	37.3040752351097	41.0658307210031	44.8275862068966	48.2758620689655	51.7241379310345	54.858934169279	32	27	1.05647840531561	0	0	0	3.58793658767129	5.17629832205744	1.55822106144442	0.959227995007911	10.2338324867497	10.0603776988387	0.879927318149785	0	0	0	0	0	0	0	0	0	0	0	0	0	0	0	0	0	0	0	0	0	0	0	0	0	0	0	0	0	0	0	0	0	0	0	0	4	45	4	22	22	22	4	22	45	18	23	26	26	3	3	3	0	0	0	0	11	0	0	0	22	3	11	0	12	12	1	2	1	0	1	9	0	0	0	6.58307210031348	6.58307210031348	37.6175548589342	37.6175548589342	37.6175548589342	6.58307210031348	37.6175548589342	84.9529780564263	31.0344827586207	47.3354231974922	48.2758620689655	48.2758620689655	0.940438871473354	0.940438871473354	0.940438871473354	0.940438871473354	0	0	0	0	14.1065830721003	0	0	0	37.6175548589342	0.940438871473354	30.4075235109718	23.5109717868339	23.5109717868339	0	0	0	6.77966101694915	76.271186440678	6.77966101694915	37.2881355932203	37.2881355932203	37.2881355932203	6.77966101694915	37.2881355932203	76.271186440678	30.5084745762712	38.9830508474576	44.0677966101695	44.0677966101695	5.08474576271186	5.08474576271186	5.08474576271186	0	0	0	0	18.6440677966102	0	0	0	37.2881355932203	5.08474576271186	18.6440677966102	20.3389830508475	20.3389830508475	9.40438871473354	0.313479623824451	0	0	0	0	0	0	0	0	0	0	0	0	0	0	59	0	0	0	0	100	0	0	0	0	100	0	4	2	1	1	2	11	3	1	2	11	3	4	5.95611285266458	6.77966101694915	4	5.95611285266458	6.77966101694915	4	5.95611285266458	6.77966101694915	23	38.9830508474576	0	0	0	106.333333333333	2	0	0	0	0	0	0	0
"21-B-005_2021-09-30_1_First"	"BCG_CT_2015"	"bug01"	287	287	5.65948221575962	49	51	120	109	0	0	0	0	40	0	0	7	23	17	1	0	11	22	3	2	1	16	15	1	0	1	35	0	0	1	0	5	1	16	0	1	1	17	16	1	17	0	0	0	12	7	2	0	NA	NA	0	0	0.696864111498258	0	0	4.52961672473868	5.22648083623693	17.0731707317073	33.7979094076655	75.2613240418118	0	0	0	0	0.348432055749129	0	17.7700348432056	23.6933797909408	74.5644599303136	2.78745644599303	2.78745644599303	2.09059233449477	2.09059233449477	41.8118466898955	23.6933797909408	41.8118466898955	24.390243902439	40.7665505226481	0.348432055749129	0	17.4216027874564	41.6666666666667	45.8715596330275	94.0766550522648	0	0.348432055749129	0	0	0	0.348432055749129	0	5.92334494773519	0.696864111498258	41.4634146341463	0	34.4947735191638	0	1.04529616724739	42.5087108013937	0	0	37.9790940766551	20.5574912891986	0.696864111498258	0	0	0	17.5	57.5	0	27.5	55	7.5	40	37.5	2.5	0	87.5	0	0	12.5	2.5	40	0	2.5	42.5	30	17.5	5	10	17.0731707317073	25	2.09059233449477	12.1951219512195	0	96.078431372549	0	0	12.2448979591837	0	17.0731707317073	27.1777003484321	4	5.57491289198606	10	4	5.57491289198606	10	0.696864111498258	0.696864111498258	0.696864111498258	33.7979094076655	0	0	0	0	0	0	0	0	0	0	0	0	40	0	0	0	0	0	0	0	0	0	0	0	100	0	0	0	0	0	0	0	0	0	0	0	100	0	0	0	0	0	11	7	11	2	10	1	14.9825783972125	14.9825783972125	5.22648083623693	5.22648083623693	4.52961672473868	27.5	27.5	5	25	2.5	14	29	1	75.9581881533101	4.52961672473868	72.5	2.5	0	NA	NA	NA	0	0	6	12	3	0	0	0	0	0	21	6	0	0	7.31707317073171	40.7665505226481	3.13588850174216	0	0	0	0	0	0	0	0	15	30	7.5	0	0	0	0	0	NA	NA	NA	0	0	0	0	0	0	0	0	0	0	0	0	0	0	0	0	0	0	0	0	0	1.04529616724739	0	0	0	0	0	0	0	0	0	14.6341463414634	27.1777003484321	36.5853658536585	44.9477351916376	51.219512195122	56.4459930313589	60.9756097560976	65.5052264808362	70.0348432055749	74.2160278745645	28	14	4.44755244755245	0	0	0	3.08837578267427	4.45558442606575	1.34126456045907	0.931588340273647	7.06778437939329	6.89108976990846	0.837212443803236	0	0	0	0	0	0	0	0	0	0	0	0	0	0	0	0	0	0	0	0	0	0	0	0	0	0	0	0	0	0	0	0	0	0	0	0	1	32	1	9	9	9	1	9	32	8	23	29	29	6	6	6	0	0	0	0	2	0	0	0	9	6	8	0	4	4	0	1	3	0	1	3	0	0	0	0.348432055749129	0.348432055749129	19.1637630662021	19.1637630662021	19.1637630662021	0.348432055749129	19.1637630662021	81.184668989547	18.815331010453	62.0209059233449	80.1393728222996	80.1393728222996	18.1184668989547	18.1184668989547	18.1184668989547	18.1184668989547	0	0	0	0	0.696864111498258	0	0	0	19.1637630662021	18.1184668989547	16.0278745644599	5.92334494773519	5.92334494773519	0	0	0	2.5	80	2.5	22.5	22.5	22.5	2.5	22.5	80	20	57.5	72.5	72.5	15	15	15	0	0	0	0	5	0	0	0	22.5	15	20	10	10	14.6341463414634	5.22648083623693	0	0	0	0	0	0	0	0	0	0	0	0	0	0	40	0	0	0	0	100	0	0	0	0	100	0	4	2	2	3	1	7	5	3	0	8	3	2	4.8780487804878	5	2	4.8780487804878	5	2	4.8780487804878	5	18	45	0	0	0	95.6666666666667	1	0	0	0	0	0	0	0
"21-B-006_2021-09-30_2_First"	"BCG_CT_2015"	"bug01"	251	251	5.52545293913178	22	22	136	127	0	0	0	0	39	0	0	8	25	18	0	0	8	23	1	1	0	16	15	0	0	1	35	0	1	0	0	4	2	17	0	1	1	18	18	0	18	0	1	0	14	7	3	0	NA	NA	0	0	0	0	0	5.1792828685259	5.1792828685259	8.76494023904382	33.8645418326693	86.8525896414343	0	0	0	0	0	0	8.76494023904382	10.7569721115538	86.0557768924303	1.59362549800797	1.59362549800797	1.59362549800797	1.59362549800797	54.1832669322709	31.0756972111554	54.1832669322709	31.0756972111554	52.191235059761	0	0	23.1075697211155	42.6470588235294	45.6692913385827	98.00796812749	0	0	0	0	0.398406374501992	0	0	1.99203187250996	0.796812749003984	52.9880478087649	0	31.8725099601594	0	1.99203187250996	54.9800796812749	0	0	50.597609561753	27.4900398406375	1.19521912350598	0	0	0	20.5128205128205	64.1025641025641	0	20.5128205128205	58.974358974359	2.56410256410256	41.025641025641	38.4615384615385	0	0	89.7435897435897	0	2.56410256410256	10.2564102564103	5.12820512820513	43.5897435897436	0	2.56410256410256	46.1538461538462	35.8974358974359	17.9487179487179	7.69230769230769	8	8.76494023904382	20.5128205128205	1.99203187250996	5.57768924302789	0	100	0	0	22.7272727272727	0	8.76494023904382	21.9123505976096	4	1.99203187250996	10.2564102564103	4	1.99203187250996	10.2564102564103	0	0	0	33.8645418326693	0	0	0	0	0	0	0	0	0	0	0	0	39	0	0	0	0	0	0	0	0	0	0	0	100	0	0	0	0	0	0	0	0	0	0	0	100	0	0	0	0	0	12	9	12	4	9	3	27.8884462151394	27.8884462151394	3.18725099601594	3.18725099601594	2.39043824701195	30.7692307692308	30.7692307692308	10.2564102564103	23.0769230769231	7.69230769230769	13	30	3	80.4780876494024	2.39043824701195	76.9230769230769	7.69230769230769	0	NA	NA	NA	0	0	10	9	3	0	0	0	0	0	22	10	0	0	6.77290836653386	46.6135458167331	3.98406374501992	0	0	0	0	0	0	0	0	25.6410256410256	23.0769230769231	7.69230769230769	0	0	0	0	0	NA	NA	NA	0	0	0	0	0	0	0	0	0	0	0	0	0	0	0	0	0	0	0	0	0	1.99203187250996	0	0	0	0	0	0	0	0	0	13.1474103585657	25.0996015936255	35.0597609561753	45.0199203187251	53.7848605577689	58.9641434262948	64.1434262948207	69.3227091633466	74.1035856573705	77.2908366533864	33	22	4.14342629482072	0	0	0	3.02357457006377	4.36209603798899	1.31312175140169	0.92922334566118	7.05824489496568	6.87726425663322	0.82531013863463	0	0	0	0	0	0	0	0	0	0	0	0	0	0	0	0	0	0	0	0	0	0	0	0	0	0	0	0	0	0	0	0	0	0	0	0	1	31	1	12	12	12	1	12	31	11	19	25	25	6	6	6	0	0	0	0	2	0	0	0	12	6	5	0	5	5	0	1	3	0	2	4	0	0	0	1.99203187250996	1.99203187250996	29.0836653386454	29.0836653386454	29.0836653386454	1.99203187250996	29.0836653386454	76.0956175298805	27.0916334661355	47.0119521912351	69.7211155378486	69.7211155378486	22.7091633466135	22.7091633466135	22.7091633466135	22.7091633466135	0	0	0	0	1.19521912350598	0	0	0	29.0836653386454	22.7091633466135	6.77290836653386	17.9282868525896	17.9282868525896	0	0	0	2.56410256410256	79.4871794871795	2.56410256410256	30.7692307692308	30.7692307692308	30.7692307692308	2.56410256410256	30.7692307692308	79.4871794871795	28.2051282051282	48.7179487179487	64.1025641025641	64.1025641025641	15.3846153846154	15.3846153846154	15.3846153846154	0	0	0	0	5.12820512820513	0	0	0	30.7692307692308	15.3846153846154	12.8205128205128	12.8205128205128	12.8205128205128	11.9521912350598	9.9601593625498	0	0	0	0	0	0	0	0	0	0	0	0	0	0	39	0	0	0	0	100	0	0	0	0	100	0	4	2	2	1	1	7	6	1	1	10	4	1	0.796812749003984	2.56410256410256	1	0.796812749003984	2.56410256410256	1	0.796812749003984	2.56410256410256	18	46.1538461538462	0	0	0	83.6666666666667	0	0	0	0	0	0	0	0
"21-B-007_2021-09-30_1_First"	"BCG_CT_2015"	"bug01"	259	258	5.55682806169954	35	51	129	96	0	0	0	0	60	0	1	6	24	20	3	1	21	23	3	3	1	18	17	2	0	2	48	0	2	3	0	12	1	18	1	0	1	19	19	0	19	0	2	3	14	10	4	0	NA	NA	0	0	0	2.7027027027027	0	2.7027027027027	6.56370656370656	13.8996138996139	15.8301158301158	65.6370656370656	0	0	0	0	3.86100386100386	0.386100386100386	19.6911196911197	32.8185328185328	65.2509652509653	12.3552123552124	12.3552123552124	12.3552123552124	12.3552123552124	49.8069498069498	27.7992277992278	49.8069498069498	27.7992277992278	49.4208494208494	1.15830115830116	0	22.007722007722	44.1860465116279	59.375	86.8725868725869	0	1.15830115830116	0	0	1.15830115830116	3.86100386100386	0	13.1274131274131	0.386100386100386	49.8069498069498	0.386100386100386	35.9073359073359	0.386100386100386	0.386100386100386	50.1930501930502	0	0	37.0656370656371	15.0579150579151	1.93050193050193	0	0	1.66666666666667	10	40	1.66666666666667	35	38.3333333333333	5	30	28.3333333333333	3.33333333333333	0	80	0	3.33333333333333	20	1.66666666666667	30	1.66666666666667	1.66666666666667	31.6666666666667	23.3333333333333	16.6666666666667	6.66666666666667	15	13.5135135135135	25	8.88030888030888	2.31660231660232	0.386100386100386	68.6274509803922	8.57142857142857	2.85714285714286	65.7142857142857	2.85714285714286	20.4633204633205	25.0965250965251	8	6.94980694980695	13.3333333333333	8	6.94980694980695	13.3333333333333	3.86100386100386	3.86100386100386	3.86100386100386	15.8301158301158	0	0	0	0	0	0	0	0	0	0	0	0	60	0	0	0	0	0	0	0	0	0	0	0	100	0	0	0	0	0	0	0	0	0	0	0	100	0	0	0	0	0	17	10	17	12	21	8	40.1544401544402	40.1544401544402	14.2857142857143	14.2857142857143	11.5830115830116	28.3333333333333	28.3333333333333	20	35	13.3333333333333	15	36	8	74.1312741312741	11.5830115830116	60	13.3333333333333	0	NA	NA	NA	0	0	14	11	7	0	0	0	0	0	32	12	0	0	8.10810810810811	27.4131274131274	10.8108108108108	0	0	0	0	0	0	0	0	23.3333333333333	18.3333333333333	11.6666666666667	0	0	0	0	0	NA	NA	NA	0	0	0	0	0	0	0	0	0	0	0	0	0	0	0	0	0	0	0	0	0	0.386100386100386	0	0	0	0	0	0	0	0	0	14.2857142857143	25.0965250965251	30.1158301158301	34.7490347490347	39.3822393822394	43.6293436293436	47.4903474903475	51.3513513513514	54.8262548262548	57.9150579150579	36	22	4.18897637795276	0	0	0	3.52909017780908	5.09140089837512	1.53266439036145	0.949508802790656	10.797526814542	10.6175680342996	0.86194264409778	0	0	0	0	0	0	0	0	0	0	0	0	0	0	0	0	0	0	0	0	0	0	0	0	0	0	0	0	0	0	0	0	0	0	0	0	1	45	1	20	20	20	1	20	45	19	25	31	31	6	6	6	0	0	0	0	8	0	0	0	20	6	9	0	7	7	1	0	5	0	1	6	0	0	0	0.386100386100386	0.386100386100386	33.976833976834	33.976833976834	33.976833976834	0.386100386100386	33.976833976834	65.6370656370656	33.5907335907336	31.6602316602317	57.5289575289575	57.5289575289575	25.8687258687259	26.2548262548263	25.8687258687259	25.8687258687259	0	0	0	0	8.10810810810811	0	0	0	33.976833976834	25.8687258687259	8.88030888030888	13.1274131274131	13.1274131274131	0	0	0	1.66666666666667	75	1.66666666666667	33.3333333333333	33.3333333333333	33.3333333333333	1.66666666666667	33.3333333333333	75	31.6666666666667	41.6666666666667	51.6666666666667	51.6666666666667	10	10	10	0	0	0	0	13.3333333333333	0	0	0	33.3333333333333	10	15	11.6666666666667	11.6666666666667	10.8108108108108	14.2857142857143	0	0	0	0	0	0	0	0	0	0	0	0	0	0	60	0	0	0	0	100	0	0	0	0	100	0	4	2	3	2	1	9	5	2	1	11	3	4	5.01930501930502	6.66666666666667	4	5.01930501930502	6.66666666666667	4	5.01930501930502	6.66666666666667	25	41.6666666666667	0	0	0	86.3333333333333	3	0	0	0	0	0	0	0
"21-B-007_2021-09-30_1_Second"	"BCG_CT_2015"	"bug01"	208	208	5.33753807970132	29	42	97	69	0	0	0	0	52	0	1	7	28	23	3	0	14	27	4	4	2	21	20	2	0	1	45	0	2	3	0	7	1	21	0	0	1	22	22	0	22	0	2	0	16	11	1	0	NA	NA	0	0	0	2.88461538461538	0	0.961538461538462	5.76923076923077	13.9423076923077	16.8269230769231	62.9807692307692	0	0	0	0	4.32692307692308	0	20.1923076923077	34.1346153846154	62.5	12.5	12.5	12.5	12.5	46.6346153846154	29.8076923076923	46.6346153846154	29.8076923076923	45.6730769230769	1.44230769230769	0	16.8269230769231	36.0824742268041	50.7246376811594	86.0576923076923	0	1.44230769230769	0	0	1.92307692307692	4.32692307692308	0	13.9423076923077	0.480769230769231	46.1538461538462	0	30.7692307692308	0	0.961538461538462	47.1153846153846	0	0	33.1730769230769	16.3461538461538	0.480769230769231	0	0	1.92307692307692	13.4615384615385	53.8461538461538	0	26.9230769230769	51.9230769230769	7.69230769230769	40.3846153846154	38.4615384615385	3.84615384615385	0	86.5384615384615	0	3.84615384615385	13.4615384615385	1.92307692307692	40.3846153846154	0	1.92307692307692	42.3076923076923	30.7692307692308	21.1538461538462	1.92307692307692	11	13.9423076923077	21.1538461538462	10.0961538461538	2.40384615384615	0.480769230769231	69.0476190476191	3.44827586206897	0	72.4137931034483	3.44827586206897	21.1538461538462	20.6730769230769	6	9.61538461538461	11.5384615384615	6	9.61538461538461	11.5384615384615	4.80769230769231	4.80769230769231	4.80769230769231	16.8269230769231	0	0	0	0	0	0	0	0	0	0	0	0	52	0	0	0	0	0	0	0	0	0	0	0	100	0	0	0	0	0	0	0	0	0	0	0	100	0	0	0	0	0	16	10	16	9	19	6	32.6923076923077	32.6923076923077	17.3076923076923	17.3076923076923	13.9423076923077	30.7692307692308	30.7692307692308	17.3076923076923	36.5384615384615	11.5384615384615	16	31	6	72.5961538461538	13.9423076923077	59.6153846153846	11.5384615384615	0	NA	NA	NA	0	0	12	10	4	0	0	0	0	0	26	11	0	0	10.0961538461538	25.9615384615385	9.13461538461539	0	0	0	0	0	0	0	0	23.0769230769231	19.2307692307692	7.69230769230769	0	0	0	0	0	NA	NA	NA	0	0	0	0	0	0	0	0	0	0	0	0	0	0	0	0	0	0	0	0	0	0.961538461538462	0	0	0	0	0	0	0	0	0	11.0576923076923	20.6730769230769	25.4807692307692	30.2884615384615	34.6153846153846	38.9423076923077	42.7884615384615	46.1538461538462	49.0384615384615	51.9230769230769	30	22	4.45145631067961	0	0	0	3.58111520858788	5.16645715228178	1.55525857414953	0.959088387573965	9.74231925346936	9.55496696013341	0.906326074432476	0	0	0	0	0	0	0	0	0	0	0	0	0	0	0	0	0	0	0	0	0	0	0	0	0	0	0	0	0	0	0	0	0	0	0	0	2	41	2	18	18	18	2	18	41	16	23	28	28	5	5	5	0	0	0	0	6	0	0	0	18	5	8	1	9	9	1	0	5	1	0	7	0	0	0	2.40384615384615	2.40384615384615	29.8076923076923	29.8076923076923	29.8076923076923	2.40384615384615	29.8076923076923	70.6730769230769	27.4038461538462	40.8653846153846	61.5384615384615	61.5384615384615	20.6730769230769	20.6730769230769	20.6730769230769	20.6730769230769	0	0	0	0	8.65384615384615	0	0	0	29.8076923076923	20.6730769230769	10.5769230769231	11.0576923076923	11.0576923076923	0	0	0	3.84615384615385	78.8461538461538	3.84615384615385	34.6153846153846	34.6153846153846	34.6153846153846	3.84615384615385	34.6153846153846	78.8461538461538	30.7692307692308	44.2307692307692	53.8461538461538	53.8461538461538	9.61538461538461	9.61538461538461	9.61538461538461	0	0	0	0	11.5384615384615	0	0	0	34.6153846153846	9.61538461538461	15.3846153846154	17.3076923076923	17.3076923076923	9.61538461538461	11.0576923076923	0	0	0	0	0	0	0	0	0	0	0	0	0	0	52	0	0	0	0	100	0	0	0	0	100	0	4	2	3	3	1	9	5	2	1	10	3	5	9.13461538461539	9.61538461538461	5	9.13461538461539	9.61538461538461	5	9.13461538461539	9.61538461538461	21	40.3846153846154	0	0	0	69.3333333333333	3	0	0	0	0	0	0	0
"21-B-008_2021-09-30_1_First"	"BCG_CT_2015"	"bug01"	212	212	5.35658627467201	50	57	81	66	0	0	0	0	59	1	1	4	18	14	4	0	21	18	3	2	1	17	14	3	0	1	44	1	2	4	0	15	0	14	2	0	3	17	16	1	17	0	0	0	11	8	2	0	NA	NA	0.943396226415094	3.30188679245283	0.471698113207547	1.41509433962264	0	0.943396226415094	3.77358490566038	30.6603773584906	8.49056603773585	43.3962264150943	0	0	2.35849056603774	0	6.13207547169811	0	26.8867924528302	48.5849056603774	43.3962264150943	3.77358490566038	3.77358490566038	3.30188679245283	3.30188679245283	38.2075471698113	27.8301886792453	38.2075471698113	28.3018867924528	34.9056603773585	4.71698113207547	0	9.90566037735849	25.9259259259259	31.8181818181818	78.3018867924528	2.35849056603774	7.07547169811321	0	0	4.71698113207547	6.13207547169811	0	21.6981132075472	0	34.9056603773585	7.07547169811321	40.5660377358491	7.07547169811321	3.30188679245283	38.2075471698113	0	0	31.1320754716981	21.2264150943396	0.943396226415094	0	1.69491525423729	1.69491525423729	6.77966101694915	30.5084745762712	0	35.5932203389831	30.5084745762712	5.08474576271186	28.8135593220339	23.728813559322	5.08474576271186	0	74.5762711864407	1.69491525423729	3.38983050847458	25.4237288135593	0	23.728813559322	3.38983050847458	5.08474576271186	28.8135593220339	18.6440677966102	13.5593220338983	3.38983050847458	19	23.5849056603774	32.2033898305085	7.54716981132075	8.0188679245283	2.83018867924528	87.719298245614	4	2	32	12	33.0188679245283	10.8490566037736	11	16.5094339622642	18.6440677966102	11	16.5094339622642	18.6440677966102	1.88679245283019	1.88679245283019	1.88679245283019	8.49056603773585	0	0	0	0	0	0	0	0	0	0	0	0	59	0	0	0	0	0	0	0	0	0	0	0	100	0	0	0	0	0	0	0	0	0	0	0	100	0	0	0	0	0	12	9	12	12	24	9	28.3018867924528	28.3018867924528	19.811320754717	19.811320754717	14.622641509434	20.3389830508475	20.3389830508475	20.3389830508475	40.6779661016949	15.2542372881356	13	30	9	55.188679245283	14.622641509434	50.8474576271186	15.2542372881356	0	NA	NA	NA	0	0	9	10	8	0	0	0	0	0	27	8	0	0	12.2641509433962	13.6792452830189	14.1509433962264	0	0	0	0	0	0	0	0	15.2542372881356	16.9491525423729	13.5593220338983	0	0	0	0	0	NA	NA	NA	0	0	0	0	0	0	0	0	0	0	0	0	0	0	0	0	0	0	0	0	0	3.30188679245283	0	0	0	0	0	0	0	0	0	8.49056603773585	14.622641509434	20.2830188679245	25.4716981132075	30.6603773584906	34.9056603773585	39.1509433962264	42.9245283018868	46.6981132075472	50.4716981132075	28	17	4.615	0	0	0	3.78799594030479	5.46492295798525	1.64510573434629	0.968004627981488	11.0144776868385	10.8277916243497	0.928991086511375	0	0	0	0	0	0	0	0	0	0	0	0	0	0	0	0	0	0	0	0	0	0	0	0	0	0	0	0	0	0	0	0	0	0	0	0	1	46	1	10	10	10	1	10	46	9	36	41	41	5	5	5	0	0	0	0	7	0	0	0	10	5	16	0	5	5	1	0	2	0	0	3	0	0	0	1.41509433962264	1.41509433962264	30.6603773584906	30.6603773584906	30.6603773584906	1.41509433962264	30.6603773584906	79.7169811320755	29.2452830188679	49.0566037735849	62.2641509433962	62.2641509433962	13.2075471698113	13.6792452830189	13.2075471698113	13.2075471698113	0	0	0	0	6.60377358490566	0	0	0	30.6603773584906	13.2075471698113	21.2264150943396	17.9245283018868	17.9245283018868	0	0	0	1.69491525423729	77.9661016949153	1.69491525423729	16.9491525423729	16.9491525423729	16.9491525423729	1.69491525423729	16.9491525423729	77.9661016949153	15.2542372881356	61.0169491525424	69.4915254237288	69.4915254237288	8.47457627118644	8.47457627118644	8.47457627118644	0	0	0	0	11.864406779661	0	0	0	16.9491525423729	8.47457627118644	27.1186440677966	8.47457627118644	8.47457627118644	5.66037735849057	5.18867924528302	0	0	0	0	0	0	0	0	0	0	0	0	0	0	59	0	0	0	0	100	0	0	0	0	100	0	3	2	1	3	0	8	4	3	0	10	4	8	15.0943396226415	13.5593220338983	8	15.0943396226415	13.5593220338983	9	15.5660377358491	15.2542372881356	25	42.3728813559322	0	0	0	70.6666666666667	4	0	0	0	0	0	0	0
"21-B-009_2021-09-30_1_First"	"BCG_CT_2015"	"bug01"	286	286	5.65599181081985	33	45	170	143	0	0	0	0	47	2	0	7	19	14	1	0	18	19	2	1	0	13	12	1	0	1	40	0	2	1	0	7	0	12	1	1	1	13	12	1	13	0	0	2	10	6	0	0	NA	NA	1.74825174825175	1.74825174825175	0.699300699300699	0	0	19.9300699300699	22.7272727272727	12.2377622377622	15.034965034965	74.1258741258741	0	0	0	0	0.34965034965035	0	15.7342657342657	21.6783216783217	74.1258741258741	9.09090909090909	9.09090909090909	8.39160839160839	8.39160839160839	59.4405594405594	18.1818181818182	59.4405594405594	18.8811188811189	59.0909090909091	0.34965034965035	0	40.5594405594406	68.2352941176471	81.1188811188811	94.0559440559441	0	0.34965034965035	0	0	3.84615384615385	0.34965034965035	0	5.94405594405594	0	59.0909090909091	0.699300699300699	52.7972027972028	0.699300699300699	0.34965034965035	59.4405594405594	0	0	50	9.44055944055944	0	0	4.25531914893617	0	14.8936170212766	40.4255319148936	0	38.2978723404255	40.4255319148936	4.25531914893617	27.6595744680851	25.531914893617	2.12765957446809	0	85.1063829787234	0	4.25531914893617	14.8936170212766	0	25.531914893617	2.12765957446809	2.12765957446809	27.6595744680851	21.2765957446809	12.7659574468085	0	13	11.5384615384615	27.6595744680851	1.3986013986014	3.84615384615385	1.3986013986014	73.3333333333333	0	0	12.1212121212121	12.1212121212121	14.6853146853147	32.5174825174825	5	4.1958041958042	10.6382978723404	5	4.1958041958042	10.6382978723404	2.7972027972028	2.7972027972028	3.4965034965035	15.034965034965	0	0	0	0	0	0	0	0	0	0	0	0	47	0	0	0	0	0	0	0	0	0	0	0	100	0	0	0	0	0	0	0	0	0	0	0	100	0	0	0	0	0	10	3	10	6	20	4	23.0769230769231	23.0769230769231	7.34265734265734	7.34265734265734	4.54545454545455	21.2765957446809	21.2765957446809	12.7659574468085	42.5531914893617	8.51063829787234	8	26	4	74.4755244755245	4.54545454545455	55.3191489361702	8.51063829787234	0	NA	NA	NA	0	0	10	11	4	0	0	0	0	0	25	9	0	0	8.04195804195804	28.3216783216783	3.14685314685315	0	0	0	0	0	0	0	0	21.2765957446809	23.4042553191489	8.51063829787234	0	0	0	0	0	NA	NA	NA	0	0	0	0	0	0	0	0	0	0	0	0	0	0	0	0	0	0	0	0	0	0.34965034965035	0	0	0	0	0	0	0	0	0	19.9300699300699	32.5174825174825	40.9090909090909	48.6013986013986	53.4965034965035	58.041958041958	62.2377622377622	65.7342657342657	68.8811188811189	72.027972027972	22	6	4.57543859649123	0	0	0	3.09512308860904	4.46531873087719	1.34419487819425	0.919898283534647	8.30977157889258	8.13296792827785	0.803897255064799	0	0	0	0	0	0	0	0	0	0	0	0	0	0	0	0	0	0	0	0	0	0	0	0	0	0	0	0	0	0	0	0	0	0	0	0	0	39	0	14	14	14	0	14	39	14	25	31	31	6	6	6	0	0	0	0	2	0	0	0	14	6	10	0	3	3	0	0	4	0	0	2	0	0	0	0	0	20.6293706293706	20.6293706293706	20.6293706293706	0	20.6293706293706	54.5454545454545	20.6293706293706	33.9160839160839	77.6223776223776	77.6223776223776	43.7062937062937	43.7062937062937	43.7062937062937	43.7062937062937	0	0	0	0	1.74825174825175	0	0	0	20.6293706293706	43.7062937062937	10.1398601398601	5.24475524475525	5.24475524475525	0	0	0	0	82.9787234042553	0	29.7872340425532	29.7872340425532	29.7872340425532	0	29.7872340425532	82.9787234042553	29.7872340425532	53.1914893617021	65.9574468085106	65.9574468085106	12.7659574468085	12.7659574468085	12.7659574468085	0	0	0	0	4.25531914893617	0	0	0	29.7872340425532	12.7659574468085	21.2765957446809	6.38297872340426	6.38297872340426	8.39160839160839	19.9300699300699	0	0	0	0	0	0	0	0	0	0	0	0	0	0	47	0	0	0	0	100	0	0	0	0	100	0	3	2	2	2	0	6	5	2	0	9	4	5	4.1958041958042	10.6382978723404	5	4.1958041958042	10.6382978723404	5	4.1958041958042	10.6382978723404	21	44.6808510638298	0	0	0	95.3333333333333	1	0	0	0	0	0	0	0
"21-B-013_2021-10-04_1_First"	"BCG_CT_2015"	"bug01"	247	247	5.50938833662798	46	49	139	80	0	0	0	0	58	1	0	10	32	24	0	0	17	32	10	7	2	25	22	0	0	2	53	0	1	0	0	5	0	22	1	1	3	25	22	1	23	0	0	0	12	7	0	0	NA	NA	0.404858299595142	0.404858299595142	4.8582995951417	0	0.809716599190283	2.02429149797571	2.83400809716599	19.0283400809717	20.6477732793522	74.0890688259109	0	0	0	0	0	0	19.8380566801619	21.8623481781377	74.0890688259109	21.0526315789474	20.2429149797571	15.3846153846154	16.1943319838057	56.2753036437247	41.2955465587045	56.2753036437247	46.1538461538462	53.4412955465587	0	0	10.1214574898785	17.9856115107914	31.25	97.9757085020243	0	0	0	0	1.21457489878543	0	0	2.02429149797571	0	53.4412955465587	0.404858299595142	29.1497975708502	0.404858299595142	2.83400809716599	56.2753036437247	0	0	32.3886639676113	22.2672064777328	0	0	1.72413793103448	0	17.2413793103448	55.1724137931034	0	29.3103448275862	55.1724137931034	17.2413793103448	43.1034482758621	37.9310344827586	0	0	91.3793103448276	0	1.72413793103448	8.62068965517241	0	37.9310344827586	1.72413793103448	5.17241379310345	43.1034482758621	20.6896551724138	12.0689655172414	0	14	18.6234817813765	24.1379310344828	3.64372469635628	7.69230769230769	0	93.8775510204082	6.52173913043478	2.17391304347826	19.5652173913043	0	19.8380566801619	23.4817813765182	3	1.21457489878543	5.17241379310345	3	1.21457489878543	5.17241379310345	0.404858299595142	0.404858299595142	4.8582995951417	20.6477732793522	0	0	0	0	0	0	0	0	0	0	0	0	58	0	0	0	0	0	0	0	0	0	0	0	100	0	0	0	0	0	0	0	0	0	0	0	100	0	0	0	0	0	19	11	19	10	23	5	31.9838056680162	31.9838056680162	5.26315789473684	5.26315789473684	2.02429149797571	32.7586206896552	32.7586206896552	17.2413793103448	39.6551724137931	8.62068965517241	21	35	5	74.8987854251012	2.02429149797571	60.3448275862069	8.62068965517241	0	NA	NA	NA	0	0	5	11	11	0	0	0	0	0	27	5	0	0	4.45344129554656	22.2672064777328	10.5263157894737	0	0	0	0	0	0	0	0	8.62068965517241	18.9655172413793	18.9655172413793	0	0	0	0	0	NA	NA	NA	0	0	0	0	0	0	0	0	0	0	0	0	0	0	0	0	0	0	0	0	0	2.83400809716599	0	0	0	0	0	0	0	0	0	17.8137651821862	28.7449392712551	34.412955465587	38.8663967611336	42.914979757085	46.9635627530364	50.6072874493927	53.4412955465587	56.2753036437247	59.1093117408907	34	15	4.08097165991903	0	0	0	3.43953643638534	4.96220215973003	1.49377169462733	0.939664639643331	10.5274844422201	10.345976089768	0.847084031828951	0	0	0	0	0	0	0	0	0	0	0	0	0	0	0	0	0	0	0	0	0	0	0	0	0	0	0	0	0	0	0	0	0	0	0	0	1	47	1	14	14	14	1	14	47	13	33	39	39	6	6	6	0	0	0	0	4	0	0	0	14	6	13	1	8	8	0	0	4	4	0	2	0	0	0	0.404858299595142	0.404858299595142	29.9595141700405	29.9595141700405	29.9595141700405	0.404858299595142	29.9595141700405	87.8542510121458	29.5546558704453	57.8947368421053	66.8016194331984	66.8016194331984	8.90688259109312	9.31174089068826	8.90688259109312	8.90688259109312	0	0	0	0	2.83400809716599	0	0	0	29.9595141700405	8.90688259109312	18.2186234817814	16.5991902834008	16.5991902834008	0	0	0	1.72413793103448	81.0344827586207	1.72413793103448	24.1379310344828	24.1379310344828	24.1379310344828	1.72413793103448	24.1379310344828	81.0344827586207	22.4137931034483	56.8965517241379	67.2413793103448	67.2413793103448	10.3448275862069	10.3448275862069	10.3448275862069	0	0	0	0	6.89655172413793	0	0	0	24.1379310344828	10.3448275862069	22.4137931034483	13.7931034482759	13.7931034482759	17.8137651821862	4.04858299595142	0	0	0	0	0	0	0	0	0	0	0	0	0	0	58	0	0	0	0	100	0	0	0	0	100	0	3	2	2	6	0	7	8	8	0	9	7	3	1.21457489878543	5.17241379310345	3	1.21457489878543	5.17241379310345	3	1.21457489878543	5.17241379310345	30	51.7241379310345	0	0	0	82.3333333333333	0	0	0	0	0	0	0	0
"21-B-014_2021-10-06_1_First"	"BCG_CT_2015"	"bug01"	218	218	5.38449506278909	27	32	123	88	0	0	0	0	53	0	1	5	23	18	1	0	17	21	3	3	1	21	16	0	0	1	48	0	3	1	0	5	2	18	0	2	5	23	23	0	23	0	1	1	13	8	0	0	NA	NA	0	0	0	0.458715596330275	0	8.25688073394495	8.71559633027523	12.3853211009174	4.12844036697248	50	0	0	0	0	0.458715596330275	0	14.6788990825688	36.2385321100917	49.0825688073394	4.58715596330275	4.58715596330275	4.58715596330275	4.58715596330275	56.4220183486239	37.1559633027523	56.4220183486239	37.1559633027523	44.954128440367	0	0	19.2660550458716	34.1463414634146	47.7272727272727	78.4403669724771	0	0	0	0	2.29357798165138	0.458715596330275	0	21.5596330275229	0.917431192660551	45.8715596330275	0	31.651376146789	0	11.4678899082569	57.3394495412844	0	0	40.3669724770642	21.1009174311927	0	0	0	1.88679245283019	9.43396226415094	43.3962264150943	0	32.0754716981132	39.622641509434	5.66037735849057	39.622641509434	30.188679245283	0	0	90.5660377358491	0	5.66037735849057	9.43396226415094	3.77358490566038	33.9622641509434	0	9.43396226415094	43.3962264150943	24.5283018867925	15.0943396226415	0	14	12.3853211009174	26.4150943396226	5.5045871559633	4.12844036697248	0.917431192660551	84.375	11.1111111111111	0	44.4444444444444	7.40740740740741	31.651376146789	10.0917431192661	3	1.8348623853211	5.66037735849057	3	1.8348623853211	5.66037735849057	0.458715596330275	0.458715596330275	0.458715596330275	4.12844036697248	0	0	0	0	0	0	0	0	0	0	0	0	53	0	0	0	0	0	0	0	0	0	0	0	100	0	0	0	0	0	0	0	0	0	0	0	100	0	0	0	0	0	20	15	20	8	18	6	48.6238532110092	48.6238532110092	23.8532110091743	23.8532110091743	22.4770642201835	37.7358490566038	37.7358490566038	15.0943396226415	33.9622641509434	11.3207547169811	17	34	6	66.5137614678899	22.4770642201835	64.1509433962264	11.3207547169811	0	NA	NA	NA	0	0	14	8	7	0	0	0	0	0	29	13	0	0	11.9266055045872	7.79816513761468	23.394495412844	0	0	0	0	0	0	0	0	26.4150943396226	15.0943396226415	13.2075471698113	0	0	0	0	0	NA	NA	NA	0	0	0	0	0	0	0	0	0	0	0	0	0	0	0	0	0	0	0	0	0	11.4678899082569	0	0	0	0	0	0	0	0	0	18.8073394495413	31.1926605504587	40.8256880733945	49.5412844036697	57.7981651376147	61.0091743119266	63.302752293578	65.1376146788991	66.9724770642202	68.8073394495413	37	33	3.66976744186047	0	0	0	3.16326081928292	4.56362069701783	1.37378671863533	0.920503324635973	9.84307709115937	9.65735865547711	0.796732554723622	0	0	0	0	0	0	0	0	0	0	0	0	0	0	0	0	0	0	0	0	0	0	0	0	0	0	0	0	0	0	0	0	0	0	0	0	5	45	5	30	30	30	5	30	45	25	15	20	20	5	5	5	0	0	0	0	3	0	0	0	30	5	8	1	14	14	2	2	5	1	1	8	0	0	0	25.2293577981651	25.2293577981651	55.9633027522936	55.9633027522936	55.9633027522936	25.2293577981651	55.9633027522936	68.8073394495413	30.7339449541284	12.8440366972477	22.9357798165138	22.9357798165138	10.0917431192661	10.0917431192661	10.0917431192661	10.0917431192661	0	0	0	0	21.1009174311927	0	0	0	55.9633027522936	10.0917431192661	7.79816513761468	44.0366972477064	44.0366972477064	0	0	0	9.43396226415094	84.9056603773585	9.43396226415094	56.6037735849057	56.6037735849057	56.6037735849057	9.43396226415094	56.6037735849057	84.9056603773585	47.1698113207547	28.3018867924528	37.7358490566038	37.7358490566038	9.43396226415094	9.43396226415094	9.43396226415094	0	0	0	0	5.66037735849057	0	0	0	56.6037735849057	9.43396226415094	15.0943396226415	26.4150943396226	26.4150943396226	1.8348623853211	8.25688073394495	0	0	0	0	0	0	0	0	0	0	0	0	0	0	53	0	0	0	0	100	0	0	0	0	100	0	4	2	3	3	2	9	4	2	1	11	2	3	1.8348623853211	5.66037735849057	3	1.8348623853211	5.66037735849057	3	1.8348623853211	5.66037735849057	28	52.8301886792453	0	0	0	72.6666666666667	1	0	0	0	0	0	0	0
"21-B-014_2021-10-06_1_Second"	"BCG_CT_2015"	"bug01"	211	211	5.35185813347607	33	36	118	90	0	0	0	0	54	0	1	6	26	22	1	0	17	23	3	3	1	22	17	0	0	1	50	0	2	1	0	4	3	20	0	2	5	25	25	0	25	0	1	1	14	10	2	0	NA	NA	0	0	0	0.947867298578199	0	7.10900473933649	7.10900473933649	15.6398104265403	5.68720379146919	53.5545023696682	0	0	0	0	0.947867298578199	0	17.0616113744076	33.6492890995261	51.6587677725119	3.3175355450237	3.3175355450237	3.3175355450237	3.3175355450237	55.9241706161137	39.3364928909953	55.9241706161137	39.3364928909953	45.9715639810427	0	0	16.5876777251185	29.6610169491525	38.8888888888889	83.4123222748815	0	0	0	0	2.8436018957346	0.947867298578199	0	16.5876777251185	1.8957345971564	47.8672985781991	0	32.2274881516588	0	9.95260663507109	57.8199052132701	0	0	42.654028436019	26.0663507109005	0.947867298578199	0	0	1.85185185185185	11.1111111111111	48.1481481481481	0	31.4814814814815	42.5925925925926	5.55555555555556	40.7407407407407	31.4814814814815	0	0	92.5925925925926	0	3.7037037037037	7.40740740740741	5.55555555555556	37.037037037037	0	9.25925925925926	46.2962962962963	25.9259259259259	18.5185185185185	3.7037037037037	15	15.6398104265403	27.7777777777778	9.00473933649289	5.21327014218009	0.4739336492891	91.6666666666667	12.1212121212121	0	57.5757575757576	3.03030303030303	30.3317535545024	11.3744075829384	3	1.8957345971564	5.55555555555556	3	1.8957345971564	5.55555555555556	0	0	0	5.68720379146919	0	0	0	0	0	0	0	0	0	0	0	0	54	0	0	0	0	0	0	0	0	0	0	0	100	0	0	0	0	0	0	0	0	0	0	0	100	0	0	0	0	0	23	17	23	5	14	3	51.1848341232227	51.1848341232227	17.0616113744076	17.0616113744076	16.1137440758294	42.5925925925926	42.5925925925926	9.25925925925926	25.9259259259259	5.55555555555556	19	39	3	72.5118483412322	16.1137440758294	72.2222222222222	5.55555555555556	0	NA	NA	NA	0	0	14	11	6	0	0	0	0	0	31	13	0	0	10.4265402843602	9.95260663507109	26.0663507109005	0	0	0	0	0	0	0	0	25.9259259259259	20.3703703703704	11.1111111111111	0	0	0	0	0	NA	NA	NA	0	0	0	0	0	0	0	0	0	0	0	0	0	0	0	0	0	0	0	0	0	9.95260663507109	0	0	0	0	0	0	0	0	0	14.6919431279621	28.436018957346	36.4928909952607	43.6018957345972	50.7109004739336	54.9763033175355	58.2938388625592	60.6635071090047	63.0331753554502	65.4028436018957	43	39	3.41545893719807	0	0	0	3.30185348648168	4.76356765068905	1.43397674923201	0.934884661171133	10.0899535550519	9.90310256329163	0.827742966113283	0	0	0	0	0	0	0	0	0	0	0	0	0	0	0	0	0	0	0	0	0	0	0	0	0	0	0	0	0	0	0	0	0	0	0	0	4	46	4	28	28	28	4	28	46	24	18	21	21	3	3	3	0	0	0	0	5	0	0	0	28	3	8	1	12	12	1	2	4	1	3	7	0	0	0	23.696682464455	23.696682464455	55.9241706161137	55.9241706161137	55.9241706161137	23.696682464455	55.9241706161137	72.5118483412322	32.2274881516588	16.5876777251185	25.1184834123223	25.1184834123223	8.53080568720379	8.53080568720379	8.53080568720379	8.53080568720379	0	0	0	0	18.957345971564	0	0	0	55.9241706161137	8.53080568720379	10.4265402843602	42.654028436019	42.654028436019	0	0	0	7.40740740740741	85.1851851851852	7.40740740740741	51.8518518518519	51.8518518518519	51.8518518518519	7.40740740740741	51.8518518518519	85.1851851851852	44.4444444444444	33.3333333333333	38.8888888888889	38.8888888888889	5.55555555555556	5.55555555555556	5.55555555555556	0	0	0	0	9.25925925925926	0	0	0	51.8518518518519	5.55555555555556	14.8148148148148	22.2222222222222	22.2222222222222	4.2654028436019	7.10900473933649	0	0	0	0	0	0	0	0	0	0	0	0	0	0	54	0	0	0	0	100	0	0	0	0	100	0	4	2	3	3	2	11	6	2	2	13	4	1	0.947867298578199	1.85185185185185	1	0.947867298578199	1.85185185185185	1	0.947867298578199	1.85185185185185	30	55.5555555555556	0	0	0	70.3333333333333	1	0	0	0	0	0	0	0
"21-B-015_2021-10-06_1_First"	"BCG_CT_2015"	"bug01"	202	202	5.30826769740121	6	14	148	104	0	0	0	0	37	0	0	6	19	14	0	0	8	19	4	3	1	18	13	0	0	2	34	0	2	0	0	3	0	13	1	1	5	18	17	1	18	0	1	1	9	5	0	0	NA	NA	0	0	0.99009900990099	0	0	1.48514851485149	3.96039603960396	3.46534653465347	13.3663366336634	75.7425742574257	0	0	0	0	0	0	6.93069306930693	11.3861386138614	75.7425742574257	10.8910891089109	10.8910891089109	9.9009900990099	9.9009900990099	73.2673267326733	61.8811881188119	73.2673267326733	62.8712871287129	62.3762376237624	0	0	10.3960396039604	14.1891891891892	20.1923076923077	95.5445544554455	0	0	0	0	1.98019801980198	0	0	4.45544554455446	0	62.3762376237624	0.495049504950495	13.8613861386139	0.495049504950495	10.8910891089109	73.2673267326733	0	0	51.4851485148515	41.0891089108911	0	0	0	0	16.2162162162162	51.3513513513514	0	21.6216216216216	51.3513513513514	10.8108108108108	48.6486486486486	35.1351351351351	0	0	91.8918918918919	0	5.40540540540541	8.10810810810811	0	35.1351351351351	2.7027027027027	13.5135135135135	48.6486486486486	24.3243243243243	13.5135135135135	0	5	2.97029702970297	13.5135135135135	1.48514851485149	0.495049504950495	0	42.8571428571429	16.6666666666667	0	50	0	6.93069306930693	9.40594059405941	1	2.97029702970297	2.7027027027027	1	2.97029702970297	2.7027027027027	2.97029702970297	2.97029702970297	3.96039603960396	13.3663366336634	0	0	0	0	0	0	0	0	0	0	0	0	37	0	0	0	0	0	0	0	0	0	0	0	100	0	0	0	0	0	0	0	0	0	0	0	100	0	0	0	0	0	17	13	17	3	7	3	78.7128712871287	78.7128712871287	4.45544554455446	4.45544554455446	4.45544554455446	45.9459459459459	45.9459459459459	8.10810810810811	18.9189189189189	8.10810810810811	16	28	3	92.5742574257426	4.45544554455446	75.6756756756757	8.10810810810811	0	NA	NA	NA	0	0	7	7	7	0	0	0	0	0	21	7	0	0	9.9009900990099	16.8316831683168	45.049504950495	0	0	0	0	0	0	0	0	18.9189189189189	18.9189189189189	18.9189189189189	0	0	0	0	0	NA	NA	NA	0	0	0	0	0	0	0	0	0	0	0	0	0	0	0	0	0	0	0	0	0	10.8910891089109	0	0	0	0	0	0	0	0	0	30.6930693069307	40.0990099009901	47.5247524752475	53.960396039604	59.9009900990099	63.8613861386139	67.3267326732673	70.2970297029703	73.2673267326733	76.2376237623762	33	30	2.3	0	0	0	2.84108354580002	4.09881714227692	1.23386690656707	0.879913733947652	6.97025886959587	6.78187349474193	0.786803692172425	0	0	0	0	0	0	0	0	0	0	0	0	0	0	0	0	0	0	0	0	0	0	0	0	0	0	0	0	0	0	0	0	0	0	0	0	4	28	4	18	18	18	4	18	28	14	10	14	14	4	4	4	0	0	0	0	5	0	0	0	18	4	4	0	10	10	2	2	5	0	0	5	0	0	0	11.3861386138614	11.3861386138614	72.2772277227723	72.2772277227723	72.2772277227723	11.3861386138614	72.2772277227723	89.1089108910891	60.8910891089109	16.8316831683168	22.2772277227723	22.2772277227723	5.44554455445545	5.44554455445545	5.44554455445545	5.44554455445545	0	0	0	0	5.44554455445545	0	0	0	72.2772277227723	5.44554455445545	2.47524752475248	56.4356435643564	56.4356435643564	0	0	0	10.8108108108108	75.6756756756757	10.8108108108108	48.6486486486486	48.6486486486486	48.6486486486486	10.8108108108108	48.6486486486486	75.6756756756757	37.8378378378378	27.027027027027	37.8378378378378	37.8378378378378	10.8108108108108	10.8108108108108	10.8108108108108	0	0	0	0	13.5135135135135	0	0	0	48.6486486486486	10.8108108108108	10.8108108108108	27.027027027027	27.027027027027	6.43564356435644	2.47524752475248	0	0	0	0	0	0	0	0	0	0	0	0	0	0	37	0	0	0	0	100	0	0	0	0	100	0	3	2	3	3	0	6	4	3	0	8	2	1	2.97029702970297	2.7027027027027	1	2.97029702970297	2.7027027027027	1	2.97029702970297	2.7027027027027	16	43.2432432432432	0	0	0	67.3333333333333	0	0	0	0	0	0	0	0
"21-B-016_2021-10-06_1_First"	"BCG_CT_2015"	"bug01"	221	221	5.39816270151775	25	31	179	98	0	0	0	0	31	0	0	1	13	9	0	0	10	13	5	4	2	16	12	0	0	2	28	0	1	0	0	3	0	12	0	1	4	16	15	1	16	0	1	0	7	4	0	0	NA	NA	0	0	0.452488687782805	0	0	0	1.80995475113122	11.3122171945701	0.452488687782805	62.89592760181	0	0	0	0	0	0	14.027149321267	17.6470588235294	62.89592760181	18.0995475113122	18.0995475113122	17.6470588235294	17.6470588235294	80.9954751131222	60.1809954751131	80.9954751131222	60.6334841628959	62.4434389140271	0	0	20.3619909502262	25.1396648044693	45.9183673469388	96.3800904977376	0	0	0	0	0.904977375565611	0	0	3.61990950226244	0	62.4434389140271	0	31.6742081447964	0	18.552036199095	80.9954751131222	0	0	44.3438914027149	23.9819004524887	0	0	0	0	3.2258064516129	41.9354838709677	0	32.258064516129	41.9354838709677	16.1290322580645	51.6129032258064	38.7096774193548	0	0	90.3225806451613	0	3.2258064516129	9.67741935483871	0	38.7096774193548	0	12.9032258064516	51.6129032258064	22.5806451612903	12.9032258064516	0	7	11.3122171945701	22.5806451612903	4.07239819004525	0.452488687782805	0.452488687782805	80.6451612903226	0	0	36	4	14.9321266968326	13.5746606334842	1	2.26244343891403	3.2258064516129	1	2.26244343891403	3.2258064516129	1.80995475113122	1.80995475113122	2.26244343891403	0.452488687782805	0	0	0	0	0	0	0	0	0	0	0	0	31	0	0	0	0	0	0	0	0	0	0	0	100	0	0	0	0	0	0	0	0	0	0	0	100	0	0	0	0	0	12	11	12	5	10	4	68.7782805429864	68.7782805429864	5.88235294117647	5.88235294117647	4.52488687782805	38.7096774193548	38.7096774193548	16.1290322580645	32.258064516129	12.9032258064516	14	20	4	86.8778280542986	4.52488687782805	64.5161290322581	12.9032258064516	0	NA	NA	NA	0	0	8	2	5	0	0	0	0	0	15	7	0	0	18.0995475113122	8.1447963800905	20.3619909502262	0	0	0	0	0	0	0	0	25.8064516129032	6.45161290322581	16.1290322580645	0	0	0	0	0	NA	NA	NA	0	0	0	0	0	0	0	0	0	0	0	0	0	0	0	0	0	0	0	0	0	18.552036199095	0	0	0	0	0	0	0	0	0	13.1221719457014	25.3393665158371	37.10407239819	47.9638009049774	54.7511312217195	61.5384615384615	67.420814479638	71.4932126696833	75.1131221719457	78.2805429864253	26	27	2.00917431192661	0	0	0	2.86034652596777	4.12660774823767	1.24223271255894	0.922257939026637	5.74269463780408	5.55744642368137	0.83295200466439	0	0	0	0	0	0	0	0	0	0	0	0	0	0	0	0	0	0	0	0	0	0	0	0	0	0	0	0	0	0	0	0	0	0	0	0	2	25	2	13	13	13	2	13	25	11	12	15	15	3	3	3	0	0	0	0	3	0	0	0	13	3	5	0	9	9	1	1	1	0	0	5	0	0	0	15.3846153846154	15.3846153846154	58.3710407239819	58.3710407239819	58.3710407239819	15.3846153846154	58.3710407239819	89.1402714932127	42.9864253393665	30.7692307692308	39.8190045248869	39.8190045248869	9.04977375565611	9.04977375565611	9.04977375565611	9.04977375565611	0	0	0	0	1.80995475113122	0	0	0	58.3710407239819	9.04977375565611	9.95475113122172	55.6561085972851	55.6561085972851	0	0	0	6.45161290322581	80.6451612903226	6.45161290322581	41.9354838709677	41.9354838709677	41.9354838709677	6.45161290322581	41.9354838709677	80.6451612903226	35.4838709677419	38.7096774193548	48.3870967741936	48.3870967741936	9.67741935483871	9.67741935483871	9.67741935483871	0	0	0	0	9.67741935483871	0	0	0	41.9354838709677	9.67741935483871	16.1290322580645	29.0322580645161	29.0322580645161	6.78733031674208	6.78733031674208	0	0	0	0	0	0	0	0	0	0	0	0	0	0	31	0	0	0	0	100	0	0	0	0	100	0	3	2	1	3	0	5	1	3	0	7	0	1	2.26244343891403	3.2258064516129	1	2.26244343891403	3.2258064516129	1	2.26244343891403	3.2258064516129	11	35.4838709677419	0	0	0	73.6666666666667	0	0	0	0	0	0	0	0
"21-B-017_2021-10-06_1_First"	"BCG_CT_2015"	"bug01"	226	226	5.42053499927229	46	62	139	41	0	0	0	0	56	0	0	5	27	20	0	0	19	27	12	9	2	25	22	0	0	5	51	1	2	0	0	5	0	22	0	0	3	25	22	1	23	0	2	3	10	6	0	0	NA	NA	0	0.884955752212389	2.21238938053097	0	0	5.30973451327434	9.29203539823009	20.353982300885	6.19469026548673	61.5044247787611	0	0	0.884955752212389	0	0	0	27.4336283185841	31.4159292035398	61.5044247787611	37.1681415929204	37.1681415929204	34.9557522123894	34.9557522123894	61.5044247787611	47.787610619469	61.5044247787611	50	55.3097345132743	0	0	11.5044247787611	18.705035971223	63.4146341463415	96.0176991150443	0.884955752212389	0.884955752212389	0	0	0.884955752212389	0	0	3.98230088495575	0	55.3097345132743	0	31.858407079646	0	6.19469026548673	61.5044247787611	0	0	18.141592920354	6.63716814159292	0	0	0	0	8.92857142857143	48.2142857142857	0	33.9285714285714	48.2142857142857	21.4285714285714	44.6428571428571	39.2857142857143	0	0	91.0714285714286	1.78571428571429	3.57142857142857	8.92857142857143	0	39.2857142857143	0	5.35714285714286	44.6428571428571	17.8571428571429	10.7142857142857	0	13	20.353982300885	23.2142857142857	5.75221238938053	3.98230088495575	0	74.1935483870968	0	0	28.2608695652174	0	21.6814159292035	27.8761061946903	2	1.32743362831858	3.57142857142857	2	1.32743362831858	3.57142857142857	4.42477876106195	4.42477876106195	6.19469026548673	6.19469026548673	0	0	0	0	0	0	0	0	0	0	0	0	56	0	0	0	0	0	0	0	0	0	0	0	100	0	0	0	0	0	0	0	0	0	0	0	100	0	0	0	0	0	18	13	18	8	16	5	42.4778761061947	42.4778761061947	9.29203539823009	9.29203539823009	4.42477876106195	32.1428571428571	32.1428571428571	14.2857142857143	28.5714285714286	8.92857142857143	19	35	5	69.4690265486726	4.42477876106195	62.5	8.92857142857143	0	NA	NA	NA	0	0	10	11	6	0	0	0	0	0	27	10	0	0	10.1769911504425	37.6106194690265	9.29203539823009	0	0	0	0	0	0	0	0	17.8571428571429	19.6428571428571	10.7142857142857	0	0	0	0	0	NA	NA	NA	0	0	0	0	0	0	0	0	0	0	0	0	0	0	0	0	0	0	0	0	0	6.19469026548673	0	0	0	0	0	0	0	0	0	22.5663716814159	27.8761061946903	33.1858407079646	37.1681415929204	40.7079646017699	44.2477876106195	47.3451327433628	50.4424778761062	53.0973451327434	55.7522123893805	36	26	2.09047619047619	0	0	0	3.48388479058414	5.02618331040423	1.51303194013736	0.931083091863106	10.3310835567925	10.1465999218497	0.865485815463712	0	0	0	0	0	0	0	0	0	0	0	0	0	0	0	0	0	0	0	0	0	0	0	0	0	0	0	0	0	0	0	0	0	0	0	0	4	45	4	19	19	19	4	19	45	15	26	31	31	5	5	5	0	0	0	0	6	0	0	0	19	5	11	1	9	9	1	1	4	1	0	6	0	0	0	4.42477876106195	4.42477876106195	22.1238938053097	22.1238938053097	22.1238938053097	4.42477876106195	22.1238938053097	80.0884955752212	17.6991150442478	57.9646017699115	73.4513274336283	73.4513274336283	15.4867256637168	15.4867256637168	15.4867256637168	15.4867256637168	0	0	0	0	4.42477876106195	0	0	0	22.1238938053097	15.4867256637168	19.0265486725664	12.8318584070796	12.8318584070796	0	0	0	7.14285714285714	80.3571428571429	7.14285714285714	33.9285714285714	33.9285714285714	33.9285714285714	7.14285714285714	33.9285714285714	80.3571428571429	26.7857142857143	46.4285714285714	55.3571428571429	55.3571428571429	8.92857142857143	8.92857142857143	8.92857142857143	0	0	0	0	10.7142857142857	0	0	0	33.9285714285714	8.92857142857143	19.6428571428571	16.0714285714286	16.0714285714286	22.5663716814159	5.30973451327434	0	0	0	0	0	0	0	0	0	0	0	0	0	0	56	0	0	0	0	100	0	0	0	0	100	0	3	2	2	4	0	5	5	6	0	8	3	2	1.32743362831858	3.57142857142857	2	1.32743362831858	3.57142857142857	2	1.32743362831858	3.57142857142857	27	48.2142857142857	0	0	0	75.3333333333333	0	0	0	0	0	0	0	0
"21-B-018_2021-10-07_1_First"	"BCG_CT_2015"	"bug01"	271	271	5.6021188208797	22	81	143	131	0	0	0	0	42	0	0	7	21	18	0	0	15	21	3	3	1	14	14	0	0	2	36	0	0	0	0	6	0	14	1	0	0	14	14	0	14	0	2	2	11	8	1	0	NA	NA	0	0	0	0	0	2.5830258302583	21.4022140221402	10.7011070110701	12.1771217712177	64.9446494464945	0	0	0	0	0	0	29.8892988929889	35.0553505535055	64.9446494464945	4.4280442804428	4.4280442804428	4.4280442804428	4.4280442804428	52.7675276752768	22.8782287822878	52.7675276752768	22.8782287822878	52.7675276752768	0	0	29.8892988929889	56.6433566433566	61.8320610687023	94.8339483394834	0	0	0	0	0	0	0	5.16605166051661	0	52.7675276752768	2.5830258302583	40.590405904059	2.5830258302583	0	52.7675276752768	0	0	48.3394833948339	18.450184501845	0.3690036900369	0	0	0	16.6666666666667	50	0	35.7142857142857	50	7.14285714285714	33.3333333333333	33.3333333333333	0	0	85.7142857142857	0	0	14.2857142857143	0	33.3333333333333	2.38095238095238	0	33.3333333333333	26.1904761904762	19.047619047619	2.38095238095238	11	8.11808118081181	26.1904761904762	4.0590405904059	1.1070110701107	0	27.1604938271605	27.2727272727273	22.7272727272727	50	0	12.5461254612546	37.6383763837638	3	3.690036900369	7.14285714285714	3	3.690036900369	7.14285714285714	19.9261992619926	19.9261992619926	19.9261992619926	12.1771217712177	0	0	0	0	0	0	0	0	0	0	0	0	42	0	0	0	0	0	0	0	0	0	0	0	100	0	0	0	0	0	0	0	0	0	0	0	100	0	0	0	0	0	15	8	15	7	13	5	26.1992619926199	26.1992619926199	6.64206642066421	6.64206642066421	4.7970479704797	35.7142857142857	35.7142857142857	16.6666666666667	30.952380952381	11.9047619047619	9	26	5	70.1107011070111	4.7970479704797	61.9047619047619	11.9047619047619	0	NA	NA	NA	0	0	5	10	6	0	0	0	0	0	21	5	0	0	3.690036900369	16.6051660516605	5.16605166051661	0	0	0	0	0	0	0	0	11.9047619047619	23.8095238095238	14.2857142857143	0	0	0	0	0	NA	NA	NA	0	0	0	0	0	0	0	0	0	0	0	0	0	0	0	0	0	0	0	0	0	0	0	0	0	0	0	0	0	0	0	18.8191881918819	37.6383763837638	46.4944649446494	54.9815498154982	60.1476014760148	64.5756457564576	68.2656826568266	71.2177121771218	73.8007380073801	76.3837638376384	22	14	3.59701492537313	0	0	0	2.95216870049672	4.25907914407423	1.28211057627322	0.909982162552253	7.49716336673572	7.31865947705154	0.789842067917331	0	0	0	0	0	0	0	0	0	0	0	0	0	0	0	0	0	0	0	0	0	0	0	0	0	0	0	0	0	0	0	0	0	0	0	0	0	30	0	11	11	11	0	11	30	11	19	23	23	4	4	4	0	0	0	0	6	0	0	0	11	4	9	0	6	6	0	0	4	1	0	5	0	0	0	0	0	19.9261992619926	19.9261992619926	19.9261992619926	0	19.9261992619926	45.7564575645756	19.9261992619926	25.830258302583	74.5387453874539	74.5387453874539	48.7084870848708	50.5535055350554	48.7084870848708	48.7084870848708	0	0	0	0	3.690036900369	0	0	0	19.9261992619926	48.7084870848708	6.27306273062731	12.9151291512915	12.9151291512915	0	0	0	0	71.4285714285714	0	26.1904761904762	26.1904761904762	26.1904761904762	0	26.1904761904762	71.4285714285714	26.1904761904762	45.2380952380952	54.7619047619048	54.7619047619048	9.52380952380952	9.52380952380952	9.52380952380952	0	0	0	0	14.2857142857143	0	0	0	26.1904761904762	9.52380952380952	21.4285714285714	14.2857142857143	14.2857142857143	5.16605166051661	18.8191881918819	0	0	0	0	0	0	0	0	0	0	0	0	0	0	42	0	0	0	0	100	0	0	0	0	100	0	3	2	2	2	0	6	5	2	0	8	4	2	3.3210332103321	4.76190476190476	2	3.3210332103321	4.76190476190476	2	3.3210332103321	4.76190476190476	15	35.7142857142857	0	0	0	90.3333333333333	0	0	0	0	0	0	0	0
"21-B-018_2021-10-07_1_Second"	"BCG_CT_2015"	"bug01"	261	261	5.56452040732269	32	96	118	105	0	0	0	0	50	0	0	10	23	18	0	0	22	23	2	2	0	15	13	0	0	2	47	0	0	0	0	3	0	13	1	0	2	15	15	0	15	0	2	4	11	6	2	0	NA	NA	0	0	0	0	0	3.06513409961686	22.2222222222222	14.5593869731801	14.5593869731801	58.2375478927203	0	0	0	0	0	0	36.7816091954023	40.2298850574713	58.2375478927203	3.44827586206897	3.44827586206897	3.44827586206897	3.44827586206897	45.2107279693487	19.9233716475096	45.2107279693487	19.9233716475096	43.6781609195402	0	0	25.2873563218391	55.9322033898305	62.8571428571429	96.551724137931	0	0	0	0	0	0	0	3.44827586206897	0	43.6781609195402	2.29885057471264	39.8467432950192	2.29885057471264	1.53256704980843	45.2107279693487	0	0	40.2298850574713	14.9425287356322	1.14942528735632	0	0	0	20	46	0	44	46	4	30	26	0	0	94	0	0	6	0	26	2	4	30	22	12	4	14	12.2605363984674	28	4.59770114942529	1.14942528735632	0	33.3333333333333	9.375	9.375	37.5	0	14.5593869731801	34.0996168582375	3	3.44827586206897	6	3	3.44827586206897	6	21.455938697318	21.455938697318	21.455938697318	14.5593869731801	0	0	0	0	0	0	0	0	0	0	0	0	50	0	0	0	0	0	0	0	0	0	0	0	100	0	0	0	0	0	0	0	0	0	0	0	100	0	0	0	0	0	18	9	18	5	15	2	22.6053639846743	22.6053639846743	4.59770114942529	4.59770114942529	3.06513409961686	36	36	10	30	4	13	35	2	70.1149425287356	3.06513409961686	70	4	0	NA	NA	NA	0	0	8	10	9	0	0	0	0	0	27	7	0	0	5.3639846743295	16.8582375478927	8.81226053639847	0	0	0	0	0	0	0	0	16	20	18	0	0	0	0	0	NA	NA	NA	0	0	0	0	0	0	0	0	0	0	0	0	0	0	0	0	0	0	0	0	0	1.53256704980843	0	0	0	0	0	0	0	0	0	17.6245210727969	34.0996168582375	40.6130268199234	47.1264367816092	52.8735632183908	58.6206896551724	62.0689655172414	65.1340996168582	68.1992337164751	70.4980842911877	34	21	4.38697318007663	0	0	0	3.18372399045359	4.59314281258662	1.382673760957	0.924942381938022	8.98550033785516	8.80579033109806	0.813830589962278	0	0	0	0	0	0	0	0	0	0	0	0	0	0	0	0	0	0	0	0	0	0	0	0	0	0	0	0	0	0	0	0	0	0	0	0	1	35	1	12	12	12	1	12	35	11	23	30	30	7	7	7	0	0	0	0	5	0	0	0	12	7	11	0	6	6	1	0	5	0	0	5	0	0	0	1.14942528735632	1.14942528735632	16.8582375478927	16.8582375478927	16.8582375478927	1.14942528735632	16.8582375478927	48.2758620689655	15.7088122605364	31.4176245210728	76.2452107279694	76.2452107279694	44.8275862068966	46.7432950191571	44.8275862068966	44.8275862068966	0	0	0	0	4.98084291187739	0	0	0	16.8582375478927	44.8275862068966	10.3448275862069	9.96168582375479	9.96168582375479	0	0	0	2	70	2	24	24	24	2	24	70	22	46	60	60	14	14	14	0	0	0	0	10	0	0	0	24	14	22	12	12	5.74712643678161	19.1570881226054	0	0	0	0	0	0	0	0	0	0	0	0	0	0	50	0	0	0	0	100	0	0	0	0	100	0	3	2	3	1	0	4	7	1	0	8	5	1	2.29885057471264	2	1	2.29885057471264	2	1	2.29885057471264	2	23	46	0	0	0	87	0	0	0	0	0	0	0	0
"21-B-019_2021-10-07_1_First"	"BCG_CT_2015"	"bug01"	204	204	5.31811999384422	8	14	160	153	0	0	0	0	33	0	1	7	17	13	1	0	10	17	1	1	0	11	10	0	0	1	29	0	1	1	0	4	0	10	0	1	1	11	11	0	11	0	1	2	9	5	1	0	NA	NA	0	0	0	1.47058823529412	0	1.96078431372549	1.96078431372549	3.92156862745098	8.82352941176471	86.7647058823529	0	0	0	0	1.47058823529412	0	6.86274509803922	11.7647058823529	86.7647058823529	2.94117647058824	2.94117647058824	2.94117647058824	2.94117647058824	78.4313725490196	45.5882352941176	78.4313725490196	45.5882352941176	77.9411764705882	0	0	32.843137254902	41.875	43.7908496732026	95.0980392156863	0	0	0	0	0.980392156862745	1.47058823529412	0	4.90196078431373	0	77.9411764705882	0	36.7647058823529	0	0.490196078431373	78.4313725490196	0	0	75	42.156862745098	0.490196078431373	0	0	3.03030303030303	21.2121212121212	51.5151515151515	0	30.3030303030303	51.5151515151515	3.03030303030303	33.3333333333333	30.3030303030303	0	0	87.8787878787879	0	3.03030303030303	12.1212121212121	0	30.3030303030303	0	3.03030303030303	33.3333333333333	27.2727272727273	15.1515151515152	3.03030303030303	6	3.92156862745098	18.1818181818182	1.47058823529412	0.490196078431373	0	57.1428571428571	12.5	0	37.5	0	6.86274509803922	51.9607843137255	3	3.43137254901961	9.09090909090909	3	3.43137254901961	9.09090909090909	0	0	0	8.82352941176471	0	0	0	0	0	0	0	0	0	0	0	0	33	0	0	0	0	0	0	0	0	0	0	0	100	0	0	0	0	0	0	0	0	0	0	0	100	0	0	0	0	0	12	6	12	4	10	3	16.6666666666667	16.6666666666667	4.90196078431373	4.90196078431373	4.41176470588235	36.3636363636364	36.3636363636364	12.1212121212121	30.3030303030303	9.09090909090909	9	22	3	77.9411764705882	4.41176470588235	66.6666666666667	9.09090909090909	0	NA	NA	NA	0	0	7	7	4	0	0	0	0	0	18	7	0	0	4.41176470588235	13.7254901960784	2.94117647058824	0	0	0	0	0	0	0	0	21.2121212121212	21.2121212121212	12.1212121212121	0	0	0	0	0	NA	NA	NA	0	0	0	0	0	0	0	0	0	0	0	0	0	0	0	0	0	0	0	0	0	0.490196078431373	0	0	0	0	0	0	0	0	0	35.2941176470588	51.9607843137255	65.6862745098039	69.1176470588235	72.0588235294118	74.5098039215686	76.9607843137255	78.921568627451	80.8823529411765	82.3529411764706	23	14	4.2807881773399	0	0	0	2.4109631191519	3.47828453576663	1.04706797871992	0.823144944252211	6.20520034113519	6.0171639671614	0.689534650438654	0	0	0	0	0	0	0	0	0	0	0	0	0	0	0	0	0	0	0	0	0	0	0	0	0	0	0	0	0	0	0	0	0	0	0	0	0	25	0	11	11	11	0	11	25	11	14	19	19	5	5	5	0	0	0	0	3	0	0	0	11	5	5	0	5	5	0	0	3	0	0	4	0	0	0	0	0	14.2156862745098	14.2156862745098	14.2156862745098	0	14.2156862745098	63.7254901960784	14.2156862745098	49.5098039215686	83.3333333333333	83.3333333333333	33.8235294117647	33.8235294117647	33.8235294117647	33.8235294117647	0	0	0	0	2.45098039215686	0	0	0	14.2156862745098	33.8235294117647	3.43137254901961	7.35294117647059	7.35294117647059	0	0	0	0	75.7575757575758	0	33.3333333333333	33.3333333333333	33.3333333333333	0	33.3333333333333	75.7575757575758	33.3333333333333	42.4242424242424	57.5757575757576	57.5757575757576	15.1515151515152	15.1515151515152	15.1515151515152	0	0	0	0	9.09090909090909	0	0	0	33.3333333333333	15.1515151515152	15.1515151515152	15.1515151515152	15.1515151515152	35.2941176470588	16.6666666666667	0	0	0	0	0	0	0	0	0	0	0	0	0	0	33	0	0	0	0	100	0	0	0	0	100	0	3	2	3	1	0	5	6	1	0	7	4	2	2.94117647058824	6.06060606060606	2	2.94117647058824	6.06060606060606	2	2.94117647058824	6.06060606060606	14	42.4242424242424	0	0	0	68	1	0	0	0	0	0	0	0
"21-B-020_2021-10-07_1_First"	"BCG_CT_2015"	"bug01"	218	218	5.38449506278909	9	20	93	71	0	0	0	0	43	0	1	7	25	20	1	0	12	25	4	4	1	20	18	0	0	2	40	0	1	1	0	3	0	18	0	1	2	20	20	0	20	0	2	2	14	9	0	0	NA	NA	0	0	0	0.458715596330275	0	3.6697247706422	3.6697247706422	4.12844036697248	44.4954128440367	83.9449541284404	0	0	0	0	0.458715596330275	0	9.1743119266055	11.0091743119266	83.9449541284404	6.88073394495413	6.88073394495413	6.88073394495413	6.88073394495413	42.6605504587156	24.7706422018349	42.6605504587156	24.7706422018349	39.4495412844037	0	0	17.8899082568807	41.9354838709677	54.9295774647887	98.1651376146789	0	0	0	0	1.8348623853211	0.458715596330275	0	1.8348623853211	0	39.4495412844037	0	22.0183486238532	0	3.21100917431193	42.6605504587156	0	0	32.5688073394495	14.6788990825688	0	0	0	2.32558139534884	16.2790697674419	58.1395348837209	0	27.906976744186	58.1395348837209	9.30232558139535	46.5116279069767	41.8604651162791	0	0	93.0232558139535	0	2.32558139534884	6.97674418604651	0	41.8604651162791	0	4.65116279069767	46.5116279069767	32.5581395348837	20.9302325581395	0	6	4.12844036697248	13.953488372093	3.21100917431193	0.917431192660551	0	45	0	0	77.7777777777778	0	5.04587155963303	19.2660550458716	2	1.37614678899083	4.65116279069767	2	1.37614678899083	4.65116279069767	0	0	0	44.4954128440367	0	0	0	0	0	0	0	0	0	0	0	0	43	0	0	0	0	0	0	0	0	0	0	0	100	0	0	0	0	0	0	0	0	0	0	0	100	0	0	0	0	0	19	13	19	2	11	2	38.5321100917431	38.5321100917431	1.37614678899083	1.37614678899083	1.37614678899083	44.1860465116279	44.1860465116279	4.65116279069767	25.5813953488372	4.65116279069767	17	32	2	87.6146788990826	1.37614678899083	74.4186046511628	4.65116279069767	0	NA	NA	NA	0	0	11	11	2	0	0	0	0	0	24	11	0	0	8.25688073394495	56.4220183486239	4.12844036697248	0	0	0	0	0	0	0	0	25.5813953488372	25.5813953488372	4.65116279069767	0	0	0	0	0	NA	NA	NA	0	0	0	0	0	0	0	0	0	0	0	0	0	0	0	0	0	0	0	0	0	3.21100917431193	0	0	0	0	0	0	0	0	0	14.6788990825688	27.0642201834862	34.8623853211009	41.743119266055	48.1651376146789	52.7522935779817	56.8807339449541	61.0091743119266	64.6788990825688	68.348623853211	36	28	3.55045871559633	0	0	0	3.17752709064095	4.58420257595804	1.37998248156346	0.937547344499621	7.98589273433685	7.80017429865459	0.8448173436406	0	0	0	0	0	0	0	0	0	0	0	0	0	0	0	0	0	0	0	0	0	0	0	0	0	0	0	0	0	0	0	0	0	0	0	0	1	33	1	18	18	18	1	18	33	17	15	21	21	6	6	6	0	0	0	0	4	0	0	0	18	6	5	0	9	9	0	1	5	1	0	7	0	0	0	0.458715596330275	0.458715596330275	51.3761467889908	51.3761467889908	51.3761467889908	0.458715596330275	51.3761467889908	82.1100917431193	50.9174311926606	30.7339449541284	46.7889908256881	46.7889908256881	16.0550458715596	16.0550458715596	16.0550458715596	16.0550458715596	0	0	0	0	1.8348623853211	0	0	0	51.3761467889908	16.0550458715596	2.29357798165138	14.2201834862385	14.2201834862385	0	0	0	2.32558139534884	76.7441860465116	2.32558139534884	41.8604651162791	41.8604651162791	41.8604651162791	2.32558139534884	41.8604651162791	76.7441860465116	39.5348837209302	34.8837209302326	48.8372093023256	48.8372093023256	13.953488372093	13.953488372093	13.953488372093	0	0	0	0	9.30232558139535	0	0	0	41.8604651162791	13.953488372093	11.6279069767442	20.9302325581395	20.9302325581395	12.3853211009174	6.88073394495413	0	0	0	0	0	0	0	0	0	0	0	0	0	0	43	0	0	0	0	100	0	0	0	0	100	0	3	2	3	3	0	7	6	3	0	10	3	2	1.37614678899083	4.65116279069767	2	1.37614678899083	4.65116279069767	2	1.37614678899083	4.65116279069767	20	46.5116279069767	0	0	0	72.6666666666667	1	0	0	0	0	0	0	0
"21-B-021_2021-10-07_2_First"	"BCG_CT_2015"	"bug01"	232	232	5.44673737166631	18	30	100	70	0	0	0	0	49	0	0	5	24	18	0	0	17	22	3	2	0	20	17	0	0	1	45	0	1	0	0	4	2	19	1	1	3	22	21	1	22	0	1	3	14	9	0	0	NA	NA	0	0	0.431034482758621	0	0	1.72413793103448	2.1551724137931	8.18965517241379	33.6206896551724	76.2931034482759	0	0	0	0	0	0	12.9310344827586	15.948275862069	69.8275862068966	6.03448275862069	6.03448275862069	5.60344827586207	5.60344827586207	43.1034482758621	33.6206896551724	43.1034482758621	34.051724137931	36.2068965517241	0	0	9.05172413793103	21	30	96.9827586206897	0	0	0	0	0.862068965517241	0	0	3.01724137931034	6.46551724137931	42.6724137931034	0.431034482758621	17.2413793103448	0.431034482758621	6.89655172413793	49.5689655172414	0	0	30.1724137931034	21.1206896551724	0	0	0	0	10.2040816326531	48.9795918367347	0	34.6938775510204	44.8979591836735	6.12244897959184	40.8163265306122	34.6938775510204	0	0	91.8367346938775	0	2.04081632653061	8.16326530612245	4.08163265306122	38.7755102040816	2.04081632653061	6.12244897959184	44.8979591836735	28.5714285714286	18.3673469387755	0	13	7.75862068965517	26.530612244898	3.87931034482759	2.1551724137931	0.431034482758621	60	11.1111111111111	5.55555555555556	50	5.55555555555556	10.3448275862069	9.91379310344828	2	0.862068965517241	4.08163265306122	2	0.862068965517241	4.08163265306122	0.431034482758621	0.431034482758621	0.862068965517241	33.6206896551724	0	0	0	0	0	0	0	0	0	0	0	0	49	0	0	0	0	0	0	0	0	0	0	0	100	0	0	0	0	0	0	0	0	0	0	0	100	0	0	0	0	0	21	16	21	8	14	4	54.7413793103448	54.7413793103448	5.17241379310345	5.17241379310345	3.01724137931034	42.8571428571429	42.8571428571429	16.3265306122449	28.5714285714286	8.16326530612245	17	34	4	89.2241379310345	3.01724137931034	69.3877551020408	8.16326530612245	0	NA	NA	NA	0	0	9	9	6	0	0	0	0	0	24	8	0	0	13.3620689655172	51.2931034482759	6.46551724137931	0	0	0	0	0	0	0	0	18.3673469387755	18.3673469387755	12.2448979591837	0	0	0	0	0	NA	NA	NA	0	0	0	0	0	0	0	0	0	0	0	0	0	0	0	0	0	0	0	0	0	6.89655172413793	0	0	0	0	0	0	0	0	0	16.8103448275862	26.2931034482759	35.3448275862069	41.3793103448276	46.551724137931	51.2931034482759	55.6034482758621	58.6206896551724	61.6379310344828	64.6551724137931	37	32	3.06060606060606	0	0	0	3.4538106769323	4.98279553577958	1.49997091853023	0.943408145065398	8.99621124655208	8.81261509866327	0.887453790867228	0	0	0	0	0	0	0	0	0	0	0	0	0	0	0	0	0	0	0	0	0	0	0	0	0	0	0	0	0	0	0	0	0	0	0	0	0	36	0	20	20	20	0	20	36	20	16	23	23	7	7	7	0	0	0	0	5	0	0	0	20	7	6	0	8	8	0	0	4	1	1	5	0	0	0	0	0	64.6551724137931	64.6551724137931	64.6551724137931	0	64.6551724137931	86.6379310344828	64.6551724137931	21.9827586206897	31.4655172413793	31.4655172413793	9.48275862068965	9.91379310344828	9.48275862068965	9.48275862068965	0	0	0	0	3.44827586206897	0	0	0	64.6551724137931	9.48275862068965	3.01724137931034	23.7068965517241	23.7068965517241	0	0	0	0	73.469387755102	0	40.8163265306122	40.8163265306122	40.8163265306122	0	40.8163265306122	73.469387755102	40.8163265306122	32.6530612244898	46.9387755102041	46.9387755102041	14.2857142857143	14.2857142857143	14.2857142857143	0	0	0	0	10.2040816326531	0	0	0	40.8163265306122	14.2857142857143	12.2448979591837	16.3265306122449	16.3265306122449	5.17241379310345	2.58620689655172	0	0	0	0	0	0	0	0	0	0	0	0	0	0	49	0	0	0	0	100	0	0	0	0	100	0	4	2	3	3	2	8	5	3	2	10	2	2	0.862068965517241	4.08163265306122	2	0.862068965517241	4.08163265306122	2	0.862068965517241	4.08163265306122	23	46.9387755102041	0	0	0	77.3333333333333	0	0	0	0	0	0	0	0
"21-B-023_2021-10-07_1_First"	"BCG_CT_2015"	"bug01"	219	218	5.3890717298165	6	18	166	143	0	0	0	0	37	0	0	5	17	11	0	1	9	16	4	2	1	16	11	0	0	1	31	0	0	0	0	6	1	12	2	1	5	17	15	1	16	0	1	2	7	3	0	0	NA	NA	0	0	1.36986301369863	0	0	8.21917808219178	11.8721461187215	5.93607305936073	7.30593607305936	75.3424657534247	0	0	0	0	0	0.45662100456621	8.21917808219178	16.4383561643836	74.8858447488584	2.28310502283105	2.28310502283105	0.91324200913242	0.91324200913242	75.7990867579909	20.5479452054795	75.7990867579909	21.9178082191781	67.5799086757991	0	0	53.8812785388128	71.0843373493976	82.5174825174825	91.7808219178082	0	0	0	0	0	0	0	8.21917808219178	0.45662100456621	68.0365296803653	3.19634703196347	59.8173515981735	3.19634703196347	8.21917808219178	76.2557077625571	0	0	65.296803652968	11.4155251141553	0	0	0	0	13.5135135135135	45.9459459459459	2.7027027027027	24.3243243243243	43.2432432432432	10.8108108108108	43.2432432432432	29.7297297297297	0	0	83.7837837837838	0	0	16.2162162162162	2.7027027027027	32.4324324324324	5.40540540540541	13.5135135135135	45.9459459459459	18.9189189189189	8.10810810810811	0	4	2.73972602739726	10.8108108108108	2.28310502283105	0	0	33.3333333333333	0	0	83.3333333333333	0	8.67579908675799	12.3287671232877	2	3.65296803652968	5.40540540540541	2	3.65296803652968	5.40540540540541	3.65296803652968	3.65296803652968	4.5662100456621	7.30593607305936	0	0	0	0	0	0	0	0	0	0	0	0	37	0	0	0	0	0	0	0	0	0	0	0	100	0	0	0	0	0	0	0	0	0	0	0	100	0	0	0	0	0	15	12	15	4	9	4	65.296803652968	65.296803652968	6.84931506849315	6.84931506849315	6.84931506849315	40.5405405405405	40.5405405405405	10.8108108108108	24.3243243243243	10.8108108108108	13	27	4	86.7579908675799	6.84931506849315	72.972972972973	10.8108108108108	0	NA	NA	NA	0	0	8	7	5	0	0	0	0	0	20	8	0	0	12.7853881278539	8.21917808219178	4.10958904109589	0	0	0	0	0	0	0	0	21.6216216216216	18.9189189189189	13.5135135135135	0	0	0	0	0	NA	NA	NA	0	0	0	0	0	0	0	0	0	0	0	0	0	0	0	0	0	0	0	0	0	8.21917808219178	0	0	0	0	0	0	0	0	0	40.1826484018265	48.4018264840183	54.337899543379	59.3607305936073	63.9269406392694	68.0365296803653	71.689497716895	74.4292237442922	77.1689497716895	79.9086757990868	29	26	2.10091743119266	0	0	0	2.52817733535216	3.64738890420044	1.09797346601631	0.816204833093555	6.86574643185532	6.68018571748085	0.700148105416446	0	0	0	0	0	0	0	0	0	0	0	0	0	0	0	0	0	0	0	0	0	0	0	0	0	0	0	0	0	0	0	0	0	0	0	0	2	27	2	15	15	15	2	15	27	13	12	17	17	5	5	5	0	0	0	0	5	0	0	0	15	5	3	0	7	7	1	0	3	0	1	3	0	0	0	0.91324200913242	0.91324200913242	69.8630136986301	69.8630136986301	69.8630136986301	0.91324200913242	69.8630136986301	78.9954337899543	68.9497716894977	9.1324200913242	26.9406392694064	26.9406392694064	17.8082191780822	17.8082191780822	17.8082191780822	17.8082191780822	0	0	0	0	3.19634703196347	0	0	0	69.8630136986301	17.8082191780822	1.82648401826484	58.9041095890411	58.9041095890411	0	0	0	5.40540540540541	72.972972972973	5.40540540540541	40.5405405405405	40.5405405405405	40.5405405405405	5.40540540540541	40.5405405405405	72.972972972973	35.1351351351351	32.4324324324324	45.9459459459459	45.9459459459459	13.5135135135135	13.5135135135135	13.5135135135135	0	0	0	0	13.5135135135135	0	0	0	40.5405405405405	13.5135135135135	8.10810810810811	18.9189189189189	18.9189189189189	2.73972602739726	8.21917808219178	0	0	0	0	0	0	0	0	0	0	0	0	0	0	37	0	0	0	0	100	0	0	0	0	100	0	4	2	3	3	1	3	5	4	0	5	2	2	3.65296803652968	5.40540540540541	2	3.65296803652968	5.40540540540541	2	3.65296803652968	5.40540540540541	17	45.9459459459459	0	0	0	73	0	0	0	0	0	0	0	0
"21-B-028_2021-10-12_1_First"	"BCG_CT_2015"	"bug01"	229	229	5.43372200355424	31	37	157	51	0	0	0	0	58	0	0	4	27	21	0	0	18	26	7	6	2	30	22	0	0	2	54	0	1	0	0	4	1	23	0	2	8	31	30	1	31	1	2	2	15	10	1	0	NA	NA	0	0	0.873362445414847	0	0	6.98689956331878	7.4235807860262	13.5371179039301	9.60698689956332	69.4323144104803	0	0	0	0	0	0	16.1572052401747	20.5240174672489	68.5589519650655	36.6812227074236	36.6812227074236	35.8078602620087	35.8078602620087	68.5589519650655	53.2751091703057	68.5589519650655	54.1484716157205	58.9519650655022	0	0	14.410480349345	21.0191082802548	64.7058823529412	95.6331877729258	0	0	0	0	0.436681222707424	0	0	4.36681222707424	0.873362445414847	59.825327510917	0	27.9475982532751	0	9.60698689956332	69.4323144104803	0	0	22.2707423580786	7.86026200873362	1.31004366812227	0	0	0	6.89655172413793	46.551724137931	0	31.0344827586207	44.8275862068966	12.0689655172414	51.7241379310345	37.9310344827586	0	0	93.1034482758621	0	1.72413793103448	6.89655172413793	1.72413793103448	39.6551724137931	0	13.7931034482759	53.448275862069	25.8620689655172	17.2413793103448	1.72413793103448	14	13.5371179039301	24.1379310344828	10.4803493449782	0	0	83.7837837837838	61.2903225806452	3.2258064516129	77.4193548387097	0	15.7205240174672	13.1004366812227	3	3.93013100436681	5.17241379310345	3	3.93013100436681	5.17241379310345	0.436681222707424	0.436681222707424	0.436681222707424	9.60698689956332	0	0	0	0	0	0	0	0	0	0	0	0	58	0	0	0	0	0	0	0	0	0	0	0	100	0	0	0	0	0	0	0	0	0	0	0	100	0	0	0	0	0	27	23	27	3	12	2	58.0786026200873	58.0786026200873	3.05676855895197	3.05676855895197	2.62008733624454	46.551724137931	46.551724137931	5.17241379310345	20.6896551724138	3.44827586206897	27	42	2	82.0960698689956	2.62008733624454	72.4137931034483	3.44827586206897	0	NA	NA	NA	0	0	13	11	7	0	0	0	0	0	31	13	0	0	12.2270742358079	15.2838427947598	6.11353711790393	0	0	0	0	0	0	0	0	22.4137931034483	18.9655172413793	12.0689655172414	0	0	0	0	0	NA	NA	NA	0	0	0	0	0	0	0	0	0	0	0	0	0	0	0	0	0	0	0	0	0	9.60698689956332	0	0	0	0	0	0	0	0	0	29.2576419213974	36.2445414847162	42.3580786026201	48.0349344978166	52.4017467248908	56.7685589519651	58.9519650655022	61.1353711790393	63.3187772925764	65.5021834061135	51	47	1.82352941176471	0	0	0	3.15289364993355	4.54866403320943	1.36928431419394	0.893842604069335	10.674083061677	10.4900471468205	0.776490063213388	0	0	0	0	0	0	0	0	0	0	0	0	0	0	0	0	0	0	0	0	0	0	0	0	0	0	0	0	0	0	0	0	0	0	0	0	7	47	7	29	29	29	7	29	47	22	18	24	24	6	6	6	0	0	0	0	4	0	0	0	29	6	9	2	19	19	2	2	3	5	1	7	0	0	0	8.73362445414847	8.73362445414847	63.3187772925764	63.3187772925764	63.3187772925764	8.73362445414847	63.3187772925764	82.0960698689956	54.5851528384279	18.7772925764192	34.061135371179	34.061135371179	15.2838427947598	15.7205240174672	15.2838427947598	15.2838427947598	0	0	0	0	2.18340611353712	0	0	0	63.3187772925764	15.2838427947598	10.9170305676856	50.2183406113537	50.2183406113537	0	0	0	12.0689655172414	81.0344827586207	12.0689655172414	50	50	50	12.0689655172414	50	81.0344827586207	37.9310344827586	31.0344827586207	41.3793103448276	41.3793103448276	10.3448275862069	10.3448275862069	10.3448275862069	0	0	0	0	6.89655172413793	0	0	0	50	10.3448275862069	15.5172413793103	32.7586206896552	32.7586206896552	5.67685589519651	6.98689956331878	0	0	0	0	0	0	0	0	0	0	0	0	0	0	58	0	0	0	0	100	0	0	0	0	100	0	4	2	2	5	1	8	4	6	0	10	2	2	2.62008733624454	3.44827586206897	2	2.62008733624454	3.44827586206897	2	2.62008733624454	3.44827586206897	30	51.7241379310345	0	0	0	76.3333333333333	0	0	0	0	0	0	0	0
"21-B-029_2021-10-12_1_First"	"BCG_CT_2015"	"bug01"	206	206	5.32787616878958	34	68	98	88	0	0	0	0	28	0	0	0	8	3	0	0	14	8	1	0	0	9	8	0	0	0	23	0	0	0	1	5	0	8	2	0	1	9	8	1	9	0	0	1	7	3	0	0	NA	NA	0	0	0.970873786407767	0	0	6.31067961165049	15.0485436893204	17.9611650485437	0	43.6893203883495	0	0	0	0	0	0	33.0097087378641	52.4271844660194	43.6893203883495	0.970873786407767	0.970873786407767	0	0	47.5728155339806	20.873786407767	47.5728155339806	21.8446601941748	43.6893203883495	0	0	25.7281553398058	54.0816326530612	60.2272727272727	80.5825242718447	0	0	0	0	0	0	0	19.4174757281553	0	43.6893203883495	1.45631067961165	43.6893203883495	1.45631067961165	3.88349514563107	47.5728155339806	0	0	42.7184466019417	16.9902912621359	0	0	0	0	0	28.5714285714286	0	50	28.5714285714286	3.57142857142857	32.1428571428571	28.5714285714286	0	0	82.1428571428571	0	0	17.8571428571429	0	28.5714285714286	7.14285714285714	3.57142857142857	32.1428571428571	25	10.7142857142857	0	10	16.504854368932	35.7142857142857	5.33980582524272	1.94174757281553	1.45631067961165	50	0	0	32.3529411764706	8.82352941176471	35.9223300970874	29.126213592233	3	17.9611650485437	10.7142857142857	3	17.9611650485437	10.7142857142857	10.6796116504854	10.6796116504854	11.6504854368932	0	0	0	0	0	0	0	0	0	0	0	0	0	28	0	0	0	0	0	0	0	0	0	0	0	100	0	0	0	0	0	0	0	0	0	0	0	100	0	0	0	0	0	6	5	6	12	15	8	26.2135922330097	26.2135922330097	32.0388349514563	32.0388349514563	26.6990291262136	21.4285714285714	21.4285714285714	42.8571428571429	53.5714285714286	28.5714285714286	7	13	8	51.9417475728155	26.6990291262136	46.4285714285714	28.5714285714286	0	NA	NA	NA	0	0	2	1	3	0	0	0	0	0	6	1	0	0	2.9126213592233	1.45631067961165	8.7378640776699	0	0	0	0	0	0	0	0	7.14285714285714	3.57142857142857	10.7142857142857	0	0	0	0	0	NA	NA	NA	0	0	0	0	0	0	0	0	0	0	0	0	0	0	0	0	0	0	0	0	0	3.88349514563107	0	0	0	0	0	0	0	0	0	16.504854368932	31.5533980582524	44.1747572815534	52.9126213592233	59.2233009708738	65.0485436893204	69.4174757281553	73.7864077669903	77.6699029126214	80.5825242718447	12	13	4.72330097087379	0	0	0	2.8475331259576	4.10812191958608	1.2366679236401	0.914553680837025	5.25537739860069	5.06768534865067	0.854549328308748	0	0	0	0	0	0	0	0	0	0	0	0	0	0	0	0	0	0	0	0	0	0	0	0	0	0	0	0	0	0	0	0	0	0	0	0	0	19	0	9	9	9	0	9	19	9	10	15	15	5	5	5	0	0	0	0	4	0	0	0	9	5	5	0	3	3	0	0	0	0	0	2	0	0	0	0	0	34.4660194174757	34.4660194174757	34.4660194174757	0	34.4660194174757	64.5631067961165	34.4660194174757	30.0970873786408	60.6796116504854	60.6796116504854	30.5825242718447	30.5825242718447	30.5825242718447	30.5825242718447	0	0	0	0	4.85436893203883	0	0	0	34.4660194174757	30.5825242718447	5.8252427184466	23.3009708737864	23.3009708737864	0	0	0	0	67.8571428571429	0	32.1428571428571	32.1428571428571	32.1428571428571	0	32.1428571428571	67.8571428571429	32.1428571428571	35.7142857142857	53.5714285714286	53.5714285714286	17.8571428571429	17.8571428571429	17.8571428571429	0	0	0	0	14.2857142857143	0	0	0	32.1428571428571	17.8571428571429	17.8571428571429	10.7142857142857	10.7142857142857	16.504854368932	12.621359223301	0	0	0	0	0	0	0	0	0	0	0	0	0	0	28	0	0	0	0	100	0	0	0	0	100	0	2	2	0	1	0	3	0	1	0	5	0	3	17.9611650485437	10.7142857142857	3	17.9611650485437	10.7142857142857	3	17.9611650485437	10.7142857142857	7	25	0	0	0	68.6666666666667	0	0	0	0	0	0	0	0
"21-B-031_2021-10-12_1_First"	"BCG_CT_2015"	"bug01"	201	201	5.30330490805908	116	128	33	22	0	0	0	0	62	0	0	3	18	15	1	0	31	16	3	3	1	16	13	1	0	1	52	0	0	1	0	10	2	15	3	1	3	18	18	0	18	0	0	1	10	7	2	1	NA	NA	0	0	0	0	0	1.49253731343284	3.48258706467662	61.6915422885572	1.49253731343284	22.8855721393035	0	0.995024875621891	0	0	0.995024875621891	0	63.681592039801	75.6218905472637	16.4179104477612	3.98009950248756	3.98009950248756	3.98009950248756	3.98009950248756	16.4179104477612	12.9353233830846	16.4179104477612	12.9353233830846	14.9253731343284	0.995024875621891	0	3.48258706467662	21.2121212121212	31.8181818181818	88.0597014925373	0	0.995024875621891	0	0	0	0.995024875621891	0	11.9402985074627	6.46766169154229	21.3930348258706	3.98009950248756	65.1741293532338	3.98009950248756	1.49253731343284	22.8855721393035	0	0	10.9452736318408	7.46268656716418	0.995024875621891	0.497512437810945	0	0	4.83870967741935	29.0322580645161	0	50	25.8064516129032	4.83870967741935	25.8064516129032	20.9677419354839	1.61290322580645	0	83.8709677419355	0	0	16.1290322580645	3.2258064516129	24.1935483870968	4.83870967741935	4.83870967741935	29.0322580645161	16.1290322580645	11.2903225806452	3.2258064516129	25	57.7114427860697	40.3225806451613	16.9154228855721	15.9203980099502	10.4477611940299	90.625	0.862068965517241	0.862068965517241	29.3103448275862	18.1034482758621	66.6666666666667	19.4029850746269	6	9.9502487562189	9.67741935483871	6	9.9502487562189	9.67741935483871	1.99004975124378	1.99004975124378	1.99004975124378	1.49253731343284	0	0	0	0	0	0	0	0	0	0	0	0	62	0	0	0	0	0	0	0	0	0	0	0	100	0	0	0	0	0	0	0	0	0	0	0	100	0	0	0	0	0	13	7	13	14	27	10	11.4427860696517	11.4427860696517	30.3482587064677	30.3482587064677	11.9402985074627	20.9677419354839	20.9677419354839	22.5806451612903	43.5483870967742	16.1290322580645	13	33	10	37.3134328358209	11.9402985074627	53.2258064516129	16.1290322580645	0	NA	NA	NA	0	0	12	6	7	0	0	0	0	0	25	9	0	0	21.8905472636816	7.46268656716418	7.96019900497512	0	0	0	0	0	0	0	0	19.3548387096774	9.67741935483871	11.2903225806452	0	0	0	0	0	NA	NA	NA	0	0	0	0	0	0	0	0	0	0	0	0	0	0	0	0	0	0	0	0	0	1.49253731343284	0	0	0	0	0	0	0	0	0	9.9502487562189	19.4029850746269	26.3681592039801	32.8358208955224	38.8059701492537	43.2835820895522	47.2636815920398	50.7462686567164	53.7313432835821	56.7164179104478	27	12	4.67336683417085	0	0	0	3.59842259856571	5.19142643797353	1.56277507811305	0.957451548229004	11.6908231894762	11.5022615251298	0.871893731302959	0	0	0	0	0	0	0	0	0	0	0	0	0	0	0	0	0	0	0	0	0	0	0	0	0	0	0	0	0	0	0	0	0	0	0	0	1	43	1	15	15	15	1	15	43	14	28	36	36	8	8	8	0	0	0	0	11	0	0	0	15	8	17	1	5	5	0	0	2	1	0	2	0	0	0	0.995024875621891	0.995024875621891	16.9154228855721	16.9154228855721	16.9154228855721	0.995024875621891	16.9154228855721	85.5721393034826	15.9203980099502	68.6567164179104	77.1144278606965	77.1144278606965	8.45771144278607	8.45771144278607	8.45771144278607	8.45771144278607	0	0	0	0	5.97014925373134	0	0	0	16.9154228855721	8.45771144278607	44.7761194029851	2.98507462686567	2.98507462686567	0	0	0	1.61290322580645	69.3548387096774	1.61290322580645	24.1935483870968	24.1935483870968	24.1935483870968	1.61290322580645	24.1935483870968	69.3548387096774	22.5806451612903	45.1612903225806	58.0645161290323	58.0645161290323	12.9032258064516	12.9032258064516	12.9032258064516	0	0	0	0	17.741935483871	0	0	0	24.1935483870968	12.9032258064516	27.4193548387097	8.06451612903226	8.06451612903226	9.9502487562189	1.99004975124378	0	0	0	0	0	0	0	0	0	0	0	0	0	0	62	0	0	0	0	100	0	0	0	0	100	0	4	2	1	3	1	5	2	2	1	6	2	4	8.95522388059701	6.45161290322581	4	8.95522388059701	6.45161290322581	4	8.95522388059701	6.45161290322581	34	54.8387096774194	0	0	0	67	1	0	0	0	0	0	0	0
"21-B-032_2021-10-13_1_First"	"BCG_CT_2015"	"bug01"	230	230	5.4380793089232	29	31	171	53	0	0	0	0	53	0	0	4	26	19	0	0	14	26	11	9	3	29	22	0	0	3	47	0	0	0	0	6	0	22	1	1	7	29	27	1	28	0	2	0	11	6	1	0	NA	NA	0	0	1.73913043478261	0	0	0.869565217391304	1.30434782608696	13.4782608695652	5.65217391304348	40	0	0	0	0	0	0	13.4782608695652	20	40	11.304347826087	11.304347826087	9.56521739130435	9.56521739130435	74.3478260869565	66.9565217391304	74.3478260869565	68.695652173913	34.3478260869565	0	0	5.65217391304348	7.60233918128655	24.5283018867925	93.4782608695652	0	0	0	0	0	0	0	6.52173913043478	0	34.3478260869565	0.869565217391304	19.1304347826087	0.869565217391304	40	74.3478260869565	0	0	23.0434782608696	17.3913043478261	0.434782608695652	0	0	0	7.54716981132075	49.0566037735849	0	26.4150943396226	49.0566037735849	20.7547169811321	54.7169811320755	41.5094339622642	0	0	88.6792452830189	0	0	11.3207547169811	0	41.5094339622642	1.88679245283019	13.2075471698113	54.7169811320755	20.7547169811321	11.3207547169811	1.88679245283019	12	12.6086956521739	22.6415094339623	5.21739130434783	3.91304347826087	0	93.5483870967742	6.89655172413793	0	41.3793103448276	0	16.9565217391304	6.95652173913043	3	4.34782608695652	5.66037735849057	3	4.34782608695652	5.66037735849057	0.434782608695652	0.434782608695652	0.434782608695652	5.65217391304348	0	0	0	0	0	0	0	0	0	0	0	0	53	0	0	0	0	0	0	0	0	0	0	0	100	0	0	0	0	0	0	0	0	0	0	0	100	0	0	0	0	0	21	18	21	5	16	4	64.7826086956522	64.7826086956522	5.65217391304348	5.65217391304348	5.21739130434783	39.622641509434	39.622641509434	9.43396226415094	30.188679245283	7.54716981132075	23	32	4	78.695652173913	5.21739130434783	60.377358490566	7.54716981132075	0	NA	NA	NA	0	0	9	11	7	0	0	0	0	0	27	9	0	0	11.304347826087	15.2173913043478	36.9565217391304	0	0	0	0	0	0	0	0	16.9811320754717	20.7547169811321	13.2075471698113	0	0	0	0	0	NA	NA	NA	0	0	0	0	0	0	0	0	0	0	0	0	0	0	0	0	0	0	0	0	0	40	0	0	0	0	0	0	0	0	0	30	39.5652173913044	43.4782608695652	46.9565217391304	50	53.0434782608696	55.6521739130435	58.2608695652174	60.4347826086956	62.6086956521739	39	37	1.75348837209302	0	0	0	3.12533221974591	4.50890129455793	1.35731453715009	0.889792060491493	9.74608809272674	9.56219963814699	0.787179453751993	0	0	0	0	0	0	0	0	0	0	0	0	0	0	0	0	0	0	0	0	0	0	0	0	0	0	0	0	0	0	0	0	0	0	0	0	6	44	6	24	24	24	6	24	44	18	20	25	25	5	5	5	0	0	0	0	4	0	0	0	24	5	11	3	19	19	2	1	3	6	0	7	0	0	0	9.56521739130435	9.56521739130435	70.8695652173913	70.8695652173913	70.8695652173913	9.56521739130435	70.8695652173913	92.6086956521739	61.304347826087	21.7391304347826	26.9565217391304	26.9565217391304	5.21739130434783	5.21739130434783	5.21739130434783	5.21739130434783	0	0	0	0	2.17391304347826	0	0	0	70.8695652173913	5.21739130434783	11.7391304347826	63.9130434782609	63.9130434782609	0	0	0	11.3207547169811	83.0188679245283	11.3207547169811	45.2830188679245	45.2830188679245	45.2830188679245	11.3207547169811	45.2830188679245	83.0188679245283	33.9622641509434	37.7358490566038	47.1698113207547	47.1698113207547	9.43396226415094	9.43396226415094	9.43396226415094	0	0	0	0	7.54716981132075	0	0	0	45.2830188679245	9.43396226415094	20.7547169811321	35.8490566037736	35.8490566037736	3.91304347826087	2.17391304347826	0	0	0	0	0	0	0	0	0	0	0	0	0	0	53	0	0	0	0	100	0	0	0	0	100	0	3	2	2	5	0	6	4	9	0	9	2	2	3.91304347826087	3.77358490566038	2	3.91304347826087	3.77358490566038	2	3.91304347826087	3.77358490566038	16	30.188679245283	0	0	0	76.6666666666667	0	0	0	0	0	0	0	0
"21-B-033_2021-10-13_2_First"	"BCG_CT_2015"	"bug01"	251	251	5.52545293913178	17	25	200	85	0	0	0	0	53	0	0	3	33	24	0	0	12	33	12	9	3	33	30	0	0	3	48	0	0	0	0	5	0	30	1	0	3	33	30	1	31	0	3	1	18	12	0	0	NA	NA	0	0	2.39043824701195	0	0	1.19521912350598	3.18725099601594	7.17131474103586	5.1792828685259	54.5816733067729	0	0	0	0	0	0	9.9601593625498	15.1394422310757	54.5816733067729	15.5378486055777	15.5378486055777	13.1474103585657	13.1474103585657	79.6812749003984	68.5258964143426	79.6812749003984	70.9163346613546	49.402390438247	0	0	8.76494023904382	11	25.8823529411765	94.8207171314741	0	0	0	0	0	0	0	5.1792828685259	0	49.402390438247	0.398406374501992	15.9362549800797	0.398406374501992	30.2788844621514	79.6812749003984	0	0	33.8645418326693	25.0996015936255	0	0	0	0	5.66037735849057	62.2641509433962	0	22.6415094339623	62.2641509433962	22.6415094339623	62.2641509433962	56.6037735849057	0	0	90.5660377358491	0	0	9.43396226415094	0	56.6037735849057	1.88679245283019	5.66037735849057	62.2641509433962	33.9622641509434	22.6415094339623	0	10	6.77290836653386	18.8679245283019	2.39043824701195	2.39043824701195	0	68	5.88235294117647	0	35.2941176470588	0	11.1553784860558	6.37450199203187	3	4.38247011952191	5.66037735849057	3	4.38247011952191	5.66037735849057	1.99203187250996	1.99203187250996	3.98406374501992	5.1792828685259	0	0	0	0	0	0	0	0	0	0	0	0	53	0	0	0	0	0	0	0	0	0	0	0	100	0	0	0	0	0	0	0	0	0	0	0	100	0	0	0	0	0	23	18	23	6	15	4	69.7211155378486	69.7211155378486	6.77290836653386	6.77290836653386	4.7808764940239	43.3962264150943	43.3962264150943	11.3207547169811	28.3018867924528	7.54716981132075	25	35	4	83.2669322709163	4.7808764940239	66.0377358490566	7.54716981132075	0	NA	NA	NA	0	0	9	10	3	0	0	0	0	0	22	9	0	0	7.96812749003984	20.3187250996016	29.4820717131474	0	0	0	0	0	0	0	0	16.9811320754717	18.8679245283019	5.66037735849057	0	0	0	0	0	NA	NA	NA	0	0	0	0	0	0	0	0	0	0	0	0	0	0	0	0	0	0	0	0	0	30.2788844621514	0	0	0	0	0	0	0	0	0	27.8884462151394	37.0517928286853	45.4183266932271	49.003984063745	52.191235059761	55.3784860557769	58.1673306772908	60.9561752988048	62.9482071713147	64.9402390438247	39	34	2.82040816326531	0	0	0	3.10806570731411	4.48399098269912	1.34981578607925	0.897255599117474	9.59197383162002	9.41099319328757	0.782830526064116	0	0	0	0	0	0	0	0	0	0	0	0	0	0	0	0	0	0	0	0	0	0	0	0	0	0	0	0	0	0	0	0	0	0	0	0	6	44	6	27	27	27	6	27	44	21	17	23	23	6	6	6	0	0	0	0	3	0	0	0	27	6	7	3	19	19	1	1	3	6	0	10	0	0	0	7.96812749003984	7.96812749003984	73.3067729083665	73.3067729083665	73.3067729083665	7.96812749003984	73.3067729083665	88.8446215139442	65.3386454183267	15.5378486055777	25.4980079681275	25.4980079681275	9.9601593625498	9.9601593625498	9.9601593625498	9.9601593625498	0	0	0	0	1.19521912350598	0	0	0	73.3067729083665	9.9601593625498	4.38247011952191	64.1434262948207	64.1434262948207	0	0	0	11.3207547169811	83.0188679245283	11.3207547169811	50.9433962264151	50.9433962264151	50.9433962264151	11.3207547169811	50.9433962264151	83.0188679245283	39.622641509434	32.0754716981132	43.3962264150943	43.3962264150943	11.3207547169811	11.3207547169811	11.3207547169811	0	0	0	0	5.66037735849057	0	0	0	50.9433962264151	11.3207547169811	13.2075471698113	35.8490566037736	35.8490566037736	3.58565737051793	2.78884462151394	0	0	0	0	0	0	0	0	0	0	0	0	0	0	53	0	0	0	0	100	0	0	0	0	100	0	3	2	2	5	0	10	3	9	0	13	2	3	4.38247011952191	5.66037735849057	3	4.38247011952191	5.66037735849057	3	4.38247011952191	5.66037735849057	23	43.3962264150943	0	0	0	83.6666666666667	0	0	0	0	0	0	0	0
"21-B-034_2021-10-13_1_First"	"BCG_CT_2015"	"bug01"	219	219	5.3890717298165	11	31	170	92	0	0	0	0	32	0	0	3	18	12	0	0	9	18	6	4	0	17	15	0	0	3	30	0	1	0	0	2	0	15	0	1	2	17	15	1	16	0	1	0	9	5	0	0	NA	NA	0	0	2.73972602739726	0	0	2.73972602739726	11.4155251141553	5.02283105022831	2.28310502283105	70.3196347031963	0	0	0	0	0	0	14.1552511415525	18.7214611872146	70.3196347031963	26.027397260274	26.027397260274	23.2876712328767	23.2876712328767	77.6255707762557	63.013698630137	77.6255707762557	65.7534246575343	68.0365296803653	0	0	11.8721461187215	15.2941176470588	28.2608695652174	95.4337899543379	0	0	0	0	1.36986301369863	0	0	4.5662100456621	0	68.0365296803653	0	16.8949771689498	0	9.58904109589041	77.6255707762557	0	0	42.0091324200913	30.1369863013699	0	0	0	0	9.375	56.25	0	28.125	56.25	18.75	53.125	46.875	0	0	93.75	0	3.125	6.25	0	46.875	0	6.25	53.125	28.125	15.625	0	7	5.02283105022831	21.875	2.28310502283105	1.82648401826484	0	35.4838709677419	0	0	45.4545454545455	0	5.47945205479452	29.2237442922374	2	4.5662100456621	6.25	2	4.5662100456621	6.25	8.67579908675799	8.67579908675799	8.67579908675799	2.28310502283105	0	0	0	0	0	0	0	0	0	0	0	0	32	0	0	0	0	0	0	0	0	0	0	0	100	0	0	0	0	0	0	0	0	0	0	0	100	0	0	0	0	0	9	6	9	3	10	3	49.3150684931507	49.3150684931507	5.02283105022831	5.02283105022831	5.02283105022831	28.125	28.125	9.375	31.25	9.375	13	21	3	87.6712328767123	5.02283105022831	65.625	9.375	0	NA	NA	NA	0	0	6	6	2	0	0	0	0	0	14	6	0	0	11.4155251141553	23.7442922374429	7.30593607305936	0	0	0	0	0	0	0	0	18.75	18.75	6.25	0	0	0	0	0	NA	NA	NA	0	0	0	0	0	0	0	0	0	0	0	0	0	0	0	0	0	0	0	0	0	9.58904109589041	0	0	0	0	0	0	0	0	0	17.8082191780822	33.3333333333333	44.7488584474886	53.4246575342466	60.2739726027397	67.1232876712329	71.2328767123288	74.4292237442922	77.1689497716895	79.9086757990868	21	12	3.28240740740741	0	0	0	2.81120086428155	4.05570554584176	1.22088902287913	0.909071954296199	5.93794285998298	5.75238214560851	0.811141109168353	0	0	0	0	0	0	0	0	0	0	0	0	0	0	0	0	0	0	0	0	0	0	0	0	0	0	0	0	0	0	0	0	0	0	0	0	1	25	1	10	10	10	1	10	25	9	15	20	20	5	5	5	0	0	0	0	2	0	0	0	10	5	7	1	7	7	0	0	2	2	0	3	0	0	0	1.36986301369863	1.36986301369863	35.1598173515982	35.1598173515982	35.1598173515982	1.36986301369863	35.1598173515982	78.0821917808219	33.7899543378995	42.9223744292237	63.4703196347032	63.4703196347032	20.5479452054795	20.5479452054795	20.5479452054795	20.5479452054795	0	0	0	0	1.36986301369863	0	0	0	35.1598173515982	20.5479452054795	5.02283105022831	32.4200913242009	32.4200913242009	0	0	0	3.125	78.125	3.125	31.25	31.25	31.25	3.125	31.25	78.125	28.125	46.875	62.5	62.5	15.625	15.625	15.625	0	0	0	0	6.25	0	0	0	31.25	15.625	21.875	21.875	21.875	17.8082191780822	8.67579908675799	0	0	0	0	0	0	0	0	0	0	0	0	0	0	32	0	0	0	0	100	0	0	0	0	100	0	3	2	2	3	0	4	3	4	0	7	2	2	4.5662100456621	6.25	2	4.5662100456621	6.25	2	4.5662100456621	6.25	12	37.5	0	0	0	73	0	0	0	0	0	0	0	0
"21-B-035_2021-10-13_1_First"	"BCG_CT_2015"	"bug01"	209	209	5.34233425196481	10	12	177	18	0	0	0	0	35	0	0	4	20	16	0	0	9	20	7	6	1	21	16	0	0	2	34	0	0	0	0	1	0	16	0	3	5	21	20	1	21	0	2	1	9	6	0	0	NA	NA	0	0	0.478468899521531	0	0	0	0.478468899521531	4.78468899521531	9.09090909090909	74.6411483253589	0	0	0	0	0	0	5.74162679425837	6.2200956937799	74.6411483253589	56.9377990430622	56.9377990430622	56.4593301435407	56.4593301435407	84.688995215311	81.3397129186603	84.688995215311	81.8181818181818	65.5502392344498	0	0	2.87081339712919	3.38983050847458	33.3333333333333	99.5215311004785	0	0	0	0	0	0	0	0.478468899521531	0	65.5502392344498	0	7.6555023923445	0	19.1387559808612	84.688995215311	0	0	8.61244019138756	5.74162679425837	0	0	0	0	11.4285714285714	57.1428571428571	0	25.7142857142857	57.1428571428571	20	60	45.7142857142857	0	0	97.1428571428571	0	0	2.85714285714286	0	45.7142857142857	0	14.2857142857143	60	25.7142857142857	17.1428571428571	0	7	4.78468899521531	20	0.478468899521531	0.956937799043062	0.478468899521531	83.3333333333333	0	0	10	10	5.26315789473684	18.6602870813397	0	0	0	0	0	0	0.478468899521531	0.478468899521531	0.478468899521531	9.09090909090909	0	0	0	0	0	0	0	0	0	0	0	0	35	0	0	0	0	0	0	0	0	0	0	0	100	0	0	0	0	0	0	0	0	0	0	0	100	0	0	0	0	0	17	14	17	4	10	3	67.4641148325359	67.4641148325359	1.91387559808612	1.91387559808612	1.43540669856459	48.5714285714286	48.5714285714286	11.4285714285714	28.5714285714286	8.57142857142857	17	23	3	74.6411483253589	1.43540669856459	65.7142857142857	8.57142857142857	0	NA	NA	NA	0	0	8	8	4	0	0	0	0	0	20	7	0	0	12.4401913875598	35.4066985645933	13.3971291866029	0	0	0	0	0	0	0	0	22.8571428571429	22.8571428571429	11.4285714285714	0	0	0	0	0	NA	NA	NA	0	0	0	0	0	0	0	0	0	0	0	0	0	0	0	0	0	0	0	0	0	19.1387559808612	0	0	0	0	0	0	0	0	0	16.7464114832536	33.0143540669856	43.5406698564593	53.11004784689	62.200956937799	67.4641148325359	72.2488038277512	75.5980861244019	78.4688995215311	81.3397129186603	32	34	2.14792899408284	0	0	0	2.82888247448031	4.08121471719044	1.22856804861961	0.908724617110414	6.55144331096985	6.36425921637072	0.795669629401974	0	0	0	0	0	0	0	0	0	0	0	0	0	0	0	0	0	0	0	0	0	0	0	0	0	0	0	0	0	0	0	0	0	0	0	0	5	28	5	17	17	17	5	17	28	12	11	15	15	4	4	4	0	0	0	0	2	0	0	0	17	4	5	3	14	14	0	2	2	4	0	6	0	0	0	37.799043062201	37.799043062201	67.4641148325359	67.4641148325359	67.4641148325359	37.799043062201	67.4641148325359	96.1722488038278	29.6650717703349	28.7081339712919	30.622009569378	30.622009569378	1.91387559808612	2.39234449760766	1.91387559808612	1.91387559808612	0	0	0	0	1.43540669856459	0	0	0	67.4641148325359	1.91387559808612	3.82775119617225	63.1578947368421	63.1578947368421	0	0	0	14.2857142857143	80	14.2857142857143	48.5714285714286	48.5714285714286	48.5714285714286	14.2857142857143	48.5714285714286	80	34.2857142857143	31.4285714285714	42.8571428571429	42.8571428571429	11.4285714285714	11.4285714285714	11.4285714285714	0	0	0	0	5.71428571428571	0	0	0	48.5714285714286	11.4285714285714	14.2857142857143	40	40	9.56937799043062	0.478468899521531	0	0	0	0	0	0	0	0	0	0	0	0	0	0	35	0	0	0	0	100	0	0	0	0	100	0	3	2	2	4	0	6	4	5	0	7	3	0	0	0	0	0	0	0	0	0	17	48.5714285714286	0	0	0	69.6666666666667	0	0	0	0	0	0	0	0
"21-B-036_2021-10-13_1_First"	"BCG_CT_2015"	"bug01"	203	203	5.31320597904179	18	24	133	40	0	0	0	0	57	1	0	6	30	24	0	0	16	29	9	8	3	29	23	0	0	3	53	0	1	0	0	4	1	24	1	1	6	30	29	1	30	0	3	2	14	9	0	0	NA	NA	0.492610837438424	0.492610837438424	0.492610837438424	0	0	2.95566502463054	3.94088669950739	9.35960591133005	15.7635467980296	57.6354679802956	0	0	0	0	0	0	11.8226600985222	17.7339901477833	57.1428571428571	21.6748768472906	21.6748768472906	21.1822660098522	21.1822660098522	65.5172413793103	53.2019704433498	65.5172413793103	53.6945812807882	41.3793103448276	0	0	11.8226600985222	18.0451127819549	60	94.0886699507389	0	0	0	0	0.492610837438424	0	0	5.91133004926108	0.492610837438424	41.871921182266	0.492610837438424	21.1822660098522	0.492610837438424	24.1379310344828	66.0098522167488	0	0	19.7044334975369	7.88177339901478	0	0	1.75438596491228	0	10.5263157894737	52.6315789473684	0	28.0701754385965	50.8771929824561	15.7894736842105	50.8771929824561	40.3508771929825	0	0	92.9824561403509	0	1.75438596491228	7.01754385964912	1.75438596491228	42.1052631578947	1.75438596491228	10.5263157894737	52.6315789473684	24.5614035087719	15.7894736842105	0	10	8.86699507389163	17.5438596491228	2.46305418719212	2.46305418719212	0	75	5.55555555555556	0	27.7777777777778	0	12.807881773399	16.7487684729064	3	5.41871921182266	5.26315789473684	3	5.41871921182266	5.26315789473684	0.492610837438424	0.492610837438424	0.985221674876847	15.7635467980296	0	0	0	0	0	0	0	0	0	0	0	0	57	0	0	0	0	0	0	0	0	0	0	0	100	0	0	0	0	0	0	0	0	0	0	0	100	0	0	0	0	0	25	21	25	7	15	6	58.6206896551724	58.6206896551724	8.3743842364532	8.3743842364532	7.88177339901478	43.859649122807	43.859649122807	12.280701754386	26.3157894736842	10.5263157894737	25	39	6	82.7586206896552	7.88177339901478	68.4210526315789	10.5263157894737	0	NA	NA	NA	0	0	14	10	8	0	0	0	0	0	32	14	0	0	11.3300492610837	30.0492610837438	23.6453201970443	0	0	0	0	0	0	0	0	24.5614035087719	17.5438596491228	14.0350877192982	0	0	0	0	0	NA	NA	NA	0	0	0	0	0	0	0	0	0	0	0	0	0	0	0	0	0	0	0	0	0	24.1379310344828	0	0	0	0	0	0	0	0	0	18.2266009852217	30.5418719211823	34.9753694581281	39.4088669950739	43.8423645320197	47.7832512315271	51.2315270935961	54.1871921182266	56.6502463054187	59.1133004926108	46	41	3.305	0	0	0	3.42011403434582	4.93418155662546	1.48533665259626	0.936979785969084	10.7279861207789	10.5397758379583	0.845923983590153	0	0	0	0	0	0	0	0	0	0	0	0	0	0	0	0	0	0	0	0	0	0	0	0	0	0	0	0	0	0	0	0	0	0	0	0	4	47	4	27	27	27	4	27	47	23	20	27	27	7	7	7	0	0	0	0	3	0	0	0	27	7	7	2	17	17	1	1	4	5	1	7	0	0	0	4.43349753694581	4.43349753694581	50.7389162561576	50.7389162561576	50.7389162561576	4.43349753694581	50.7389162561576	85.7142857142857	46.3054187192118	34.9753694581281	47.7832512315271	47.7832512315271	12.807881773399	12.807881773399	12.807881773399	12.807881773399	0	0	0	0	1.47783251231527	0	0	0	50.7389162561576	12.807881773399	6.40394088669951	36.4532019704434	36.4532019704434	0	0	0	7.01754385964912	82.4561403508772	7.01754385964912	47.3684210526316	47.3684210526316	47.3684210526316	7.01754385964912	47.3684210526316	82.4561403508772	40.3508771929825	35.0877192982456	47.3684210526316	47.3684210526316	12.280701754386	12.280701754386	12.280701754386	0	0	0	0	5.26315789473684	0	0	0	47.3684210526316	12.280701754386	12.280701754386	29.8245614035088	29.8245614035088	12.3152709359606	4.43349753694581	0	0	0	0	0	0	0	0	0	0	0	0	0	0	57	0	0	0	0	100	0	0	0	0	100	0	4	2	2	5	1	7	6	7	0	10	4	3	5.41871921182266	5.26315789473684	3	5.41871921182266	5.26315789473684	3	5.41871921182266	5.26315789473684	31	54.3859649122807	0	0	0	67.6666666666667	0	0	0	0	0	0	0	0
"21-B-037_2021-10-14_1_First"	"BCG_CT_2015"	"bug01"	206	206	5.32787616878958	11	14	135	58	0	0	0	0	52	0	1	5	28	22	1	0	11	26	12	10	4	24	21	0	0	4	44	0	2	1	0	8	2	23	2	2	3	26	24	1	25	0	1	1	9	5	0	0	NA	NA	0	0	0.970873786407767	0.970873786407767	0	1.45631067961165	1.45631067961165	6.79611650485437	9.22330097087379	72.8155339805825	0	0	0	0	0.970873786407767	0	6.79611650485437	22.8155339805825	71.3592233009709	33.9805825242718	33.9805825242718	33.0097087378641	33.0097087378641	65.5339805825243	55.8252427184466	65.5339805825243	56.7961165048544	62.1359223300971	0	0	8.7378640776699	13.3333333333333	31.0344827586207	83.9805825242718	0	0	0	0	0.970873786407767	0.970873786407767	0	16.0194174757282	1.45631067961165	63.5922330097087	1.45631067961165	15.5339805825243	1.45631067961165	3.39805825242718	66.9902912621359	0	0	28.1553398058252	19.4174757281553	0	0	0	1.92307692307692	9.61538461538461	53.8461538461538	0	21.1538461538462	50	23.0769230769231	46.1538461538462	40.3846153846154	0	0	84.6153846153846	0	3.84615384615385	15.3846153846154	3.84615384615385	44.2307692307692	3.84615384615385	5.76923076923077	50	17.3076923076923	9.61538461538461	0	8	5.33980582524272	15.3846153846154	0.485436893203884	3.88349514563107	0.485436893203884	78.5714285714286	0	0	9.09090909090909	9.09090909090909	16.9902912621359	14.0776699029126	3	11.6504854368932	5.76923076923077	3	11.6504854368932	5.76923076923077	0	0	0.485436893203884	9.22330097087379	0	0	0	0	0	0	0	0	0	0	0	0	52	0	0	0	0	0	0	0	0	0	0	0	100	0	0	0	0	0	0	0	0	0	0	0	100	0	0	0	0	0	23	19	23	10	17	9	52.9126213592233	52.9126213592233	16.504854368932	16.504854368932	16.0194174757282	44.2307692307692	44.2307692307692	19.2307692307692	32.6923076923077	17.3076923076923	21	33	9	69.4174757281553	16.0194174757282	63.4615384615385	17.3076923076923	0	NA	NA	NA	0	0	12	11	1	0	0	0	0	0	24	11	0	0	9.70873786407767	24.2718446601942	15.5339805825243	0	0	0	0	0	0	0	0	23.0769230769231	21.1538461538462	1.92307692307692	0	0	0	0	0	NA	NA	NA	0	0	0	0	0	0	0	0	0	0	0	0	0	0	0	0	0	0	0	0	0	3.39805825242718	0	0	0	0	0	0	0	0	0	15.5339805825243	24.2718446601942	32.5242718446602	38.8349514563107	44.6601941747573	50.4854368932039	55.8252427184466	59.7087378640777	63.1067961165049	66.0194174757282	42	40	2.21390374331551	0	0	0	3.31228237416209	4.77861335522757	1.438505957604	0.940710717315487	9.75998659740128	9.57229454745126	0.838288551674374	0	0	0	0	0	0	0	0	0	0	0	0	0	0	0	0	0	0	0	0	0	0	0	0	0	0	0	0	0	0	0	0	0	0	0	0	4	39	4	24	24	24	4	24	39	20	15	20	20	5	5	5	0	0	0	0	8	0	0	0	24	5	4	3	13	13	0	1	4	6	1	5	0	0	0	30.0970873786408	30.0970873786408	63.5922330097087	63.5922330097087	63.5922330097087	30.0970873786408	63.5922330097087	90.7766990291262	33.495145631068	27.1844660194175	30.5825242718447	30.5825242718447	3.39805825242718	3.39805825242718	3.39805825242718	3.39805825242718	0	0	0	0	5.8252427184466	0	0	0	63.5922330097087	3.39805825242718	2.9126213592233	50.4854368932039	50.4854368932039	0	0	0	7.69230769230769	75	7.69230769230769	46.1538461538462	46.1538461538462	46.1538461538462	7.69230769230769	46.1538461538462	75	38.4615384615385	28.8461538461538	38.4615384615385	38.4615384615385	9.61538461538461	9.61538461538461	9.61538461538461	0	0	0	0	15.3846153846154	0	0	0	46.1538461538462	9.61538461538461	7.69230769230769	25	25	8.7378640776699	1.45631067961165	0	0	0	0	0	0	0	0	0	0	0	0	0	0	52	0	0	0	0	100	0	0	0	0	100	0	4	2	2	5	2	6	5	8	1	8	3	3	11.6504854368932	5.76923076923077	3	11.6504854368932	5.76923076923077	3	11.6504854368932	5.76923076923077	24	46.1538461538462	0	0	0	68.6666666666667	1	0	0	0	0	0	0	0
"22-B-001_2022-09-21_1_First"	"BCG_CT_2015"	"bug01"	201	201	5.30330490805908	2	5	134	111	0	0	0	0	26	0	0	3	17	12	0	0	4	16	5	4	1	13	13	0	0	1	22	0	1	0	0	4	1	14	1	0	0	14	13	1	14	0	1	2	8	4	1	0	NA	NA	0	0	0.497512437810945	0	0	42.2885572139303	42.2885572139303	1.49253731343284	25.8706467661692	93.5323383084577	0	0	0	0	0	0	2.48756218905473	4.47761194029851	92.5373134328358	11.4427860696517	11.4427860696517	10.9452736318408	10.9452736318408	66.6666666666667	17.910447761194	66.6666666666667	18.407960199005	66.6666666666667	0	0	48.2587064676617	72.3880597014925	87.3873873873874	98.0099502487562	0	0	0	0	1.99004975124378	0	0	1.99004975124378	0.995024875621891	67.6616915422886	0.497512437810945	49.7512437810945	0.497512437810945	0	67.6616915422886	0	0	55.2238805970149	6.96517412935323	0.497512437810945	0	0	0	11.5384615384615	65.3846153846154	0	15.3846153846154	61.5384615384615	19.2307692307692	50	50	0	0	84.6153846153846	0	3.84615384615385	15.3846153846154	3.84615384615385	53.8461538461538	3.84615384615385	0	53.8461538461538	30.7692307692308	15.3846153846154	3.84615384615385	2	0.995024875621891	7.69230769230769	0	0.497512437810945	0	40	0	0	0	0	1.99004975124378	47.2636815920398	4	1.99004975124378	15.3846153846154	4	1.99004975124378	15.3846153846154	0	0	0	25.8706467661692	0	0	0	0	0	0	0	0	0	0	0	0	26	0	0	0	0	0	0	0	0	0	0	0	100	0	0	0	0	0	0	0	0	0	0	0	100	0	0	0	0	0	12	9	12	1	4	1	20.8955223880597	20.8955223880597	0.497512437810945	0.497512437810945	0.497512437810945	46.1538461538462	46.1538461538462	3.84615384615385	15.3846153846154	3.84615384615385	12	22	1	98.0099502487562	0.497512437810945	84.6153846153846	3.84615384615385	0	NA	NA	NA	0	0	6	7	1	0	0	0	0	0	14	6	0	0	4.97512437810945	37.3134328358209	0.497512437810945	0	0	0	0	0	0	0	0	23.0769230769231	26.9230769230769	3.84615384615385	0	0	0	0	0	NA	NA	NA	0	0	0	0	0	0	0	0	0	0	0	0	0	0	0	0	0	0	0	0	0	0	0	0	0	0	0	0	0	0	0	42.2885572139303	64.1791044776119	69.1542288557214	74.1293532338308	77.1144278606965	80.0995024875622	82.5870646766169	85.0746268656716	87.5621890547264	89.5522388059701	26	17	4.04477611940298	0	0	0	2.09727292973829	3.0257252551241	0.910834060430406	0.763743471696245	4.90260327300615	4.71404160865976	0.643711107164395	0	0	0	0	0	0	0	0	0	0	0	0	0	0	0	0	0	0	0	0	0	0	0	0	0	0	0	0	0	0	0	0	0	0	0	0	4	20	4	11	11	11	4	11	20	7	9	14	14	5	5	5	0	0	0	0	1	0	0	0	11	5	1	1	7	7	0	2	1	3	1	4	0	0	0	6.46766169154229	6.46766169154229	38.3084577114428	38.3084577114428	38.3084577114428	6.46766169154229	38.3084577114428	50.2487562189055	31.8407960199005	11.9402985074627	61.1940298507463	61.1940298507463	49.2537313432836	49.2537313432836	49.2537313432836	49.2537313432836	0	0	0	0	0.497512437810945	0	0	0	38.3084577114428	49.2537313432836	0.497512437810945	12.9353233830846	12.9353233830846	0	0	0	15.3846153846154	76.9230769230769	15.3846153846154	42.3076923076923	42.3076923076923	42.3076923076923	15.3846153846154	42.3076923076923	76.9230769230769	26.9230769230769	34.6153846153846	53.8461538461538	53.8461538461538	19.2307692307692	19.2307692307692	19.2307692307692	0	0	0	0	3.84615384615385	0	0	0	42.3076923076923	19.2307692307692	3.84615384615385	26.9230769230769	26.9230769230769	4.97512437810945	42.2885572139303	0	0	0	0	0	0	0	0	0	0	0	0	0	0	26	0	0	0	0	100	0	0	0	0	100	0	4	2	2	5	1	5	3	4	0	6	2	2	0.995024875621891	7.69230769230769	2	0.995024875621891	7.69230769230769	3	1.49253731343284	11.5384615384615	14	53.8461538461538	0	0	0	67	0	0	0	0	0	0	0	0
"22-B-002_2022-09-29_1_First"	"BCG_CT_2015"	"bug01"	212	212	5.35658627467201	6	8	133	107	0	0	0	0	38	0	0	4	23	14	1	0	6	23	7	4	2	24	19	1	0	1	34	0	0	1	0	4	0	19	0	4	5	24	21	1	22	0	1	1	12	6	0	0	NA	NA	0	0	4.24528301886792	0	0	20.7547169811321	21.2264150943396	2.83018867924528	18.8679245283019	76.8867924528302	0	0	0	0	0.471698113207547	0	3.77358490566038	18.3962264150943	76.8867924528302	7.54716981132075	7.54716981132075	3.30188679245283	3.30188679245283	62.7358490566038	25	62.7358490566038	29.2452830188679	58.0188679245283	0.471698113207547	0	33.4905660377358	53.3834586466165	66.3551401869159	85.377358490566	0	0.471698113207547	0	0	0	0.471698113207547	0	14.622641509434	0	58.0188679245283	0	36.3207547169811	0	4.71698113207547	62.7358490566038	0	0	50.4716981132075	16.9811320754717	0	0	0	0	10.5263157894737	60.5263157894737	0	15.7894736842105	60.5263157894737	18.4210526315789	63.1578947368421	50	2.63157894736842	0	89.4736842105263	0	0	10.5263157894737	0	50	0	13.1578947368421	63.1578947368421	31.5789473684211	15.7894736842105	0	4	2.83018867924528	10.5263157894737	0.471698113207547	1.41509433962264	0.943396226415094	75	0	0	16.6666666666667	33.3333333333333	16.0377358490566	33.4905660377358	3	14.1509433962264	7.89473684210526	3	14.1509433962264	7.89473684210526	0.471698113207547	0.471698113207547	4.24528301886792	18.8679245283019	0	0	0	0	0	0	0	0	0	0	0	0	38	0	0	0	0	0	0	0	0	0	0	0	100	0	0	0	0	0	0	0	0	0	0	0	100	0	0	0	0	0	18	15	18	3	8	2	28.3018867924528	28.3018867924528	14.1509433962264	14.1509433962264	13.2075471698113	47.3684210526316	47.3684210526316	7.89473684210526	21.0526315789474	5.26315789473684	20	30	2	81.6037735849057	13.2075471698113	78.9473684210526	5.26315789473684	0	NA	NA	NA	0	0	9	9	1	0	0	0	0	0	19	8	0	0	8.49056603773585	21.6981132075472	2.83018867924528	0	0	0	0	0	0	0	0	23.6842105263158	23.6842105263158	2.63157894736842	0	0	0	0	0	NA	NA	NA	0	0	0	0	0	0	0	0	0	0	0	0	0	0	0	0	0	0	0	0	0	4.71698113207547	0	0	0	0	0	0	0	0	0	20.7547169811321	33.4905660377358	41.5094339622642	48.1132075471698	54.2452830188679	60.377358490566	65.5660377358491	69.811320754717	72.6415094339623	75.4716981132076	37	31	4.05660377358491	0	0	0	2.98123562570715	4.30101385292921	1.294734181498	0.915672837308651	7.09407037457392	6.90738431208513	0.819564264542779	0	0	0	0	0	0	0	0	0	0	0	0	0	0	0	0	0	0	0	0	0	0	0	0	0	0	0	0	0	0	0	0	0	0	0	0	3	29	3	15	15	15	3	15	29	12	14	21	21	7	7	7	0	0	0	0	2	0	0	0	15	7	4	1	11	11	0	2	3	3	0	4	0	0	0	4.24528301886792	4.24528301886792	27.8301886792453	27.8301886792453	27.8301886792453	4.24528301886792	27.8301886792453	65.0943396226415	23.5849056603774	37.2641509433962	71.2264150943396	71.2264150943396	33.9622641509434	33.9622641509434	33.9622641509434	33.9622641509434	0	0	0	0	0.943396226415094	0	0	0	27.8301886792453	33.9622641509434	2.83018867924528	16.5094339622642	16.5094339622642	0	0	0	7.89473684210526	76.3157894736842	7.89473684210526	39.4736842105263	39.4736842105263	39.4736842105263	7.89473684210526	39.4736842105263	76.3157894736842	31.5789473684211	36.8421052631579	55.2631578947368	55.2631578947368	18.4210526315789	18.4210526315789	18.4210526315789	0	0	0	0	5.26315789473684	0	0	0	39.4736842105263	18.4210526315789	10.5263157894737	28.9473684210526	28.9473684210526	12.7358490566038	20.7547169811321	0	0	0	0	0	0	0	0	0	0	0	0	0	0	38	0	0	0	0	100	0	0	0	0	100	0	3	2	2	4	0	6	4	5	0	9	3	3	14.1509433962264	7.89473684210526	3	14.1509433962264	7.89473684210526	3	14.1509433962264	7.89473684210526	14	36.8421052631579	0	0	0	70.6666666666667	1	0	0	0	0	0	0	0
"22-B-003_2022-09-29_1_First"	"BCG_CT_2015"	"bug01"	200	200	5.29831736654804	31	35	70	40	0	0	0	0	42	0	0	4	16	12	0	0	17	16	3	3	0	15	12	0	0	2	36	0	0	0	0	6	0	12	1	0	3	15	15	0	15	0	2	0	9	5	2	0	NA	NA	0	0	0	0	0	2	3.5	16.5	37.5	68.5	0	0	0	0	0	0	17.5	27.5	68.5	11	11	11	11	35	25.5	35	25.5	31	0	0	9.5	27.1428571428571	47.5	90	0	0	0	0	0	0	0	10	0	31	1	26	1	4	35	0	0	20	10.5	3	0	0	0	9.52380952380952	38.0952380952381	0	40.4761904761905	38.0952380952381	7.14285714285714	35.7142857142857	28.5714285714286	0	0	85.7142857142857	0	0	14.2857142857143	0	28.5714285714286	2.38095238095238	7.14285714285714	35.7142857142857	21.4285714285714	11.9047619047619	4.76190476190476	15	15.5	35.7142857142857	4.5	7.5	1	88.5714285714286	3.2258064516129	0	29.0322580645161	6.45161290322581	21.5	8	5	9	11.9047619047619	5	9	11.9047619047619	1.5	1.5	1.5	37.5	0	0	0	0	0	0	0	0	0	0	0	0	42	0	0	0	0	0	0	0	0	0	0	0	100	0	0	0	0	0	0	0	0	0	0	0	100	0	0	0	0	0	16	13	16	7	14	5	58	58	7.5	7.5	6.5	38.0952380952381	38.0952380952381	16.6666666666667	33.3333333333333	11.9047619047619	13	25	5	71	6.5	59.5238095238095	11.9047619047619	0	NA	NA	NA	0	0	8	5	5	0	0	0	0	0	18	6	0	0	9.5	39	5.5	0	0	0	0	0	0	0	0	19.047619047619	11.9047619047619	11.9047619047619	0	0	0	0	0	NA	NA	NA	0	0	0	0	0	0	0	0	0	0	0	0	0	0	0	0	0	0	0	0	0	4	0	0	0	0	0	0	0	0	0	22	39	44	48	52	56	60	63.5	66.5	69.5	29	26	2.87222222222222	0	0	0	3.13912082662645	4.52879404932524	1.36330285303144	0.9217	7.9270449643457	7.73830579852795	0.839860433696699	0	0	0	0	0	0	0	0	0	0	0	0	0	0	0	0	0	0	0	0	0	0	0	0	0	0	0	0	0	0	0	0	0	0	0	0	3	34	3	19	19	19	3	19	34	16	15	19	19	4	4	4	0	0	0	0	4	0	0	0	19	4	8	2	11	11	0	1	3	2	0	6	0	0	0	10.5	10.5	66.5	66.5	66.5	10.5	66.5	90.5	56	24	31	31	7	7	7	7	0	0	0	0	2.5	0	0	0	66.5	7	11	28.5	28.5	0	0	0	7.14285714285714	80.9523809523809	7.14285714285714	45.2380952380952	45.2380952380952	45.2380952380952	7.14285714285714	45.2380952380952	80.9523809523809	38.0952380952381	35.7142857142857	45.2380952380952	45.2380952380952	9.52380952380952	9.52380952380952	9.52380952380952	0	0	0	0	9.52380952380952	0	0	0	45.2380952380952	9.52380952380952	19.047619047619	26.1904761904762	26.1904761904762	4	2.5	0	0	0	0	0	0	0	0	0	0	0	0	0	0	42	0	0	0	0	100	0	0	0	0	100	0	3	2	2	2	0	5	4	3	0	8	3	2	5	4.76190476190476	2	5	4.76190476190476	3	6	7.14285714285714	18	42.8571428571429	0	0	0	66.6666666666667	0	0	0	0	0	0	0	0
"22-B-004_2022-09-29_1_First"	"BCG_CT_2015"	"bug01"	200	200	5.29831736654804	64	72	88	62	0	0	0	0	51	0	1	3	19	15	1	0	24	18	5	4	1	18	15	0	0	2	47	0	1	1	0	4	1	16	0	0	3	19	18	1	19	0	1	2	10	7	2	0	NA	NA	0	0	0.5	1.5	0	0.5	0.5	32	14	55.5	0	0	0	0	1.5	0	36	41	55	10	10	9.5	9.5	44	25.5	44	26	41	0	0	18	40.9090909090909	58.0645161290323	95	0	0	0	0	0.5	1.5	0	5	0.5	41.5	0	50	0	3	44.5	0	0	31	13	1	0	0	1.96078431372549	5.88235294117647	37.2549019607843	0	47.0588235294118	35.2941176470588	9.80392156862745	35.2941176470588	29.4117647058824	0	0	92.156862745098	0	1.96078431372549	7.84313725490196	1.96078431372549	31.3725490196078	0	5.88235294117647	37.2549019607843	19.6078431372549	13.7254901960784	3.92156862745098	21	32	41.1764705882353	7.5	11.5	7.5	88.8888888888889	1.5625	0	23.4375	23.4375	34.5	9	3	2.5	5.88235294117647	3	2.5	5.88235294117647	0	0	0	14	0	0	0	0	0	0	0	0	0	0	0	0	51	0	0	0	0	0	0	0	0	0	0	0	100	0	0	0	0	0	0	0	0	0	0	0	100	0	0	0	0	0	18	14	18	6	20	3	50	50	12.5	12.5	5	35.2941176470588	35.2941176470588	11.7647058823529	39.2156862745098	5.88235294117647	13	30	3	64.5	5	58.8235294117647	5.88235294117647	0	NA	NA	NA	0	0	12	6	8	0	0	0	0	0	26	9	0	0	14.5	18.5	13.5	0	0	0	0	0	0	0	0	23.5294117647059	11.7647058823529	15.6862745098039	0	0	0	0	0	NA	NA	NA	0	0	0	0	0	0	0	0	0	0	0	0	0	0	0	0	0	0	0	0	0	3	0	0	0	0	0	0	0	0	0	16	25.5	31	35.5	40	44.5	48.5	52.5	56.5	60	36	31	3.57788944723618	0	0	0	3.46992916182336	5.00604959399857	1.50697108757506	0.94975	9.6256974567055	9.43695829088774	0.882523663547888	0	0	0	0	0	0	0	0	0	0	0	0	0	0	0	0	0	0	0	0	0	0	0	0	0	0	0	0	0	0	0	0	0	0	0	0	5	42	5	21	21	21	5	21	42	16	21	23	23	2	2	2	0	0	0	0	7	0	0	0	21	2	12	2	11	11	2	1	2	2	1	6	0	0	0	8.5	8.5	54.5	54.5	54.5	8.5	54.5	89.5	46	35	37	37	2	2	2	2	0	0	0	0	8.5	0	0	0	54.5	2	22	32.5	32.5	0	0	0	9.80392156862745	82.3529411764706	9.80392156862745	41.1764705882353	41.1764705882353	41.1764705882353	9.80392156862745	41.1764705882353	82.3529411764706	31.3725490196078	41.1764705882353	45.0980392156863	45.0980392156863	3.92156862745098	3.92156862745098	3.92156862745098	0	0	0	0	13.7254901960784	0	0	0	41.1764705882353	3.92156862745098	23.5294117647059	21.5686274509804	21.5686274509804	4.5	1.5	0	0	0	0	0	0	0	0	0	0	0	0	0	0	51	0	0	0	0	100	0	0	0	0	100	0	4	2	1	4	1	8	2	4	0	10	2	1	1.5	1.96078431372549	1	1.5	1.96078431372549	1	1.5	1.96078431372549	24	47.0588235294118	0	0	0	66.6666666666667	1	0	0	0	0	0	0	0
"22-B-005_2022-09-30_1_First"	"BCG_CT_2015"	"bug01"	206	206	5.32787616878958	22	31	89	55	0	0	0	0	53	0	1	5	22	18	1	0	18	22	5	4	1	23	17	0	0	2	48	0	2	1	0	5	0	17	2	1	6	23	22	1	23	0	3	2	12	9	0	0	NA	NA	0	0	0.485436893203884	0.485436893203884	0	2.9126213592233	2.9126213592233	11.6504854368932	22.3300970873786	55.8252427184466	0	0	0	0	0.485436893203884	0	15.0485436893204	31.0679611650485	55.8252427184466	6.79611650485437	6.79611650485437	6.31067961165049	6.31067961165049	43.2038834951456	32.5242718446602	43.2038834951456	33.0097087378641	33.495145631068	0	0	10.1941747572816	23.5955056179775	38.1818181818182	83.9805825242718	0	0	0	0	3.39805825242718	0.485436893203884	0	16.0194174757282	0	33.495145631068	0.970873786407767	21.8446601941748	0.970873786407767	9.70873786407767	43.2038834951456	0	0	26.6990291262136	16.504854368932	0	0	0	1.88679245283019	9.43396226415094	41.5094339622642	0	33.9622641509434	41.5094339622642	9.43396226415094	43.3962264150943	32.0754716981132	0	0	90.5660377358491	0	3.77358490566038	9.43396226415094	0	32.0754716981132	3.77358490566038	11.3207547169811	43.3962264150943	22.6415094339623	16.9811320754717	0	14	10.6796116504854	26.4150943396226	2.42718446601942	1.94174757281553	1.94174757281553	70.9677419354839	0	0	22.7272727272727	18.1818181818182	26.2135922330097	16.9902912621359	4	15.5339805825243	7.54716981132075	4	15.5339805825243	7.54716981132075	0	0	0.485436893203884	22.3300970873786	0	0	0	0	0	0	0	0	0	0	0	0	53	0	0	0	0	0	0	0	0	0	0	0	100	0	0	0	0	0	0	0	0	0	0	0	100	0	0	0	0	0	23	19	23	8	18	6	53.8834951456311	53.8834951456311	17.9611650485437	17.9611650485437	16.504854368932	43.3962264150943	43.3962264150943	15.0943396226415	33.9622641509434	11.3207547169811	21	34	6	74.2718446601942	16.504854368932	64.1509433962264	11.3207547169811	0	NA	NA	NA	0	0	15	7	10	0	0	0	0	0	32	12	0	0	19.9029126213592	23.7864077669903	17.9611650485437	0	0	0	0	0	0	0	0	28.3018867924528	13.2075471698113	18.8679245283019	0	0	0	0	0	NA	NA	NA	0	0	0	0	0	0	0	0	0	0	0	0	0	0	0	0	0	0	0	0	0	9.70873786407767	0	0	0	0	0	0	0	0	0	14.0776699029126	26.2135922330097	35.4368932038835	42.7184466019417	48.5436893203884	52.9126213592233	55.8252427184466	58.7378640776699	61.6504854368932	64.0776699029126	42	39	3.04878048780488	0	0	0	3.4007791873874	4.90628726880221	1.47693963525377	0.946366292770289	9.94767864735131	9.75998659740128	0.856556460188543	0	0	0	0	0	0	0	0	0	0	0	0	0	0	0	0	0	0	0	0	0	0	0	0	0	0	0	0	0	0	0	0	0	0	0	0	6	46	6	29	29	29	6	29	46	23	17	19	19	2	2	2	0	0	0	0	5	0	0	0	29	2	9	2	17	17	2	1	5	2	0	9	0	0	0	14.0776699029126	14.0776699029126	65.5339805825243	65.5339805825243	65.5339805825243	14.0776699029126	65.5339805825243	93.2038834951456	51.4563106796116	27.6699029126214	32.0388349514563	32.0388349514563	4.36893203883495	4.36893203883495	4.36893203883495	4.36893203883495	0	0	0	0	2.42718446601942	0	0	0	65.5339805825243	4.36893203883495	8.25242718446602	34.9514563106796	34.9514563106796	0	0	0	11.3207547169811	86.7924528301887	11.3207547169811	54.7169811320755	54.7169811320755	54.7169811320755	11.3207547169811	54.7169811320755	86.7924528301887	43.3962264150943	32.0754716981132	35.8490566037736	35.8490566037736	3.77358490566038	3.77358490566038	3.77358490566038	0	0	0	0	9.43396226415094	0	0	0	54.7169811320755	3.77358490566038	16.9811320754717	32.0754716981132	32.0754716981132	14.0776699029126	2.9126213592233	0	0	0	0	0	0	0	0	0	0	0	0	0	0	53	0	0	0	0	100	0	0	0	0	100	0	3	2	3	4	0	8	5	4	0	8	2	4	15.5339805825243	7.54716981132075	4	15.5339805825243	7.54716981132075	4	15.5339805825243	7.54716981132075	29	54.7169811320755	0	0	0	68.6666666666667	1	0	0	0	0	0	0	0
"22-B-006_2022-09-30_1_First"	"BCG_CT_2015"	"bug01"	200	200	5.29831736654804	5	27	138	130	0	0	0	0	19	0	0	1	9	3	0	0	6	9	2	0	0	9	8	0	0	0	16	0	0	0	1	3	0	8	1	0	1	9	7	1	8	0	0	1	6	2	0	0	NA	NA	0	0	2.5	0	0	6	12.5	3	0.5	68	0	0	0	0	0	0	13.5	30.5	68	2.5	2.5	0	0	69	7	69	9.5	67.5	0	0	59.5	86.231884057971	91.5384615384615	83	0	0	0	0	0	0	0	17	0	67.5	0.5	62.5	0.5	1.5	69	0	0	65	5.5	0	0	0	0	5.26315789473684	47.3684210526316	0	31.5789473684211	47.3684210526316	10.5263157894737	47.3684210526316	42.1052631578947	0	0	84.2105263157895	0	0	15.7894736842105	0	42.1052631578947	5.26315789473684	5.26315789473684	47.3684210526316	31.5789473684211	10.5263157894737	0	4	2.5	21.0526315789474	0.5	1	1	18.5185185185185	0	0	20	40	17.5	26	2	16.5	10.5263157894737	2	16.5	10.5263157894737	6.5	6.5	9	0.5	0	0	0	0	0	0	0	0	0	0	0	0	19	0	0	0	0	0	0	0	0	0	0	0	100	0	0	0	0	0	0	0	0	0	0	0	100	0	0	0	0	0	6	5	6	5	7	2	45.5	45.5	17.5	17.5	15.5	31.5789473684211	31.5789473684211	26.3157894736842	36.8421052631579	10.5263157894737	6	12	2	76	15.5	63.1578947368421	10.5263157894737	0	NA	NA	NA	0	0	2	2	2	0	0	0	0	0	6	1	0	0	2.5	2	6	0	0	0	0	0	0	0	0	10.5263157894737	10.5263157894737	10.5263157894737	0	0	0	0	0	NA	NA	NA	0	0	0	0	0	0	0	0	0	0	0	0	0	0	0	0	0	0	0	0	0	1.5	0	0	0	0	0	0	0	0	0	36.5	51.5	62.5	69	75	81	85.5	89.5	91	92.5	12	11	3.2	0	0	0	2.19548315365444	3.16741265813252	0.953486218743672	0.8177	3.58604415053734	3.39730498471959	0.745637172034712	0	0	0	0	0	0	0	0	0	0	0	0	0	0	0	0	0	0	0	0	0	0	0	0	0	0	0	0	0	0	0	0	0	0	0	0	0	14	0	6	6	6	0	6	14	6	8	12	12	4	4	4	0	0	0	0	1	0	0	0	6	4	2	0	3	3	0	0	1	0	0	2	0	0	0	0	0	43.5	43.5	43.5	0	43.5	70	43.5	26.5	56	56	29.5	29.5	29.5	29.5	0	0	0	0	0.5	0	0	0	43.5	29.5	1.5	42	42	0	0	0	0	73.6842105263158	0	31.5789473684211	31.5789473684211	31.5789473684211	0	31.5789473684211	73.6842105263158	31.5789473684211	42.1052631578947	63.1578947368421	63.1578947368421	21.0526315789474	21.0526315789474	21.0526315789474	0	0	0	0	5.26315789473684	0	0	0	31.5789473684211	21.0526315789474	10.5263157894737	15.7894736842105	15.7894736842105	15	11	0	0	0	0	0	0	0	0	0	0	0	0	0	0	19	0	0	0	0	100	0	0	0	0	100	0	3	2	1	1	0	3	1	1	0	5	1	2	16.5	10.5263157894737	2	16.5	10.5263157894737	2	16.5	10.5263157894737	5	26.3157894736842	0	0	0	66.6666666666667	0	0	0	0	0	0	0	0
"22-B-006_2022-09-30_1_Second"	"BCG_CT_2015"	"bug01"	201	201	5.30330490805908	4	17	141	131	0	0	0	0	22	0	0	2	11	5	0	0	7	11	1	0	0	10	9	0	0	0	19	0	0	0	1	3	0	9	1	0	1	10	9	1	10	0	1	1	8	3	0	0	NA	NA	0	0	2.98507462686567	0	0	2.48756218905473	5.97014925373134	2.48756218905473	1.49253731343284	69.6517412935323	0	0	0	0	0	0	8.45771144278607	28.3582089552239	69.6517412935323	2.98507462686567	2.98507462686567	0	0	70.1492537313433	10.4477611940299	70.1492537313433	13.4328358208955	68.1592039800995	0	0	56.7164179104478	80.8510638297872	87.0229007633588	80.0995024875622	0	0	0	0	0	0	0	19.9004975124378	0	68.1592039800995	0.497512437810945	59.2039800995025	0.497512437810945	1.99004975124378	70.1492537313433	0	0	65.1741293532338	8.45771144278607	0	0	0	0	9.09090909090909	50	0	31.8181818181818	50	4.54545454545455	45.4545454545455	40.9090909090909	0	0	86.3636363636364	0	0	13.6363636363636	0	40.9090909090909	4.54545454545455	4.54545454545455	45.4545454545455	36.3636363636364	13.6363636363636	0	4	1.99004975124378	18.1818181818182	0.995024875621891	0.497512437810945	0.497512437810945	23.5294117647059	0	0	50	25	20.8955223880597	30.8457711442786	2	19.4029850746269	9.09090909090909	2	19.4029850746269	9.09090909090909	4.47761194029851	4.47761194029851	7.46268656716418	0.995024875621891	0	0	0	0	0	0	0	0	0	0	0	0	22	0	0	0	0	0	0	0	0	0	0	0	100	0	0	0	0	0	0	0	0	0	0	0	100	0	0	0	0	0	6	6	6	4	7	2	40.7960199004975	40.7960199004975	19.9004975124378	19.9004975124378	18.9054726368159	27.2727272727273	27.2727272727273	18.1818181818182	31.8181818181818	9.09090909090909	8	14	2	66.6666666666667	18.9054726368159	63.6363636363636	9.09090909090909	0	NA	NA	NA	0	0	4	2	3	0	0	0	0	0	9	3	0	0	2.48756218905473	2.48756218905473	4.47761194029851	0	0	0	0	0	0	0	0	18.1818181818182	9.09090909090909	13.6363636363636	0	0	0	0	0	NA	NA	NA	0	0	0	0	0	0	0	0	0	0	0	0	0	0	0	0	0	0	0	0	0	1.99004975124378	0	0	0	0	0	0	0	0	0	27.363184079602	45.771144278607	58.2089552238806	69.6517412935323	76.1194029850746	79.6019900497512	82.5870646766169	85.5721393034826	88.0597014925373	90.0497512437811	16	15	3.06	0	0	0	2.30999823509731	3.33262299823715	1.00321948670901	0.853394717952526	4.14835661562059	3.9597949512742	0.74732012580014	0	0	0	0	0	0	0	0	0	0	0	0	0	0	0	0	0	0	0	0	0	0	0	0	0	0	0	0	0	0	0	0	0	0	0	0	0	14	0	6	6	6	0	6	14	6	8	12	12	4	4	4	0	0	0	0	4	0	0	0	6	4	3	0	3	3	0	0	1	0	0	3	0	0	0	0	0	36.318407960199	36.318407960199	36.318407960199	0	36.318407960199	63.681592039801	36.318407960199	27.363184079602	57.2139303482587	57.2139303482587	29.8507462686567	29.8507462686567	29.8507462686567	29.8507462686567	0	0	0	0	6.46766169154229	0	0	0	36.318407960199	29.8507462686567	1.49253731343284	34.3283582089552	34.3283582089552	0	0	0	0	63.6363636363636	0	27.2727272727273	27.2727272727273	27.2727272727273	0	27.2727272727273	63.6363636363636	27.2727272727273	36.3636363636364	54.5454545454545	54.5454545454545	18.1818181818182	18.1818181818182	18.1818181818182	0	0	0	0	18.1818181818182	0	0	0	27.2727272727273	18.1818181818182	13.6363636363636	13.6363636363636	13.6363636363636	18.407960199005	12.4378109452736	0	0	0	0	0	0	0	0	0	0	0	0	0	0	22	0	0	0	0	100	0	0	0	0	100	0	3	2	2	1	0	4	2	1	0	6	0	2	19.4029850746269	9.09090909090909	2	19.4029850746269	9.09090909090909	2	19.4029850746269	9.09090909090909	7	31.8181818181818	0	0	0	67	0	0	0	0	0	0	0	0
"22-B-007_2022-09-30_1_First"	"BCG_CT_2015"	"bug01"	211	211	5.35185813347607	59	63	99	39	0	0	0	0	63	0	0	5	31	26	0	0	21	30	12	11	4	30	25	0	0	6	58	0	1	0	0	5	1	26	2	1	5	31	30	1	31	0	1	2	13	9	2	0	NA	NA	0	0	0.947867298578199	0	0	1.4218009478673	1.4218009478673	28.9099526066351	18.0094786729858	61.1374407582938	0	0	0	0	0	0	29.8578199052133	32.7014218009479	60.1895734597156	23.696682464455	23.696682464455	22.7488151658768	22.7488151658768	46.9194312796209	36.4928909952607	46.9194312796209	37.4407582938389	42.1800947867299	0	0	9.47867298578199	20.2020202020202	51.2820512820513	97.1563981042654	0	0	0	0	1.4218009478673	0	0	2.8436018957346	0.947867298578199	43.1279620853081	0.947867298578199	38.3886255924171	0.947867298578199	4.739336492891	47.8672985781991	0	0	18.4834123222749	9.00473933649289	1.4218009478673	0	0	0	7.93650793650794	49.2063492063492	0	33.3333333333333	47.6190476190476	19.047619047619	47.6190476190476	39.6825396825397	0	0	92.0634920634921	0	1.58730158730159	7.93650793650794	1.58730158730159	41.2698412698413	3.17460317460317	7.93650793650794	49.2063492063492	20.6349206349206	14.2857142857143	3.17460317460317	18	27.9620853080569	28.5714285714286	7.58293838862559	9.00473933649289	2.3696682464455	93.6507936507936	15.2542372881356	0	27.1186440677966	8.47457627118644	29.3838862559242	9.95260663507109	5	2.8436018957346	7.93650793650794	5	2.8436018957346	7.93650793650794	0	0	0.947867298578199	18.0094786729858	0	0	0	0	0	0	0	0	0	0	0	0	63	0	0	0	0	0	0	0	0	0	0	0	100	0	0	0	0	0	0	0	0	0	0	0	100	0	0	0	0	0	27	21	27	8	22	4	46.4454976303318	46.4454976303318	6.63507109004739	6.63507109004739	2.8436018957346	42.8571428571429	42.8571428571429	12.6984126984127	34.9206349206349	6.34920634920635	25	40	4	69.6682464454976	2.8436018957346	63.4920634920635	6.34920634920635	0	NA	NA	NA	0	0	13	14	7	0	0	0	0	0	34	11	0	0	12.7962085308057	27.4881516587678	8.53080568720379	0	0	0	0	0	0	0	0	20.6349206349206	22.2222222222222	11.1111111111111	0	0	0	0	0	NA	NA	NA	0	0	0	0	0	0	0	0	0	0	0	0	0	0	0	0	0	0	0	0	0	4.739336492891	0	0	0	0	0	0	0	0	0	7.58293838862559	13.7440758293839	18.957345971564	23.696682464455	28.436018957346	32.7014218009479	36.9668246445498	40.7582938388626	44.5497630331754	47.8672985781991	47	41	3.39901477832512	0	0	0	3.79522203816099	5.47534801352737	1.64824398877093	0.969295388692976	11.7716124808938	11.5847614891336	0.916026701711061	0	0	0	0	0	0	0	0	0	0	0	0	0	0	0	0	0	0	0	0	0	0	0	0	0	0	0	0	0	0	0	0	0	0	0	0	7	55	7	30	30	30	7	30	55	23	25	29	29	4	4	4	0	0	0	0	4	0	0	0	30	4	11	3	17	17	2	1	5	6	1	7	0	0	0	16.1137440758294	16.1137440758294	59.7156398104265	59.7156398104265	59.7156398104265	16.1137440758294	59.7156398104265	88.6255924170616	43.6018957345972	28.9099526066351	34.5971563981043	34.5971563981043	5.68720379146919	5.68720379146919	5.68720379146919	5.68720379146919	0	0	0	0	5.68720379146919	0	0	0	59.7156398104265	5.68720379146919	18.4834123222749	33.6492890995261	33.6492890995261	0	0	0	11.1111111111111	87.3015873015873	11.1111111111111	47.6190476190476	47.6190476190476	47.6190476190476	11.1111111111111	47.6190476190476	87.3015873015873	36.5079365079365	39.6825396825397	46.031746031746	46.031746031746	6.34920634920635	6.34920634920635	6.34920634920635	0	0	0	0	6.34920634920635	0	0	0	47.6190476190476	6.34920634920635	17.4603174603175	26.984126984127	26.984126984127	6.16113744075829	3.3175355450237	0	0	0	0	0	0	0	0	0	0	0	0	0	0	63	0	0	0	0	100	0	0	0	0	100	0	4	2	2	4	1	10	4	8	1	12	2	3	1.4218009478673	4.76190476190476	3	1.4218009478673	4.76190476190476	3	1.4218009478673	4.76190476190476	24	38.0952380952381	0	0	0	70.3333333333333	0	0	0	0	0	0	0	0
"22-B-008_2022-10-06_1_First"	"BCG_CT_2015"	"bug01"	207	207	5.33271879326537	38	44	79	49	0	0	0	0	43	0	1	4	17	13	1	0	15	16	4	3	1	17	12	0	0	1	38	0	1	1	0	5	1	13	1	2	5	18	17	1	18	0	0	3	8	5	0	0	NA	NA	0	0	0.966183574879227	0.483091787439614	0	2.41545893719807	2.89855072463768	18.8405797101449	33.8164251207729	68.1159420289855	0	0	0	0	0.483091787439614	0	21.256038647343	26.5700483091787	67.6328502415459	10.1449275362319	10.1449275362319	9.17874396135266	9.17874396135266	38.1642512077295	32.3671497584541	38.1642512077295	33.3333333333333	33.8164251207729	0	0	4.83091787439614	12.6582278481013	20.4081632653061	94.6859903381642	0	0	0	0	0.966183574879227	0.483091787439614	0	5.31400966183575	0.483091787439614	34.2995169082126	0.483091787439614	23.6714975845411	0.483091787439614	4.34782608695652	38.6473429951691	0	0	23.6714975845411	18.8405797101449	0	0	0	2.32558139534884	9.30232558139535	39.5348837209302	0	34.8837209302326	37.2093023255814	9.30232558139535	39.5348837209302	27.906976744186	0	0	88.3720930232558	0	2.32558139534884	11.6279069767442	2.32558139534884	30.2325581395349	2.32558139534884	11.6279069767442	41.8604651162791	18.6046511627907	11.6279069767442	0	11	18.3574879227053	25.5813953488372	1.44927536231884	3.38164251207729	0	86.3636363636364	2.63157894736842	0	7.89473684210526	0	22.7053140096618	11.1111111111111	3	4.34782608695652	6.97674418604651	3	4.34782608695652	6.97674418604651	0.483091787439614	0.483091787439614	0.483091787439614	33.8164251207729	0	0	0	0	0	0	0	0	0	0	0	0	43	0	0	0	0	0	0	0	0	0	0	0	100	0	0	0	0	0	0	0	0	0	0	0	100	0	0	0	0	0	16	12	16	7	14	5	31.8840579710145	31.8840579710145	6.28019323671498	6.28019323671498	5.31400966183575	37.2093023255814	37.2093023255814	16.2790697674419	32.5581395348837	11.6279069767442	14	27	5	70.5314009661836	5.31400966183575	62.7906976744186	11.6279069767442	0	NA	NA	NA	0	0	8	9	8	0	0	0	0	0	25	8	0	0	6.76328502415459	41.5458937198068	20.2898550724638	0	0	0	0	0	0	0	0	18.6046511627907	20.9302325581395	18.6046511627907	0	0	0	0	0	NA	NA	NA	0	0	0	0	0	0	0	0	0	0	0	0	0	0	0	0	0	0	0	0	0	4.34782608695652	0	0	0	0	0	0	0	0	0	27.536231884058	38.6473429951691	45.4106280193237	51.6908212560386	57.0048309178744	61.3526570048309	64.7342995169082	67.6328502415459	70.048309178744	72.463768115942	30	25	3.82383419689119	0	0	0	2.95030481314958	4.25639012304174	1.28130110028347	0.892996335970501	8.06342911880226	7.87590751138825	0.78440516920104	0	0	0	0	0	0	0	0	0	0	0	0	0	0	0	0	0	0	0	0	0	0	0	0	0	0	0	0	0	0	0	0	0	0	0	0	4	38	4	20	20	20	4	20	38	16	18	21	21	3	3	3	0	0	0	0	2	0	0	0	20	3	8	1	10	10	1	1	3	1	1	4	0	0	0	18.3574879227053	18.3574879227053	66.6666666666667	66.6666666666667	66.6666666666667	18.3574879227053	66.6666666666667	95.6521739130435	48.3091787439614	28.9855072463768	32.3671497584541	32.3671497584541	3.38164251207729	3.38164251207729	3.38164251207729	3.38164251207729	0	0	0	0	0.966183574879227	0	0	0	66.6666666666667	3.38164251207729	16.9082125603865	29.951690821256	29.951690821256	0	0	0	9.30232558139535	88.3720930232558	9.30232558139535	46.5116279069767	46.5116279069767	46.5116279069767	9.30232558139535	46.5116279069767	88.3720930232558	37.2093023255814	41.8604651162791	48.8372093023256	48.8372093023256	6.97674418604651	6.97674418604651	6.97674418604651	0	0	0	0	4.65116279069767	0	0	0	46.5116279069767	6.97674418604651	18.6046511627907	23.2558139534884	23.2558139534884	6.76328502415459	2.41545893719807	0	0	0	0	0	0	0	0	0	0	0	0	0	0	43	0	0	0	0	100	0	0	0	0	100	0	4	2	2	4	1	6	4	4	1	8	3	3	4.34782608695652	6.97674418604651	3	4.34782608695652	6.97674418604651	3	4.34782608695652	6.97674418604651	21	48.8372093023256	0	0	0	69	1	0	0	0	0	0	0	0
"22-B-009_2022-10-06_1_First"	"BCG_CT_2015"	"bug01"	229	229	5.43372200355424	34	37	102	52	0	0	0	0	46	0	0	7	26	23	1	0	12	24	7	7	4	19	17	1	0	1	41	0	1	1	0	5	2	19	0	1	2	21	21	0	21	0	1	3	10	7	2	0	NA	NA	0	0	0	0	0	3.93013100436681	3.93013100436681	14.8471615720524	24.0174672489083	72.0524017467249	0	0	0	0	2.18340611353712	0	16.1572052401747	23.5807860262009	65.5021834061135	18.7772925764192	18.7772925764192	18.7772925764192	18.7772925764192	44.5414847161572	38.8646288209607	44.5414847161572	38.8646288209607	41.4847161572052	2.18340611353712	0	5.67685589519651	12.7450980392157	25	92.5764192139738	0	2.18340611353712	0	0	1.31004366812227	2.18340611353712	0	7.4235807860262	6.55021834061135	48.0349344978166	0	20.5240174672489	0	3.05676855895197	51.0917030567686	0	0	22.707423580786	17.0305676855895	0.873362445414847	0	0	0	15.2173913043478	56.5217391304348	0	26.0869565217391	52.1739130434783	15.2173913043478	41.304347826087	36.9565217391304	2.17391304347826	0	89.1304347826087	0	2.17391304347826	10.8695652173913	4.34782608695652	41.304347826087	0	4.34782608695652	45.6521739130435	21.7391304347826	15.2173913043478	4.34782608695652	9	14.8471615720524	19.5652173913043	1.31004366812227	9.17030567685589	0.436681222707424	91.8918918918919	2.94117647058824	0	8.82352941176471	2.94117647058824	19.2139737991266	15.7205240174672	5	7.4235807860262	10.8695652173913	5	7.4235807860262	10.8695652173913	0	0	0	24.0174672489083	0	0	0	0	0	0	0	0	0	0	0	0	46	0	0	0	0	0	0	0	0	0	0	0	100	0	0	0	0	0	0	0	0	0	0	0	100	0	0	0	0	0	21	17	21	5	12	2	48.0349344978166	48.0349344978166	6.11353711790393	6.11353711790393	4.36681222707424	45.6521739130435	45.6521739130435	10.8695652173913	26.0869565217391	4.34782608695652	18	34	2	78.6026200873362	4.36681222707424	73.9130434782609	4.34782608695652	0	NA	NA	NA	0	0	11	10	5	0	0	0	0	0	26	10	0	0	14.8471615720524	33.1877729257642	7.86026200873362	0	0	0	0	0	0	0	0	23.9130434782609	21.7391304347826	10.8695652173913	0	0	0	0	0	NA	NA	NA	0	0	0	0	0	0	0	0	0	0	0	0	0	0	0	0	0	0	0	0	0	3.05676855895197	0	0	0	0	0	0	0	0	0	8.29694323144105	16.1572052401747	23.5807860262009	30.1310043668122	36.6812227074236	42.7947598253275	47.1615720524017	51.0917030567686	55.0218340611354	58.5152838427948	41	34	3.34497816593886	0	0	0	3.55487475319761	5.12860017741957	1.54386248917091	0.959096889838104	8.46565208339901	8.28161616854251	0.928495093966614	0	0	0	0	0	0	0	0	0	0	0	0	0	0	0	0	0	0	0	0	0	0	0	0	0	0	0	0	0	0	0	0	0	0	0	0	3	42	3	22	22	22	3	22	42	19	20	23	23	3	3	3	0	0	0	0	1	0	0	0	22	3	7	1	12	12	0	1	4	5	2	5	0	0	0	6.11353711790393	6.11353711790393	56.3318777292576	56.3318777292576	56.3318777292576	6.11353711790393	56.3318777292576	93.8864628820961	50.2183406113537	37.5545851528384	43.2314410480349	43.2314410480349	5.67685589519651	5.67685589519651	5.67685589519651	5.67685589519651	0	0	0	0	0.436681222707424	0	0	0	56.3318777292576	5.67685589519651	13.5371179039301	33.1877729257642	33.1877729257642	0	0	0	6.52173913043478	91.304347826087	6.52173913043478	47.8260869565217	47.8260869565217	47.8260869565217	6.52173913043478	47.8260869565217	91.304347826087	41.304347826087	43.4782608695652	50	50	6.52173913043478	6.52173913043478	6.52173913043478	0	0	0	0	2.17391304347826	0	0	0	47.8260869565217	6.52173913043478	15.2173913043478	26.0869565217391	26.0869565217391	8.29694323144105	3.93013100436681	0	0	0	0	0	0	0	0	0	0	0	0	0	0	46	0	0	0	0	100	0	0	0	0	100	0	4	2	2	4	1	8	5	4	2	9	3	3	6.55021834061135	6.52173913043478	3	6.55021834061135	6.52173913043478	3	6.55021834061135	6.52173913043478	18	39.1304347826087	0	0	0	76.3333333333333	1	0	0	0	0	0	0	0
"22-B-009_2022-10-06_1_Second"	"BCG_CT_2015"	"bug01"	207	207	5.33271879326537	24	32	89	46	0	0	0	0	44	0	0	5	25	19	1	0	11	25	8	7	3	22	20	1	0	1	40	0	2	1	0	4	0	20	1	1	2	22	21	1	22	0	2	4	12	7	1	0	NA	NA	0	0	0.483091787439614	0	0	2.41545893719807	2.41545893719807	12.0772946859903	33.3333333333333	73.4299516908213	0	0	0	0	2.41545893719807	0	15.4589371980676	20.7729468599034	73.4299516908213	17.8743961352657	17.8743961352657	17.3913043478261	17.3913043478261	42.9951690821256	36.7149758454106	42.9951690821256	37.1980676328502	40.0966183574879	2.41545893719807	0	5.79710144927536	13.4831460674157	26.0869565217391	94.6859903381642	0	2.41545893719807	0	0	2.89855072463768	2.41545893719807	0	5.31400966183575	0	40.0966183574879	0.483091787439614	17.8743961352657	0.483091787439614	2.89855072463768	42.9951690821256	0	0	22.2222222222222	16.4251207729469	0.483091787439614	0	0	0	11.3636363636364	56.8181818181818	0	25	56.8181818181818	18.1818181818182	50	45.4545454545455	2.27272727272727	0	90.9090909090909	0	4.54545454545455	9.09090909090909	0	45.4545454545455	2.27272727272727	4.54545454545455	50	27.2727272727273	15.9090909090909	2.27272727272727	6	11.5942028985507	13.6363636363636	0	6.76328502415459	0.483091787439614	75	0	0	0	4.16666666666667	14.0096618357488	18.3574879227053	4	5.31400966183575	9.09090909090909	4	5.31400966183575	9.09090909090909	0	0	0	33.3333333333333	0	0	0	0	0	0	0	0	0	0	0	0	44	0	0	0	0	0	0	0	0	0	0	0	100	0	0	0	0	0	0	0	0	0	0	0	100	0	0	0	0	0	21	15	21	4	11	1	50.7246376811594	50.7246376811594	5.31400966183575	5.31400966183575	1.93236714975845	47.7272727272727	47.7272727272727	9.09090909090909	25	2.27272727272727	20	33	1	82.6086956521739	1.93236714975845	75	2.27272727272727	0	NA	NA	NA	0	0	12	9	4	0	0	0	0	0	25	11	0	0	11.1111111111111	45.4106280193237	8.21256038647343	0	0	0	0	0	0	0	0	27.2727272727273	20.4545454545455	9.09090909090909	0	0	0	0	0	NA	NA	NA	0	0	0	0	0	0	0	0	0	0	0	0	0	0	0	0	0	0	0	0	0	2.89855072463768	0	0	0	0	0	0	0	0	0	14.0096618357488	21.7391304347826	28.9855072463768	35.2657004830918	40.0966183574879	44.9275362318841	49.2753623188406	53.1400966183575	56.5217391304348	58.9371980676328	40	28	3.3719806763285	0	0	0	3.33696823117316	4.81422751871753	1.44922688908496	0.948680249247357	8.25095072621626	8.06342911880226	0.881818448331291	0	0	0	0	0	0	0	0	0	0	0	0	0	0	0	0	0	0	0	0	0	0	0	0	0	0	0	0	0	0	0	0	0	0	0	0	4	38	4	21	21	21	4	21	38	17	17	22	22	5	5	5	0	0	0	0	1	0	0	0	21	5	5	2	12	12	0	1	3	5	0	5	0	0	0	8.21256038647343	8.21256038647343	56.5217391304348	56.5217391304348	56.5217391304348	8.21256038647343	56.5217391304348	93.719806763285	48.3091787439614	37.1980676328502	42.9951690821256	42.9951690821256	5.79710144927536	5.79710144927536	5.79710144927536	5.79710144927536	0	0	0	0	0.483091787439614	0	0	0	56.5217391304348	5.79710144927536	9.17874396135266	32.3671497584541	32.3671497584541	0	0	0	9.09090909090909	86.3636363636364	9.09090909090909	47.7272727272727	47.7272727272727	47.7272727272727	9.09090909090909	47.7272727272727	86.3636363636364	38.6363636363636	38.6363636363636	50	50	11.3636363636364	11.3636363636364	11.3636363636364	0	0	0	0	2.27272727272727	0	0	0	47.7272727272727	11.3636363636364	11.3636363636364	27.2727272727273	27.2727272727273	14.0096618357488	2.41545893719807	0	0	0	0	0	0	0	0	0	0	0	0	0	0	44	0	0	0	0	100	0	0	0	0	100	0	3	2	2	5	0	7	4	6	0	9	3	3	4.83091787439614	6.81818181818182	3	4.83091787439614	6.81818181818182	3	4.83091787439614	6.81818181818182	13	29.5454545454545	0	0	0	69	1	0	0	0	0	0	0	0
"22-B-010_2022-10-06_1_First"	"BCG_CT_2015"	"bug01"	227	227	5.4249500174814	20	26	122	78	0	0	0	0	48	0	0	5	26	21	0	0	14	25	8	8	3	23	20	0	0	3	44	0	1	0	0	4	1	21	1	1	3	24	24	0	24	0	1	2	12	7	2	0	NA	NA	0	0	0	0	0	7.9295154185022	7.9295154185022	9.2511013215859	29.9559471365639	78.8546255506608	0	0	0	0	0	0	11.4537444933921	14.5374449339207	78.4140969162996	14.0969162995595	14.0969162995595	14.0969162995595	14.0969162995595	53.7444933920705	32.5991189427313	53.7444933920705	32.5991189427313	48.4581497797357	0	0	21.1453744493392	39.344262295082	61.5384615384615	96.9162995594714	0	0	0	0	1.3215859030837	0	0	3.08370044052863	0.440528634361233	48.8986784140969	0.440528634361233	30.3964757709251	0.440528634361233	5.2863436123348	54.1850220264317	0	0	34.3612334801762	13.215859030837	1.3215859030837	0	0	0	10.4166666666667	54.1666666666667	0	29.1666666666667	52.0833333333333	16.6666666666667	47.9166666666667	41.6666666666667	0	0	91.6666666666667	0	2.08333333333333	8.33333333333333	2.08333333333333	43.75	2.08333333333333	6.25	50	25	14.5833333333333	4.16666666666667	10	8.81057268722467	20.8333333333333	2.20264317180617	3.52422907488987	0.440528634361233	76.9230769230769	0	0	25	5	10.5726872246696	16.7400881057269	3	1.76211453744493	6.25	3	1.76211453744493	6.25	0.440528634361233	0.440528634361233	0.440528634361233	29.9559471365639	0	0	0	0	0	0	0	0	0	0	0	0	48	0	0	0	0	0	0	0	0	0	0	0	100	0	0	0	0	0	0	0	0	0	0	0	100	0	0	0	0	0	23	17	23	3	15	2	61.6740088105727	61.6740088105727	2.20264317180617	2.20264317180617	1.76211453744493	47.9166666666667	47.9166666666667	6.25	31.25	4.16666666666667	20	33	2	87.2246696035242	1.76211453744493	68.75	4.16666666666667	0	NA	NA	NA	0	0	11	10	4	0	0	0	0	0	25	10	0	0	12.3348017621145	37.8854625550661	2.20264317180617	0	0	0	0	0	0	0	0	22.9166666666667	20.8333333333333	8.33333333333333	0	0	0	0	0	NA	NA	NA	0	0	0	0	0	0	0	0	0	0	0	0	0	0	0	0	0	0	0	0	0	5.2863436123348	0	0	0	0	0	0	0	0	0	13.215859030837	25.1101321585903	33.0396475770925	40.9691629955947	47.5770925110132	51.1013215859031	54.625550660793	58.1497797356828	61.6740088105727	65.1982378854626	40	34	3.02202643171806	0	0	0	3.38659894101317	4.88582949767952	1.47078123250142	0.949057812105805	8.84800778722835	8.66367429166109	0.874818675514587	0	0	0	0	0	0	0	0	0	0	0	0	0	0	0	0	0	0	0	0	0	0	0	0	0	0	0	0	0	0	0	0	0	0	0	0	4	39	4	24	24	24	4	24	39	20	15	20	20	5	5	5	0	0	0	0	4	0	0	0	24	5	5	2	13	13	1	1	5	5	0	5	0	0	0	9.69162995594714	9.69162995594714	62.5550660792952	62.5550660792952	62.5550660792952	9.69162995594714	62.5550660792952	79.295154185022	52.863436123348	16.7400881057269	34.8017621145374	34.8017621145374	18.0616740088106	18.0616740088106	18.0616740088106	18.0616740088106	0	0	0	0	2.6431718061674	0	0	0	62.5550660792952	18.0616740088106	6.16740088105727	27.7533039647577	27.7533039647577	0	0	0	8.33333333333333	81.25	8.33333333333333	50	50	50	8.33333333333333	50	81.25	41.6666666666667	31.25	41.6666666666667	41.6666666666667	10.4166666666667	10.4166666666667	10.4166666666667	0	0	0	0	8.33333333333333	0	0	0	50	10.4166666666667	10.4166666666667	27.0833333333333	27.0833333333333	3.52422907488987	8.81057268722467	0	0	0	0	0	0	0	0	0	0	0	0	0	0	48	0	0	0	0	100	0	0	0	0	100	0	4	2	2	4	1	7	4	5	1	11	2	1	0.440528634361233	2.08333333333333	1	0.440528634361233	2.08333333333333	1	0.440528634361233	2.08333333333333	16	33.3333333333333	0	0	0	75.6666666666667	0	0	0	0	0	0	0	0
"22-B-011_2022-10-07_1_First"	"BCG_CT_2015"	"bug01"	211	210	5.35185813347607	16	24	141	34	0	0	0	0	43	2	0	4	20	14	3	1	12	17	5	3	2	13	13	3	0	1	32	0	0	3	0	11	3	16	1	0	0	16	14	1	15	0	0	2	8	4	1	0	NA	NA	0.947867298578199	0.947867298578199	47.39336492891	0	0	0.4739336492891	1.4218009478673	8.05687203791469	2.8436018957346	72.5118483412322	0	1.8957345971564	0.947867298578199	0	10.4265402843602	0.4739336492891	11.3744075829384	27.4881516587678	69.6682464454976	50.7109004739336	50.7109004739336	3.3175355450237	3.3175355450237	66.824644549763	9.95260663507109	66.824644549763	57.345971563981	66.824644549763	10.4265402843602	0	9.47867298578199	14.1843971631206	58.8235294117647	83.8862559241706	0	10.4265402843602	0	0	0	10.4265402843602	0	16.1137440758294	2.8436018957346	69.6682464454976	0.4739336492891	17.5355450236967	0.4739336492891	0	69.6682464454976	0	0	16.1137440758294	6.63507109004739	0.4739336492891	0	4.65116279069767	0	9.30232558139535	46.5116279069767	2.32558139534884	27.906976744186	39.5348837209302	11.6279069767442	30.2325581395349	30.2325581395349	6.97674418604651	0	74.4186046511628	0	0	25.5813953488372	6.97674418604651	37.2093023255814	2.32558139534884	0	37.2093023255814	18.6046511627907	9.30232558139535	2.32558139534884	8	7.58293838862559	18.6046511627907	5.68720379146919	1.4218009478673	0	66.6666666666667	75	6.25	75	0	10.4265402843602	54.9763033175355	8	14.6919431279621	18.6046511627907	8	14.6919431279621	18.6046511627907	1.4218009478673	1.4218009478673	1.8957345971564	2.8436018957346	0	0	0	0	0	0	0	0	0	0	0	0	43	0	0	0	0	0	0	0	0	0	0	0	100	0	0	0	0	0	0	0	0	0	0	0	100	0	0	0	0	0	13	10	13	9	18	7	14.6919431279621	14.6919431279621	7.58293838862559	7.58293838862559	6.63507109004739	30.2325581395349	30.2325581395349	20.9302325581395	41.8604651162791	16.2790697674419	11	23	7	70.1421800947867	6.63507109004739	53.4883720930233	16.2790697674419	0	NA	NA	NA	0	0	5	10	2	0	0	0	0	0	17	5	0	0	4.2654028436019	61.6113744075829	1.8957345971564	0	0	0	0	0	0	0	0	11.6279069767442	23.2558139534884	4.65116279069767	0	0	0	0	0	NA	NA	NA	0	0	0	0	0	0	0	0	0	0	0	0	0	0	0	0	0	0	0	0	0	0	0	0	0	0	0	0	0	0	0	46.9194312796209	54.9763033175355	61.1374407582938	65.4028436018957	67.7725118483412	70.1421800947867	72.0379146919431	73.9336492890995	75.8293838862559	77.7251184834123	26	20	4.29353233830846	0	0	0	2.43501543563466	3.5129846934782	1.05751376704537	0.763370095011343	8.03459264568944	7.84774165392922	0.647403850030362	0	0	0	0	0	0	0	0	0	0	0	0	0	0	0	0	0	0	0	0	0	0	0	0	0	0	0	0	0	0	0	0	0	0	0	0	1	29	1	8	8	8	1	8	29	7	21	28	28	7	7	7	0	0	0	0	4	0	0	0	8	7	5	1	5	5	0	0	2	2	1	3	0	0	0	0.4739336492891	0.4739336492891	10.9004739336493	10.9004739336493	10.9004739336493	0.4739336492891	10.9004739336493	82.4644549763033	10.4265402843602	71.563981042654	81.9905213270142	81.9905213270142	10.4265402843602	11.8483412322275	10.4265402843602	10.4265402843602	0	0	0	0	5.68720379146919	0	0	0	10.9004739336493	10.4265402843602	2.3696682464455	8.05687203791469	8.05687203791469	0	0	0	2.32558139534884	67.4418604651163	2.32558139534884	18.6046511627907	18.6046511627907	18.6046511627907	2.32558139534884	18.6046511627907	67.4418604651163	16.2790697674419	48.8372093023256	65.1162790697674	65.1162790697674	16.2790697674419	16.2790697674419	16.2790697674419	0	0	0	0	9.30232558139535	0	0	0	18.6046511627907	16.2790697674419	11.6279069767442	11.6279069767442	11.6279069767442	46.9194312796209	6.16113744075829	0	0	0	0	0	0	0	0	0	0	0	0	0	0	43	0	0	0	0	100	0	0	0	0	100	0	4	2	2	3	2	4	3	5	1	8	2	7	14.218009478673	16.2790697674419	7	14.218009478673	16.2790697674419	7	14.218009478673	16.2790697674419	22	51.1627906976744	0	0	0	70.3333333333333	3	0	0	0	0	0	0	0
"22-B-012_2022-10-07_1_First"	"BCG_CT_2015"	"bug01"	214	214	5.36597601502185	11	16	92	47	0	0	0	0	39	3	0	5	18	13	3	0	10	17	4	3	1	12	12	3	0	2	28	1	0	3	0	11	1	13	0	0	0	13	12	1	13	0	1	1	8	4	0	0	NA	NA	27.5700934579439	29.4392523364486	14.9532710280374	0	0	2.33644859813084	2.80373831775701	5.14018691588785	7.94392523364486	51.4018691588785	0	0	25.7009345794393	0	3.73831775700935	0	7.47663551401869	48.5981308411215	50.9345794392523	21.0280373831776	21.0280373831776	6.07476635514019	6.07476635514019	42.9906542056075	17.7570093457944	42.9906542056075	32.7102803738318	42.9906542056075	3.73831775700935	0	10.2803738317757	23.9130434782609	46.8085106382979	58.8785046728972	1.86915887850467	5.60747663551402	0	0	0	3.73831775700935	0	41.1214953271028	0.467289719626168	43.4579439252336	0	15.4205607476636	0	0	43.4579439252336	0	0	21.9626168224299	11.6822429906542	0	0	7.69230769230769	0	12.8205128205128	46.1538461538462	0	25.6410256410256	43.5897435897436	10.2564102564103	30.7692307692308	30.7692307692308	7.69230769230769	0	71.7948717948718	2.56410256410256	0	28.2051282051282	2.56410256410256	33.3333333333333	0	0	33.3333333333333	20.5128205128205	10.2564102564103	0	8	5.14018691588785	20.5128205128205	0.467289719626168	2.33644859813084	0.467289719626168	68.75	9.09090909090909	0	9.09090909090909	9.09090909090909	10.7476635514019	33.6448598130841	8	31.7757009345794	20.5128205128205	8	31.7757009345794	20.5128205128205	0.467289719626168	0.467289719626168	0.467289719626168	7.94392523364486	0	0	0	0	0	0	0	0	0	0	0	0	39	0	0	0	0	0	0	0	0	0	0	0	100	0	0	0	0	0	0	0	0	0	0	0	100	0	0	0	0	0	7	4	7	8	15	7	11.6822429906542	11.6822429906542	28.0373831775701	28.0373831775701	27.5700934579439	17.9487179487179	17.9487179487179	20.5128205128205	38.4615384615385	17.9487179487179	9	20	7	49.0654205607477	27.5700934579439	51.2820512820513	17.9487179487179	0	NA	NA	NA	0	0	4	12	3	0	0	0	0	0	19	3	0	0	3.73831775700935	38.3177570093458	2.80373831775701	0	0	0	0	0	0	0	0	10.2564102564103	30.7692307692308	7.69230769230769	0	0	0	0	0	NA	NA	NA	0	0	0	0	0	0	0	0	0	0	0	0	0	0	0	0	0	0	0	0	0	0	0	0	0	0	0	0	0	0	0	18.6915887850467	33.6448598130841	40.1869158878505	45.3271028037383	50	54.2056074766355	57.9439252336449	61.6822429906542	65.4205607476636	69.1588785046729	18	7	5.41206030150754	0	0	0	3.02994777694911	4.37129063195702	1.31588959998402	0.921215826709756	7.26801608706803	7.08165670022013	0.827049759118995	0	0	0	0	0	0	0	0	0	0	0	0	0	0	0	0	0	0	0	0	0	0	0	0	0	0	0	0	0	0	0	0	0	0	0	0	1	28	1	5	5	5	1	5	28	4	23	29	29	6	6	6	0	0	0	0	3	0	0	0	5	6	6	0	3	3	0	1	2	0	0	3	0	0	0	0.467289719626168	0.467289719626168	12.1495327102804	12.1495327102804	12.1495327102804	0.467289719626168	12.1495327102804	60.2803738317757	11.6822429906542	48.1308411214953	77.5700934579439	77.5700934579439	29.4392523364486	35.0467289719626	29.4392523364486	29.4392523364486	0	0	0	0	4.67289719626168	0	0	0	12.1495327102804	29.4392523364486	4.20560747663551	7.47663551401869	7.47663551401869	0	0	0	2.56410256410256	71.7948717948718	2.56410256410256	12.8205128205128	12.8205128205128	12.8205128205128	2.56410256410256	12.8205128205128	71.7948717948718	10.2564102564103	58.974358974359	74.3589743589744	74.3589743589744	15.3846153846154	15.3846153846154	15.3846153846154	0	0	0	0	7.69230769230769	0	0	0	12.8205128205128	15.3846153846154	15.3846153846154	7.69230769230769	7.69230769230769	14.9532710280374	18.6915887850467	0	0	0	0	0	0	0	0	0	0	0	0	0	0	39	0	0	0	0	100	0	0	0	0	100	0	4	2	2	3	1	5	4	3	1	7	3	8	31.7757009345794	20.5128205128205	8	31.7757009345794	20.5128205128205	8	31.7757009345794	20.5128205128205	17	43.5897435897436	0	0	0	71.3333333333333	3	0	0	0	0	0	0	0
"22-B-013_2022-10-07_1_First"	"BCG_CT_2015"	"bug01"	217	217	5.37989735354046	5	20	77	42	0	0	0	0	31	0	0	6	15	11	0	0	11	15	4	3	1	10	9	0	0	1	29	0	2	0	0	2	0	9	0	0	1	10	9	1	10	0	0	3	5	2	1	0	NA	NA	0	0	5.06912442396313	0	0	2.76497695852535	4.60829493087558	2.30414746543779	47.4654377880184	82.4884792626728	0	0	0	0	0	0	9.21658986175115	15.2073732718894	82.4884792626728	15.668202764977	15.668202764977	10.5990783410138	10.5990783410138	35.4838709677419	23.0414746543779	35.4838709677419	28.110599078341	35.0230414746544	0	0	7.37327188940092	20.7792207792208	38.0952380952381	94.0092165898618	0	0	0	0	1.84331797235023	0	0	5.99078341013825	0	35.0230414746544	0	9.67741935483871	0	0.460829493087558	35.4838709677419	0	0	19.3548387096774	11.9815668202765	0.460829493087558	0	0	0	19.3548387096774	48.3870967741936	0	35.4838709677419	48.3870967741936	12.9032258064516	32.258064516129	29.0322580645161	0	0	93.5483870967742	0	6.45161290322581	6.45161290322581	0	29.0322580645161	0	3.2258064516129	32.258064516129	16.1290322580645	6.45161290322581	3.2258064516129	5	2.30414746543779	16.1290322580645	0.921658986175115	0.460829493087558	0.460829493087558	25	0	0	40	20	7.83410138248848	26.7281105990783	2	5.99078341013825	6.45161290322581	2	5.99078341013825	6.45161290322581	1.84331797235023	1.84331797235023	1.84331797235023	47.4654377880184	0	0	0	0	0	0	0	0	0	0	0	0	31	0	0	0	0	0	0	0	0	0	0	0	100	0	0	0	0	0	0	0	0	0	0	0	100	0	0	0	0	0	8	4	8	2	7	1	11.9815668202765	11.9815668202765	5.99078341013825	5.99078341013825	5.52995391705069	25.8064516129032	25.8064516129032	6.45161290322581	22.5806451612903	3.2258064516129	7	23	1	81.5668202764977	5.52995391705069	74.1935483870968	3.2258064516129	0	NA	NA	NA	0	0	7	9	3	0	0	0	0	0	19	6	0	0	4.14746543778802	63.1336405529954	4.14746543778802	0	0	0	0	0	0	0	0	22.5806451612903	29.0322580645161	9.67741935483871	0	0	0	0	0	NA	NA	NA	0	0	0	0	0	0	0	0	0	0	0	0	0	0	0	0	0	0	0	0	0	0.460829493087558	0	0	0	0	0	0	0	0	0	20.7373271889401	38.7096774193548	47.4654377880184	54.8387096774194	60.36866359447	65.4377880184332	69.5852534562212	72.8110599078341	76.036866359447	79.2626728110599	19	5	4.44776119402985	0	0	0	2.83561678930938	4.09093027979812	1.23149272438928	0.909681666631273	5.7621917227843	5.57631457043642	0.825750540248306	0	0	0	0	0	0	0	0	0	0	0	0	0	0	0	0	0	0	0	0	0	0	0	0	0	0	0	0	0	0	0	0	0	0	0	0	0	24	0	10	10	10	0	10	24	10	14	17	17	3	3	3	0	0	0	0	4	0	0	0	10	3	4	0	2	2	0	0	4	1	0	1	0	0	0	0	0	37.3271889400922	37.3271889400922	37.3271889400922	0	37.3271889400922	88.9400921658986	37.3271889400922	51.6129032258064	59.4470046082949	59.4470046082949	7.83410138248848	7.83410138248848	7.83410138248848	7.83410138248848	0	0	0	0	3.2258064516129	0	0	0	37.3271889400922	7.83410138248848	1.84331797235023	5.99078341013825	5.99078341013825	0	0	0	0	77.4193548387097	0	32.258064516129	32.258064516129	32.258064516129	0	32.258064516129	77.4193548387097	32.258064516129	45.1612903225806	54.8387096774194	54.8387096774194	9.67741935483871	9.67741935483871	9.67741935483871	0	0	0	0	12.9032258064516	0	0	0	32.258064516129	9.67741935483871	12.9032258064516	6.45161290322581	6.45161290322581	17.9723502304147	3.2258064516129	0	0	0	0	0	0	0	0	0	0	0	0	0	0	31	0	0	0	0	100	0	0	0	0	100	0	3	2	2	4	0	3	6	4	0	4	4	1	5.52995391705069	3.2258064516129	1	5.52995391705069	3.2258064516129	1	5.52995391705069	3.2258064516129	12	38.7096774193548	0	0	0	72.3333333333333	0	0	0	0	0	0	0	0
"22-B-014_2022-10-11_1_First"	"BCG_CT_2015"	"bug01"	202	202	5.30826769740121	29	36	115	101	0	0	0	0	37	1	0	4	18	15	0	0	13	17	2	2	0	13	13	0	0	2	31	0	0	0	0	6	1	14	0	0	0	14	14	0	14	0	0	1	11	8	2	0	NA	NA	5.94059405940594	5.94059405940594	0	0	0	16.3366336633663	18.8118811881188	14.3564356435644	14.8514851485149	72.7722772277228	0	0	5.94059405940594	0	0	0	17.8217821782178	27.2277227722772	71.7821782178218	6.93069306930693	6.93069306930693	6.93069306930693	6.93069306930693	56.9306930693069	32.6732673267327	56.9306930693069	32.6732673267327	56.9306930693069	0	0	24.2574257425743	42.6086956521739	48.5148514851485	90.5940594059406	0	0	0	0	0	0	0	9.40594059405941	0.99009900990099	57.9207920792079	0	38.6138613861386	0	0	57.9207920792079	0	0	50	25.7425742574257	1.98019801980198	0	2.7027027027027	0	10.8108108108108	48.6486486486486	0	35.1351351351351	45.9459459459459	5.40540540540541	35.1351351351351	35.1351351351351	0	0	83.7837837837838	0	0	16.2162162162162	2.7027027027027	37.8378378378378	0	0	37.8378378378378	29.7297297297297	21.6216216216216	5.40540540540541	11	14.3564356435644	29.7297297297297	6.43564356435644	5.94059405940594	0	80.5555555555556	31.0344827586207	3.44827586206897	44.8275862068966	0	15.3465346534653	32.1782178217822	4	7.42574257425743	10.8108108108108	4	7.42574257425743	10.8108108108108	2.47524752475248	2.47524752475248	2.47524752475248	14.8514851485149	0	0	0	0	0	0	0	0	0	0	0	0	37	0	0	0	0	0	0	0	0	0	0	0	100	0	0	0	0	0	0	0	0	0	0	0	100	0	0	0	0	0	6	4	6	5	12	4	13.8613861386139	13.8613861386139	8.41584158415842	8.41584158415842	7.92079207920792	16.2162162162162	16.2162162162162	13.5135135135135	32.4324324324324	10.8108108108108	8	22	4	72.7722772277228	7.92079207920792	59.4594594594595	10.8108108108108	0	NA	NA	NA	0	0	6	7	4	0	0	0	0	0	17	6	0	0	5.94059405940594	26.2376237623762	2.47524752475248	0	0	0	0	0	0	0	0	16.2162162162162	18.9189189189189	10.8108108108108	0	0	0	0	0	NA	NA	NA	0	0	0	0	0	0	0	0	0	0	0	0	0	0	0	0	0	0	0	0	0	0	0	0	0	0	0	0	0	0	0	16.3366336633663	32.1782178217822	39.1089108910891	45.049504950495	50.4950495049505	55.4455445544554	59.9009900990099	64.3564356435644	68.8118811881188	72.7722772277228	16	8	4.56382978723404	0	0	0	3.03864658774104	4.38384036314817	1.31966744551008	0.923929026566023	6.97025886959587	6.78187349474193	0.841516384823016	0	0	0	0	0	0	0	0	0	0	0	0	0	0	0	0	0	0	0	0	0	0	0	0	0	0	0	0	0	0	0	0	0	0	0	0	0	27	0	5	5	5	0	5	27	5	22	27	27	5	5	5	0	0	0	0	4	0	0	0	5	5	8	0	3	3	0	0	1	0	0	3	0	0	0	0	0	4.95049504950495	4.95049504950495	4.95049504950495	0	4.95049504950495	63.3663366336634	4.95049504950495	58.4158415841584	91.0891089108911	91.0891089108911	32.6732673267327	33.1683168316832	32.6732673267327	32.6732673267327	0	0	0	0	3.46534653465347	0	0	0	4.95049504950495	32.6732673267327	11.8811881188119	3.46534653465347	3.46534653465347	0	0	0	0	72.972972972973	0	13.5135135135135	13.5135135135135	13.5135135135135	0	13.5135135135135	72.972972972973	13.5135135135135	59.4594594594595	72.972972972973	72.972972972973	13.5135135135135	13.5135135135135	13.5135135135135	0	0	0	0	10.8108108108108	0	0	0	13.5135135135135	13.5135135135135	21.6216216216216	8.10810810810811	8.10810810810811	15.8415841584158	16.3366336633663	0	0	0	0	0	0	0	0	0	0	0	0	0	0	37	0	0	0	0	100	0	0	0	0	100	0	4	2	2	1	1	6	3	1	1	8	2	3	6.93069306930693	8.10810810810811	3	6.93069306930693	8.10810810810811	3	6.93069306930693	8.10810810810811	16	43.2432432432432	0	0	0	67.3333333333333	0	0	0	0	0	0	0	0
"22-B-015_2022-10-11_1_First"	"BCG_CT_2015"	"bug01"	200	199	5.29831736654804	2	3	16	12	0	0	0	0	19	0	1	4	7	6	2	1	2	7	0	0	0	4	3	1	0	0	10	0	0	2	0	9	0	3	1	0	1	4	4	0	4	0	0	1	3	2	0	0	NA	NA	0	0	0	0.5	0	1.5	1.5	2.5	56.5	62.5	0	1.5	0	0	2	0.5	1.5	35.5	62.5	0	0	0	0	8	6.5	8	6.5	6	1.5	0	1.5	18.75	25	66	0	1.5	0	0	0	2	0	34	0	6	1.5	4	1.5	2	8	0	0	6	4.5	0	0	0	5.26315789473684	21.0526315789474	36.8421052631579	5.26315789473684	10.5263157894737	36.8421052631579	0	21.0526315789474	15.7894736842105	5.26315789473684	0	52.6315789473684	0	0	47.3684210526316	0	15.7894736842105	5.26315789473684	5.26315789473684	21.0526315789474	15.7894736842105	10.5263157894737	0	1	1	5.26315789473684	1	0	0	66.6666666666667	0	0	100	0	31	51.5	5	30.5	26.3157894736842	5	30.5	26.3157894736842	0	0	0	56.5	0	0	0	0	0	0	0	0	0	0	0	0	19	0	0	0	0	0	0	0	0	0	0	0	100	0	0	0	0	0	0	0	0	0	0	0	100	0	0	0	0	0	4	2	4	7	9	7	11	11	33	33	33	21.0526315789474	21.0526315789474	36.8421052631579	47.3684210526316	36.8421052631579	2	9	7	65.5	33	47.3684210526316	36.8421052631579	0	NA	NA	NA	0	0	1	5	3	0	0	0	0	0	9	1	0	0	1	60.5	3	0	0	0	0	0	0	0	0	5.26315789473684	26.3157894736842	15.7894736842105	0	0	0	0	0	NA	NA	NA	0	0	0	0	0	0	0	0	0	0	0	0	0	0	0	0	0	0	0	0	0	2	0	0	0	0	0	0	0	0	0	27.5	51.5	72	79	83	86.5	88.5	90	91.5	93	8	3	4.91959798994975	0	0	0	2.21659471362308	3.19787020100471	0.962654852742422	0.83855	3.58604415053734	3.39730498471959	0.752807149106072	0	0	0	0	0	0	0	0	0	0	0	0	0	0	0	0	0	0	0	0	0	0	0	0	0	0	0	0	0	0	0	0	0	0	0	0	0	14	0	3	3	3	0	3	14	3	11	13	13	2	2	2	0	0	0	0	3	0	0	0	3	2	1	0	1	1	0	0	1	0	0	1	0	0	0	0	0	9	9	9	0	9	95.5	9	86.5	89	89	2.5	2.5	2.5	2.5	0	0	0	0	2	0	0	0	9	2.5	1	4	4	0	0	0	0	73.6842105263158	0	15.7894736842105	15.7894736842105	15.7894736842105	0	15.7894736842105	73.6842105263158	15.7894736842105	57.8947368421053	68.4210526315789	68.4210526315789	10.5263157894737	10.5263157894737	10.5263157894737	0	0	0	0	15.7894736842105	0	0	0	15.7894736842105	10.5263157894737	5.26315789473684	5.26315789473684	5.26315789473684	27.5	1.5	0	0	0	0	0	0	0	0	0	0	0	0	0	0	19	0	0	0	0	100	0	0	0	0	100	0	2	1	1	0	0	3	3	0	0	3	3	5	30.5	26.3157894736842	5	30.5	26.3157894736842	5	30.5	26.3157894736842	5	26.3157894736842	0	0	0	66.6666666666667	2	0	0	0	0	0	0	0
"22-B-016_2022-10-11_1_First"	"BCG_CT_2015"	"bug01"	202	202	5.30826769740121	13	18	126	116	0	0	0	0	39	0	0	5	17	12	1	0	13	17	3	2	0	15	12	1	0	1	35	0	2	1	0	4	0	12	0	3	3	15	14	1	15	0	1	2	9	5	1	0	NA	NA	0	0	0.99009900990099	0	0	4.95049504950495	5.94059405940594	6.43564356435644	19.8019801980198	79.7029702970297	0	0.99009900990099	0	0	0.99009900990099	0	8.91089108910891	14.8514851485149	79.7029702970297	2.47524752475248	2.47524752475248	1.48514851485149	1.48514851485149	62.3762376237624	40.5940594059406	62.3762376237624	41.5841584158416	59.9009900990099	0.99009900990099	0	20.7920792079208	33.3333333333333	36.2068965517241	94.0594059405941	0	0.99009900990099	0	0	2.97029702970297	0.99009900990099	0	5.94059405940594	0	59.9009900990099	0	27.2277227722772	0	2.47524752475248	62.3762376237624	0	0	57.4257425742574	36.6336633663366	0.495049504950495	0	0	0	12.8205128205128	43.5897435897436	0	33.3333333333333	43.5897435897436	7.69230769230769	38.4615384615385	30.7692307692308	2.56410256410256	0	89.7435897435897	0	5.12820512820513	10.2564102564103	0	30.7692307692308	0	7.69230769230769	38.4615384615385	23.0769230769231	12.8205128205128	2.56410256410256	9	6.43564356435644	23.0769230769231	2.47524752475248	0.99009900990099	0	72.2222222222222	15.3846153846154	0	38.4615384615385	0	10.3960396039604	37.1287128712871	3	5.44554455445545	7.69230769230769	3	5.44554455445545	7.69230769230769	0.99009900990099	0.99009900990099	1.98019801980198	19.8019801980198	0	0	0	0	0	0	0	0	0	0	0	0	39	0	0	0	0	0	0	0	0	0	0	0	100	0	0	0	0	0	0	0	0	0	0	0	100	0	0	0	0	0	14	9	14	5	13	4	23.2673267326733	23.2673267326733	6.43564356435644	6.43564356435644	5.94059405940594	35.8974358974359	35.8974358974359	12.8205128205128	33.3333333333333	10.2564102564103	12	25	4	83.1683168316832	5.94059405940594	64.1025641025641	10.2564102564103	0	NA	NA	NA	0	0	9	9	1	0	0	0	0	0	19	9	0	0	7.42574257425743	29.7029702970297	0.99009900990099	0	0	0	0	0	0	0	0	23.0769230769231	23.0769230769231	2.56410256410256	0	0	0	0	0	NA	NA	NA	0	0	0	0	0	0	0	0	0	0	0	0	0	0	0	0	0	0	0	0	0	2.47524752475248	0	0	0	0	0	0	0	0	0	26.2376237623762	37.1287128712871	46.5346534653465	51.4851485148515	56.4356435643564	60.8910891089109	65.3465346534653	69.3069306930693	73.2673267326733	75.2475247524752	28	22	3.42786069651741	0	0	0	2.92606178117817	4.22141482104047	1.27077248527368	0.897510048034506	7.34702961930376	7.15864424444981	0.798693201810701	0	0	0	0	0	0	0	0	0	0	0	0	0	0	0	0	0	0	0	0	0	0	0	0	0	0	0	0	0	0	0	0	0	0	0	0	0	32	0	16	16	16	0	16	32	16	16	22	22	6	6	6	0	0	0	0	1	0	0	0	16	6	7	0	8	8	0	0	3	1	0	4	0	0	0	0	0	23.7623762376238	23.7623762376238	23.7623762376238	0	23.7623762376238	78.7128712871287	23.7623762376238	54.950495049505	75.7425742574257	75.7425742574257	20.7920792079208	20.7920792079208	20.7920792079208	20.7920792079208	0	0	0	0	0.495049504950495	0	0	0	23.7623762376238	20.7920792079208	4.95049504950495	10.8910891089109	10.8910891089109	0	0	0	0	82.0512820512821	0	41.025641025641	41.025641025641	41.025641025641	0	41.025641025641	82.0512820512821	41.025641025641	41.025641025641	56.4102564102564	56.4102564102564	15.3846153846154	15.3846153846154	15.3846153846154	0	0	0	0	2.56410256410256	0	0	0	41.025641025641	15.3846153846154	17.9487179487179	20.5128205128205	20.5128205128205	26.2376237623762	9.40594059405941	0	0	0	0	0	0	0	0	0	0	0	0	0	0	39	0	0	0	0	100	0	0	0	0	100	0	3	2	2	3	0	5	4	3	0	7	2	2	4.95049504950495	5.12820512820513	2	4.95049504950495	5.12820512820513	2	4.95049504950495	5.12820512820513	15	38.4615384615385	0	0	0	67.3333333333333	1	0	0	0	0	0	0	0
"22-B-017_2022-10-11_2_First"	"BCG_CT_2015"	"bug01"	213	213	5.36129216570943	21	26	123	84	0	0	0	0	53	0	0	5	25	19	1	0	17	23	6	4	1	20	18	1	0	2	45	0	1	1	0	8	2	20	0	0	2	22	20	1	21	0	0	3	12	8	2	0	NA	NA	0	0	6.57276995305164	0	0	5.63380281690141	5.63380281690141	9.85915492957746	15.4929577464789	67.1361502347418	0	1.87793427230047	0	0	1.87793427230047	0	12.2065727699531	25.3521126760563	66.1971830985916	11.2676056338028	11.2676056338028	4.69483568075117	4.69483568075117	57.7464788732394	34.2723004694836	57.7464788732394	40.8450704225352	50.7042253521127	1.87793427230047	0	16.9014084507042	29.2682926829268	42.8571428571429	86.8544600938967	0	1.87793427230047	0	0	0.469483568075117	1.87793427230047	0	13.1455399061033	0.938967136150235	51.6431924882629	0	26.7605633802817	0	7.04225352112676	58.6854460093897	0	0	39.4366197183099	22.5352112676056	0.938967136150235	0	0	0	9.43396226415094	47.1698113207547	0	32.0754716981132	43.3962264150943	11.3207547169811	37.7358490566038	33.9622641509434	1.88679245283019	0	84.9056603773585	0	1.88679245283019	15.0943396226415	3.77358490566038	37.7358490566038	0	3.77358490566038	41.5094339622642	22.6415094339623	15.0943396226415	3.77358490566038	14	9.85915492957746	26.4150943396226	6.10328638497653	1.40845070422535	0.469483568075117	80.7692307692308	42.8571428571429	14.2857142857143	61.9047619047619	4.76190476190476	13.1455399061033	22.0657276995305	6	11.7370892018779	11.3207547169811	6	11.7370892018779	11.3207547169811	0	0	1.87793427230047	15.4929577464789	0	0	0	0	0	0	0	0	0	0	0	0	53	0	0	0	0	0	0	0	0	0	0	0	100	0	0	0	0	0	0	0	0	0	0	0	100	0	0	0	0	0	15	10	15	9	16	6	31.4553990610329	31.4553990610329	13.6150234741784	13.6150234741784	11.7370892018779	28.3018867924528	28.3018867924528	16.9811320754717	30.188679245283	11.3207547169811	15	34	6	77.9342723004695	11.7370892018779	64.1509433962264	11.3207547169811	0	NA	NA	NA	0	0	9	12	6	0	0	0	0	0	27	8	0	0	9.85915492957746	32.3943661971831	9.85915492957746	0	0	0	0	0	0	0	0	16.9811320754717	22.6415094339623	11.3207547169811	0	0	0	0	0	NA	NA	NA	0	0	0	0	0	0	0	0	0	0	0	0	0	0	0	0	0	0	0	0	0	7.04225352112676	0	0	0	0	0	0	0	0	0	12.2065727699531	22.0657276995305	29.1079812206573	35.6807511737089	41.7840375586854	47.4178403755869	53.0516431924883	57.7464788732394	61.0328638497653	63.849765258216	32	17	3.10526315789474	0	0	0	3.37098076323594	4.86329723005259	1.46399834407538	0.947651480085521	9.8856765051876	9.69915430697651	0.849051111765736	0	0	0	0	0	0	0	0	0	0	0	0	0	0	0	0	0	0	0	0	0	0	0	0	0	0	0	0	0	0	0	0	0	0	0	0	3	43	3	16	16	16	3	16	43	13	27	32	32	5	5	5	0	0	0	0	3	0	0	0	16	5	9	0	8	8	1	1	3	1	1	5	0	0	0	1.87793427230047	1.87793427230047	30.5164319248826	30.5164319248826	30.5164319248826	1.87793427230047	30.5164319248826	85.4460093896714	28.6384976525822	54.9295774647887	66.1971830985916	66.1971830985916	11.2676056338028	12.6760563380282	11.2676056338028	11.2676056338028	0	0	0	0	1.87793427230047	0	0	0	30.5164319248826	11.2676056338028	7.04225352112676	23.0046948356808	23.0046948356808	0	0	0	5.66037735849057	81.1320754716981	5.66037735849057	30.188679245283	30.188679245283	30.188679245283	5.66037735849057	30.188679245283	81.1320754716981	24.5283018867925	50.9433962264151	60.377358490566	60.377358490566	9.43396226415094	9.43396226415094	9.43396226415094	0	0	0	0	5.66037735849057	0	0	0	30.188679245283	9.43396226415094	16.9811320754717	15.0943396226415	15.0943396226415	12.2065727699531	5.63380281690141	0	0	0	0	0	0	0	0	0	0	0	0	0	0	53	0	0	0	0	100	0	0	0	0	100	0	4	2	2	4	2	8	4	5	1	9	2	4	10.7981220657277	7.54716981132075	4	10.7981220657277	7.54716981132075	4	10.7981220657277	7.54716981132075	27	50.9433962264151	0	0	0	71	1	0	0	0	0	0	0	0
"22-B-018_2022-10-12_1_First"	"BCG_CT_2015"	"bug01"	237	237	5.46806014113513	22	26	110	97	0	0	0	0	43	1	1	5	21	16	1	0	13	20	5	3	1	17	15	0	0	1	38	0	2	1	0	5	1	16	0	1	2	18	16	1	17	0	0	2	10	7	1	0	NA	NA	2.53164556962025	2.53164556962025	1.68776371308017	0.843881856540084	0	0.421940928270042	2.9535864978903	9.28270042194093	22.3628691983122	68.3544303797468	0	0	0	0	0.843881856540084	0	10.9704641350211	25.7383966244726	67.0886075949367	3.79746835443038	3.79746835443038	2.10970464135021	2.10970464135021	46.4135021097046	29.1139240506329	46.4135021097046	30.8016877637131	44.7257383966245	0	0	15.6118143459916	33.6363636363636	38.1443298969072	85.2320675105485	0	0	0	0	4.21940928270042	0.843881856540084	0	14.7679324894515	1.26582278481013	45.9915611814346	0	24.8945147679325	0	1.68776371308017	47.6793248945148	0	0	40.9282700421941	25.3164556962025	0.421940928270042	0	2.32558139534884	2.32558139534884	11.6279069767442	48.8372093023256	0	30.2325581395349	46.5116279069767	11.6279069767442	39.5348837209302	34.8837209302326	0	0	88.3720930232558	0	4.65116279069767	11.6279069767442	2.32558139534884	37.2093023255814	0	4.65116279069767	41.8604651162791	23.2558139534884	16.2790697674419	2.32558139534884	9	9.28270042194093	20.9302325581395	6.32911392405063	0.843881856540084	0.421940928270042	84.6153846153846	63.6363636363636	0	68.1818181818182	4.54545454545455	20.253164556962	15.1898734177215	4	8.43881856540084	9.30232558139535	4	8.43881856540084	9.30232558139535	0	0	1.26582278481013	22.3628691983122	0	0	0	0	0	0	0	0	0	0	0	0	43	0	0	0	0	0	0	0	0	0	0	0	100	0	0	0	0	0	0	0	0	0	0	0	100	0	0	0	0	0	13	9	13	8	14	7	46.4135021097046	46.4135021097046	17.2995780590717	17.2995780590717	16.8776371308017	30.2325581395349	30.2325581395349	18.6046511627907	32.5581395348837	16.2790697674419	12	28	7	69.620253164557	16.8776371308017	65.1162790697674	16.2790697674419	0	NA	NA	NA	0	0	9	7	4	0	0	0	0	0	20	8	0	0	9.28270042194093	27.0042194092827	18.1434599156118	0	0	0	0	0	0	0	0	20.9302325581395	16.2790697674419	9.30232558139535	0	0	0	0	0	NA	NA	NA	0	0	0	0	0	0	0	0	0	0	0	0	0	0	0	0	0	0	0	0	0	1.68776371308017	0	0	0	0	0	0	0	0	0	16.0337552742616	36.2869198312236	46.4135021097046	52.7426160337553	57.8059071729958	62.8691983122363	67.5105485232068	71.3080168776371	73.8396624472574	76.3713080168776	27	14	4.19111111111111	0	0	0	3.03040521138226	4.37195057034526	1.31608826123417	0.924744966084495	7.86384913298951	7.68096892059441	0.805701669192748	0	0	0	0	0	0	0	0	0	0	0	0	0	0	0	0	0	0	0	0	0	0	0	0	0	0	0	0	0	0	0	0	0	0	0	0	1	33	1	13	13	13	1	13	33	12	20	25	25	5	5	5	0	0	0	0	5	0	0	0	13	5	5	1	6	6	0	0	2	1	1	3	0	0	0	0.421940928270042	0.421940928270042	48.1012658227848	48.1012658227848	48.1012658227848	0.421940928270042	48.1012658227848	69.620253164557	47.6793248945148	21.5189873417722	37.9746835443038	37.9746835443038	16.4556962025316	16.4556962025316	16.4556962025316	16.4556962025316	0	0	0	0	13.9240506329114	0	0	0	48.1012658227848	16.4556962025316	2.9535864978903	22.3628691983122	22.3628691983122	0	0	0	2.32558139534884	76.7441860465116	2.32558139534884	30.2325581395349	30.2325581395349	30.2325581395349	2.32558139534884	30.2325581395349	76.7441860465116	27.906976744186	46.5116279069767	58.1395348837209	58.1395348837209	11.6279069767442	11.6279069767442	11.6279069767442	0	0	0	0	11.6279069767442	0	0	0	30.2325581395349	11.6279069767442	11.6279069767442	13.953488372093	13.953488372093	4.64135021097046	10.126582278481	0	0	0	0	0	0	0	0	0	0	0	0	0	0	43	0	0	0	0	100	0	0	0	0	100	0	4	2	1	4	1	7	4	3	0	8	4	3	8.0168776371308	6.97674418604651	3	8.0168776371308	6.97674418604651	3	8.0168776371308	6.97674418604651	21	48.8372093023256	0	0	0	79	1	0	0	0	0	0	0	0
"22-B-019_2022-10-12_1_First"	"BCG_CT_2015"	"bug01"	213	213	5.36129216570943	21	28	146	101	0	0	0	0	38	0	0	4	22	15	0	0	10	22	8	5	1	21	18	0	0	3	36	0	1	0	0	2	0	18	0	2	3	21	18	1	19	0	0	0	10	6	0	0	NA	NA	0	0	5.16431924882629	0	0	6.10328638497653	8.92018779342723	9.85915492957746	12.6760563380282	76.9953051643192	0	0	0	0	0	0	13.1455399061033	18.3098591549296	76.9953051643192	16.9014084507042	16.9014084507042	11.7370892018779	11.7370892018779	68.5446009389671	48.3568075117371	68.5446009389671	53.5211267605634	64.3192488262911	0	0	15.0234741784038	21.9178082191781	31.6831683168317	94.8356807511737	0	0	0	0	0.469483568075117	0	0	5.16431924882629	0	64.3192488262911	0	24.8826291079812	0	4.22535211267606	68.5446009389671	0	0	47.4178403755869	32.3943661971831	0	0	0	0	10.5263157894737	57.8947368421053	0	26.3157894736842	57.8947368421053	21.0526315789474	55.2631578947368	47.3684210526316	0	0	94.7368421052632	0	2.63157894736842	5.26315789473684	0	47.3684210526316	0	7.89473684210526	55.2631578947368	26.3157894736842	15.7894736842105	0	8	9.85915492957746	21.0526315789474	2.34741784037559	0.469483568075117	0	75	4.76190476190476	0	23.8095238095238	0	14.0845070422535	34.7417840375587	2	5.16431924882629	5.26315789473684	2	5.16431924882629	5.26315789473684	2.8169014084507	2.8169014084507	7.04225352112676	12.6760563380282	0	0	0	0	0	0	0	0	0	0	0	0	38	0	0	0	0	0	0	0	0	0	0	0	100	0	0	0	0	0	0	0	0	0	0	0	100	0	0	0	0	0	13	11	13	3	11	3	19.2488262910798	19.2488262910798	10.7981220657277	10.7981220657277	10.7981220657277	34.2105263157895	34.2105263157895	7.89473684210526	28.9473684210526	7.89473684210526	18	27	3	84.037558685446	10.7981220657277	71.0526315789474	7.89473684210526	0	NA	NA	NA	0	0	5	9	4	0	0	0	0	0	18	5	0	0	3.28638497652582	16.9014084507042	4.69483568075117	0	0	0	0	0	0	0	0	13.1578947368421	23.6842105263158	10.5263157894737	0	0	0	0	0	NA	NA	NA	0	0	0	0	0	0	0	0	0	0	0	0	0	0	0	0	0	0	0	0	0	4.22535211267606	0	0	0	0	0	0	0	0	0	27.6995305164319	34.7417840375587	40.8450704225352	46.4788732394366	51.6431924882629	56.3380281690141	61.0328638497653	65.7276995305164	69.9530516431925	72.7699530516432	28	23	4.25352112676056	0	0	0	2.95988104515048	4.27020570545984	1.28546000499888	0.897352818003483	7.0878435320213	6.90132133381021	0.813693728528239	0	0	0	0	0	0	0	0	0	0	0	0	0	0	0	0	0	0	0	0	0	0	0	0	0	0	0	0	0	0	0	0	0	0	0	0	2	34	2	13	13	13	2	13	34	11	21	25	25	4	4	4	0	0	0	0	0	0	0	0	13	4	6	2	10	10	0	0	1	4	0	3	0	0	0	1.40845070422535	1.40845070422535	28.6384976525822	28.6384976525822	28.6384976525822	1.40845070422535	28.6384976525822	82.6291079812207	27.2300469483568	53.9906103286385	71.3615023474178	71.3615023474178	17.3708920187793	17.3708920187793	17.3708920187793	17.3708920187793	0	0	0	0	0	0	0	0	28.6384976525822	17.3708920187793	3.75586854460094	17.8403755868545	17.8403755868545	0	0	0	5.26315789473684	89.4736842105263	5.26315789473684	34.2105263157895	34.2105263157895	34.2105263157895	5.26315789473684	34.2105263157895	89.4736842105263	28.9473684210526	55.2631578947368	65.7894736842105	65.7894736842105	10.5263157894737	10.5263157894737	10.5263157894737	0	0	0	0	0	0	0	0	34.2105263157895	10.5263157894737	15.7894736842105	26.3157894736842	26.3157894736842	27.6995305164319	7.04225352112676	0	0	0	0	0	0	0	0	0	0	0	0	0	0	38	0	0	0	0	100	0	0	0	0	100	0	3	2	2	4	0	5	4	7	0	7	3	2	5.16431924882629	5.26315789473684	2	5.16431924882629	5.26315789473684	2	5.16431924882629	5.26315789473684	15	39.4736842105263	0	0	0	71	0	0	0	0	0	0	0	0
"22-B-020_2022-10-12_1_First"	"BCG_CT_2015"	"bug01"	200	200	5.29831736654804	34	55	65	27	0	0	0	0	43	0	0	4	13	11	0	0	22	13	4	4	1	13	9	0	0	2	41	0	2	0	0	2	0	9	1	1	4	13	13	0	13	0	2	3	5	3	0	0	NA	NA	0	0	0	0	0	5	5	17.5	34.5	60	0	0	0	0	0	0	27.5	29.5	60	12	12	12	12	32.5	25	32.5	25	25.5	0	0	7.5	23.0769230769231	55.5555555555556	98	0	0	0	0	3.5	0	0	2	0	25.5	0.5	25	0.5	7	32.5	0	0	13.5	6	0	0	0	0	9.30232558139535	30.2325581395349	0	51.1627906976744	30.2325581395349	9.30232558139535	30.2325581395349	20.9302325581395	0	0	95.3488372093023	0	4.65116279069767	4.65116279069767	0	20.9302325581395	2.32558139534884	9.30232558139535	30.2325581395349	11.6279069767442	6.97674418604651	0	17	17	39.5348837209302	5	6.5	2	61.8181818181818	0	0	29.4117647058824	11.7647058823529	19	9.5	2	2	4.65116279069767	2	2	4.65116279069767	0	0	0	34	0	0	0	0	0	0	0	0	0	0	0	0	43	0	0	0	0	0	0	0	0	0	0	0	100	0	0	0	0	0	0	0	0	0	0	0	100	0	0	0	0	0	14	11	14	8	19	7	57.5	57.5	6.5	6.5	6	32.5581395348837	32.5581395348837	18.6046511627907	44.1860465116279	16.2790697674419	10	22	7	76.5	6	51.1627906976744	16.2790697674419	0	NA	NA	NA	0	0	15	5	6	0	0	0	0	0	26	12	0	0	22	38.5	7.5	0	0	0	0	0	0	0	0	34.8837209302326	11.6279069767442	13.953488372093	0	0	0	0	0	NA	NA	NA	0	0	0	0	0	0	0	0	0	0	0	0	0	0	0	0	0	0	0	0	0	7	0	0	0	0	0	0	0	0	0	21	35.5	40.5	45	48.5	52	55.5	58.5	61.5	64.5	26	24	2.75	0	0	0	3.20648796485743	4.62598428556996	1.39256002942677	0.92865	8.11578413016346	7.9270449643457	0.852517246151938	0	0	0	0	0	0	0	0	0	0	0	0	0	0	0	0	0	0	0	0	0	0	0	0	0	0	0	0	0	0	0	0	0	0	0	0	4	36	4	22	22	22	4	22	36	18	14	17	17	3	3	3	0	0	0	0	4	0	0	0	22	3	9	2	9	9	1	0	3	2	0	3	0	0	0	12.5	12.5	68.5	68.5	68.5	12.5	68.5	88.5	56	20	28	28	8	8	8	8	0	0	0	0	3.5	0	0	0	68.5	8	8.5	20	20	0	0	0	9.30232558139535	83.7209302325581	9.30232558139535	51.1627906976744	51.1627906976744	51.1627906976744	9.30232558139535	51.1627906976744	83.7209302325581	41.8604651162791	32.5581395348837	39.5348837209302	39.5348837209302	6.97674418604651	6.97674418604651	6.97674418604651	0	0	0	0	9.30232558139535	0	0	0	51.1627906976744	6.97674418604651	20.9302325581395	20.9302325581395	20.9302325581395	4.5	5	0	0	0	0	0	0	0	0	0	0	0	0	0	0	43	0	0	0	0	100	0	0	0	0	100	0	3	2	3	3	0	3	4	3	0	4	2	2	2	4.65116279069767	2	2	4.65116279069767	2	2	4.65116279069767	18	41.8604651162791	0	0	0	66.6666666666667	0	0	0	0	0	0	0	0
"22-B-021_2022-10-13_1_First"	"BCG_CT_2015"	"bug01"	212	212	5.35658627467201	51	60	75	68	0	0	0	0	33	1	0	2	11	9	1	0	16	10	1	1	0	8	8	1	0	1	27	0	0	1	0	6	1	9	0	0	0	9	9	0	9	0	0	3	7	5	1	0	NA	NA	3.30188679245283	3.30188679245283	0	0	0	0	0.943396226415094	24.0566037735849	27.8301886792453	63.6792452830189	0	0	3.30188679245283	0	1.88679245283019	0	28.3018867924528	36.3207547169811	63.2075471698113	3.30188679245283	3.30188679245283	3.30188679245283	3.30188679245283	35.377358490566	31.1320754716981	35.377358490566	31.1320754716981	35.377358490566	1.88679245283019	0	4.24528301886792	12	13.2352941176471	91.9811320754717	0	1.88679245283019	0	0	0	1.88679245283019	0	8.0188679245283	0.471698113207547	35.8490566037736	0	28.3018867924528	0	0	35.8490566037736	0	0	32.0754716981132	27.8301886792453	1.41509433962264	0	3.03030303030303	0	6.06060606060606	33.3333333333333	0	48.4848484848485	30.3030303030303	3.03030303030303	24.2424242424242	24.2424242424242	3.03030303030303	0	81.8181818181818	0	0	18.1818181818182	3.03030303030303	27.2727272727273	0	0	27.2727272727273	21.2121212121212	15.1515151515152	3.03030303030303	12	24.0566037735849	36.3636363636364	8.49056603773585	6.60377358490566	1.88679245283019	85	41.1764705882353	17.6470588235294	35.2941176470588	7.84313725490196	25	53.3018867924528	3	2.35849056603774	9.09090909090909	3	2.35849056603774	9.09090909090909	0.943396226415094	0.943396226415094	0.943396226415094	27.8301886792453	0	0	0	0	0	0	0	0	0	0	0	0	33	0	0	0	0	0	0	0	0	0	0	0	100	0	0	0	0	0	0	0	0	0	0	0	100	0	0	0	0	0	5	3	5	6	16	2	6.13207547169811	6.13207547169811	7.54716981132075	7.54716981132075	0.943396226415094	15.1515151515152	15.1515151515152	18.1818181818182	48.4848484848485	6.06060606060606	6	16	2	67.4528301886792	0.943396226415094	48.4848484848485	6.06060606060606	0	NA	NA	NA	0	0	5	6	5	0	0	0	0	0	16	4	0	0	4.71698113207547	33.9622641509434	6.60377358490566	0	0	0	0	0	0	0	0	15.1515151515152	18.1818181818182	15.1515151515152	0	0	0	0	0	NA	NA	NA	0	0	0	0	0	0	0	0	0	0	0	0	0	0	0	0	0	0	0	0	0	0	0	0	0	0	0	0	0	0	0	25.9433962264151	53.3018867924528	57.5471698113208	60.8490566037736	64.1509433962264	67.4528301886792	69.811320754717	72.1698113207547	74.5283018867924	76.8867924528302	13	4	4.92270531400966	0	0	0	2.7514768906263	3.96954206522715	1.19495123068332	0.87878248487006	6.16064006212998	5.9739539996412	0.786921475860415	0	0	0	0	0	0	0	0	0	0	0	0	0	0	0	0	0	0	0	0	0	0	0	0	0	0	0	0	0	0	0	0	0	0	0	0	1	22	1	3	3	3	1	3	22	2	19	23	23	4	4	4	0	0	0	0	4	0	0	0	3	4	8	0	2	2	0	1	0	0	0	2	0	0	0	0.471698113207547	0.471698113207547	1.41509433962264	1.41509433962264	1.41509433962264	0.471698113207547	1.41509433962264	80.6603773584906	0.943396226415094	79.2452830188679	85.8490566037736	85.8490566037736	6.60377358490566	14.1509433962264	6.60377358490566	6.60377358490566	0	0	0	0	5.18867924528302	0	0	0	1.41509433962264	6.60377358490566	16.9811320754717	0.943396226415094	0.943396226415094	0	0	0	3.03030303030303	66.6666666666667	3.03030303030303	9.09090909090909	9.09090909090909	9.09090909090909	3.03030303030303	9.09090909090909	66.6666666666667	6.06060606060606	57.5757575757576	69.6969696969697	69.6969696969697	12.1212121212121	12.1212121212121	12.1212121212121	0	0	0	0	12.1212121212121	0	0	0	9.09090909090909	12.1212121212121	24.2424242424242	6.06060606060606	6.06060606060606	27.3584905660377	2.35849056603774	0	0	0	0	0	0	0	0	0	0	0	0	0	0	33	0	0	0	0	100	0	0	0	0	100	0	4	2	1	1	1	6	2	1	1	6	2	2	0.943396226415094	6.06060606060606	2	0.943396226415094	6.06060606060606	2	0.943396226415094	6.06060606060606	15	45.4545454545455	0	0	0	70.6666666666667	1	0	0	0	0	0	0	0
"22-B-022_2022-10-13_1_Second"	"BCG_CT_2015"	"bug01"	217	217	5.37989735354046	70	72	61	58	0	0	0	0	34	1	0	3	11	8	2	0	19	9	1	1	0	6	6	2	0	1	30	0	0	2	0	4	2	8	1	0	0	8	8	0	8	0	0	1	5	2	0	0	NA	NA	5.99078341013825	5.99078341013825	0	0	0	0	0	33.1797235023041	22.5806451612903	57.6036866359447	0	0	5.99078341013825	0	2.30414746543779	0	33.1797235023041	42.3963133640553	50.6912442396313	1.38248847926267	1.38248847926267	1.38248847926267	1.38248847926267	28.110599078341	24.8847926267281	28.110599078341	24.8847926267281	28.110599078341	2.30414746543779	0	3.2258064516129	11.4754098360656	12.0689655172414	90.7834101382489	0	2.30414746543779	0	0	0	2.30414746543779	0	9.21658986175115	6.91244239631336	35.0230414746544	0.921658986175115	36.4055299539171	0.921658986175115	0	35.0230414746544	0	0	26.7281105990783	23.5023041474654	0	0	2.94117647058824	0	8.82352941176471	32.3529411764706	0	55.8823529411765	26.4705882352941	2.94117647058824	17.6470588235294	17.6470588235294	5.88235294117647	0	88.2352941176471	0	0	11.7647058823529	5.88235294117647	23.5294117647059	2.94117647058824	0	23.5294117647059	14.7058823529412	5.88235294117647	0	17	32.258064516129	50	4.60829493087558	11.9815668202765	0.921658986175115	97.2222222222222	12.8571428571429	7.14285714285714	14.2857142857143	2.85714285714286	33.1797235023041	44.7004608294931	2	1.38248847926267	5.88235294117647	2	1.38248847926267	5.88235294117647	0	0	0	22.5806451612903	0	0	0	0	0	0	0	0	0	0	0	0	34	0	0	0	0	0	0	0	0	0	0	0	100	0	0	0	0	0	0	0	0	0	0	0	100	0	0	0	0	0	4	3	4	6	20	2	8.75576036866359	8.75576036866359	6.45161290322581	6.45161290322581	1.38248847926267	11.7647058823529	11.7647058823529	17.6470588235294	58.8235294117647	5.88235294117647	4	12	2	57.1428571428571	1.38248847926267	35.2941176470588	5.88235294117647	0	NA	NA	NA	0	0	5	7	4	0	0	0	0	0	16	4	0	0	8.75576036866359	27.6497695852535	3.68663594470046	0	0	0	0	0	0	0	0	14.7058823529412	20.5882352941176	11.7647058823529	0	0	0	0	0	NA	NA	NA	0	0	0	0	0	0	0	0	0	0	0	0	0	0	0	0	0	0	0	0	0	0	0	0	0	0	0	0	0	0	0	23.0414746543779	44.7004608294931	54.8387096774194	61.2903225806452	67.2811059907834	71.889400921659	76.4976958525346	78.8018433179724	80.6451612903226	82.0276497695853	12	8	4.83568075117371	0	0	0	2.99816702759182	4.32544070246353	1.3020873959074	0.902843551572554	6.31982317982794	6.13394602748006	0.850215684602517	0	0	0	0	0	0	0	0	0	0	0	0	0	0	0	0	0	0	0	0	0	0	0	0	0	0	0	0	0	0	0	0	0	0	0	0	0	26	0	7	7	7	0	7	26	7	19	23	23	4	4	4	0	0	0	0	2	0	0	0	7	4	13	0	2	2	0	0	1	0	2	2	0	0	0	0	0	9.67741935483871	9.67741935483871	9.67741935483871	0	9.67741935483871	85.7142857142857	9.67741935483871	76.036866359447	79.7235023041475	79.7235023041475	3.68663594470046	11.9815668202765	3.68663594470046	3.68663594470046	0	0	0	0	2.30414746543779	0	0	0	9.67741935483871	3.68663594470046	28.110599078341	0.921658986175115	0.921658986175115	0	0	0	0	76.4705882352941	0	20.5882352941176	20.5882352941176	20.5882352941176	0	20.5882352941176	76.4705882352941	20.5882352941176	55.8823529411765	67.6470588235294	67.6470588235294	11.7647058823529	11.7647058823529	11.7647058823529	0	0	0	0	5.88235294117647	0	0	0	20.5882352941176	11.7647058823529	38.2352941176471	5.88235294117647	5.88235294117647	23.0414746543779	1.38248847926267	0	0	0	0	0	0	0	0	0	0	0	0	0	0	34	0	0	0	0	100	0	0	0	0	100	0	4	2	2	1	1	3	3	1	1	5	2	2	1.38248847926267	5.88235294117647	2	1.38248847926267	5.88235294117647	2	1.38248847926267	5.88235294117647	18	52.9411764705882	0	0	0	72.3333333333333	2	0	0	0	0	0	0	0
"22-B-022_2022-10-13_2_First"	"BCG_CT_2015"	"bug01"	231	231	5.44241771052179	76	78	54	51	0	0	0	0	45	1	0	3	17	12	1	0	24	15	1	1	0	12	12	1	0	1	41	0	0	1	0	4	2	14	1	0	0	14	14	0	14	0	0	1	11	6	0	0	NA	NA	6.06060606060606	6.06060606060606	0	0	0	0.865800865800866	0.865800865800866	33.3333333333333	20.7792207792208	56.7099567099567	0	0	6.06060606060606	0	1.73160173160173	0	33.7662337662338	43.2900432900433	44.1558441558442	1.2987012987013	1.2987012987013	1.2987012987013	1.2987012987013	23.3766233766234	19.4805194805195	23.3766233766234	19.4805194805195	23.3766233766234	1.73160173160173	0	3.8961038961039	16.6666666666667	17.6470588235294	90.4761904761905	0	1.73160173160173	0	0	0	1.73160173160173	0	9.52380952380952	12.5541125541126	35.9307359307359	0.432900432900433	37.2294372294372	0.432900432900433	0	35.9307359307359	0	0	22.0779220779221	18.1818181818182	0	0	2.22222222222222	0	6.66666666666667	37.7777777777778	0	53.3333333333333	33.3333333333333	2.22222222222222	26.6666666666667	26.6666666666667	2.22222222222222	0	91.1111111111111	0	0	8.88888888888889	4.44444444444444	31.1111111111111	2.22222222222222	0	31.1111111111111	24.4444444444444	13.3333333333333	0	22	32.9004329004329	48.8888888888889	5.62770562770563	16.017316017316	1.2987012987013	97.4358974358974	15.7894736842105	5.26315789473684	17.1052631578947	3.94736842105263	34.6320346320346	35.9307359307359	2	1.73160173160173	4.44444444444444	2	1.73160173160173	4.44444444444444	0	0	0	20.7792207792208	0	0	0	0	0	0	0	0	0	0	0	0	45	0	0	0	0	0	0	0	0	0	0	0	100	0	0	0	0	0	0	0	0	0	0	0	100	0	0	0	0	0	6	4	6	9	25	3	15.1515151515152	15.1515151515152	6.92640692640693	6.92640692640693	2.16450216450216	13.3333333333333	13.3333333333333	20	55.5555555555556	6.66666666666667	8	17	3	56.2770562770563	2.16450216450216	37.7777777777778	6.66666666666667	0	NA	NA	NA	0	0	6	7	6	0	0	0	0	0	19	4	0	0	14.7186147186147	24.2424242424242	3.8961038961039	0	0	0	0	0	0	0	0	13.3333333333333	15.5555555555556	13.3333333333333	0	0	0	0	0	NA	NA	NA	0	0	0	0	0	0	0	0	0	0	0	0	0	0	0	0	0	0	0	0	0	0	0	0	0	0	0	0	0	0	0	16.017316017316	35.9307359307359	48.0519480519481	54.1125541125541	60.1731601731602	66.2337662337662	69.2640692640693	72.2943722943723	74.4588744588745	76.1904761904762	16	10	4.57466063348416	0	0	0	3.42780949773565	4.94528376349531	1.48867874988215	0.936826521242106	8.26838408838075	8.08464221975007	0.900476337722935	0	0	0	0	0	0	0	0	0	0	0	0	0	0	0	0	0	0	0	0	0	0	0	0	0	0	0	0	0	0	0	0	0	0	0	0	0	30	0	6	6	6	0	6	30	6	24	30	30	6	6	6	0	0	0	0	5	0	0	0	6	6	13	0	2	2	0	0	1	0	1	2	0	0	0	0	0	15.1515151515152	15.1515151515152	15.1515151515152	0	15.1515151515152	82.6839826839827	15.1515151515152	67.5324675324675	71.8614718614719	71.8614718614719	4.32900432900433	12.5541125541126	4.32900432900433	4.32900432900433	0	0	0	0	4.76190476190476	0	0	0	15.1515151515152	4.32900432900433	25.974025974026	0.865800865800866	0.865800865800866	0	0	0	0	66.6666666666667	0	13.3333333333333	13.3333333333333	13.3333333333333	0	13.3333333333333	66.6666666666667	13.3333333333333	53.3333333333333	66.6666666666667	66.6666666666667	13.3333333333333	13.3333333333333	13.3333333333333	0	0	0	0	11.1111111111111	0	0	0	13.3333333333333	13.3333333333333	28.8888888888889	4.44444444444444	4.44444444444444	19.9134199134199	1.2987012987013	0	0	0	0	0	0	0	0	0	0	0	0	0	0	45	0	0	0	0	100	0	0	0	0	100	0	4	2	2	1	2	5	3	1	2	8	2	2	1.73160173160173	4.44444444444444	2	1.73160173160173	4.44444444444444	2	1.73160173160173	4.44444444444444	27	60	0	0	0	77	1	0	0	0	0	0	0	0
"22-B-023_2022-10-13_1_First"	"BCG_CT_2015"	"bug01"	203	203	5.31320597904179	56	60	105	83	0	0	0	0	35	1	1	4	18	12	1	0	12	18	3	2	0	14	14	0	0	2	30	0	0	1	0	5	0	14	1	0	0	14	13	1	14	0	0	1	11	6	0	0	NA	NA	3.94088669950739	3.94088669950739	0.985221674876847	1.47783251231527	0	3.44827586206897	3.94088669950739	28.0788177339901	11.3300492610837	63.0541871921182	1.47783251231527	0	3.94088669950739	0	1.47783251231527	0	29.5566502463054	36.9458128078818	63.0541871921182	10.8374384236453	10.8374384236453	9.85221674876847	9.85221674876847	51.7241379310345	22.1674876847291	51.7241379310345	23.1527093596059	51.7241379310345	0	0	28.5714285714286	55.2380952380952	69.8795180722892	92.6108374384236	0	0	0	0	0	1.47783251231527	0	7.38916256157635	0	51.7241379310345	0.492610837438424	56.6502463054187	0.492610837438424	0	51.7241379310345	0	1.47783251231527	40.8866995073892	12.3152709359606	0	0	2.85714285714286	2.85714285714286	11.4285714285714	51.4285714285714	0	34.2857142857143	51.4285714285714	8.57142857142857	40	40	0	0	85.7142857142857	0	0	14.2857142857143	0	40	2.85714285714286	0	40	31.4285714285714	17.1428571428571	0	10	27.5862068965517	28.5714285714286	8.86699507389163	5.91133004926108	0	93.3333333333333	69.6428571428571	46.4285714285714	32.1428571428571	0	28.5714285714286	21.6748768472906	3	2.95566502463054	8.57142857142857	3	2.95566502463054	8.57142857142857	0.492610837438424	0.492610837438424	1.47783251231527	11.3300492610837	0	0	0	0	0	0	0	0	0	0	0	0	35	0	0	0	0	0	0	0	0	0	0	0	100	0	0	0	0	0	0	0	0	0	0	0	100	0	0	0	0	0	7	4	7	7	12	4	10.3448275862069	10.3448275862069	19.2118226600985	19.2118226600985	3.44827586206897	20	20	20	34.2857142857143	11.4285714285714	10	20	4	53.2019704433498	3.44827586206897	57.1428571428571	11.4285714285714	0	NA	NA	NA	0	0	2	8	1	0	0	0	0	0	11	2	0	0	1.97044334975369	32.512315270936	1.97044334975369	0	0	0	0	0	0	0	0	5.71428571428571	22.8571428571429	2.85714285714286	0	0	0	0	0	NA	NA	NA	0	0	0	0	0	0	0	0	0	0	0	0	0	0	0	0	0	0	0	0	0	0	0	0	0	0	0	0	0	0	0	12.807881773399	23.6453201970443	32.512315270936	40.3940886699507	46.7980295566502	52.2167487684729	57.6354679802956	62.5615763546798	66.5024630541872	70.4433497536946	17	7	4.97282608695652	0	0	0	3.11107538060588	4.48833302343184	1.35112287058219	0.939260841078405	6.58735989872391	6.39914961590323	0.875041016181853	0	0	0	0	0	0	0	0	0	0	0	0	0	0	0	0	0	0	0	0	0	0	0	0	0	0	0	0	0	0	0	0	0	0	0	0	0	22	0	3	3	3	0	3	22	3	19	27	28	8	9	8	1	0	0	0	1	0	0	0	3	8	6	0	0	0	0	0	1	0	0	0	0	0	0	0	0	1.97044334975369	1.97044334975369	1.97044334975369	0	1.97044334975369	47.2906403940887	1.97044334975369	45.320197044335	78.8177339901478	80.2955665024631	33.4975369458128	50.2463054187192	34.9753694581281	33.4975369458128	1.47783251231527	0	0	0	0.985221674876847	0	0	0	1.97044334975369	33.4975369458128	13.3004926108374	0	0	0	0	0	0	62.8571428571429	0	8.57142857142857	8.57142857142857	8.57142857142857	0	8.57142857142857	62.8571428571429	8.57142857142857	54.2857142857143	77.1428571428571	80	22.8571428571429	25.7142857142857	22.8571428571429	2.85714285714286	0	0	0	2.85714285714286	0	0	0	8.57142857142857	22.8571428571429	17.1428571428571	0	0	8.86699507389163	12.807881773399	0	0	0	0	0	0	0	0	0	0	0	0	0	0	35	0	0	0	0	100	0	0	0	0	100	0	3	2	1	2	0	5	3	2	0	7	3	3	2.95566502463054	8.57142857142857	3	2.95566502463054	8.57142857142857	3	2.95566502463054	8.57142857142857	10	28.5714285714286	0	0	0	67.6666666666667	0	0	0	0	0	0	0	0
"22-B-024_2022-10-13_2_First"	"BCG_CT_2015"	"bug01"	227	227	5.4249500174814	24	44	149	140	0	0	0	0	28	0	0	1	14	7	1	0	10	14	3	1	0	13	13	1	0	1	24	0	0	1	0	4	0	13	0	0	0	13	11	1	12	0	0	2	10	5	0	0	NA	NA	0	0	0.881057268722467	0	0	2.20264317180617	9.69162995594714	10.5726872246696	7.48898678414097	73.1277533039648	0	0	0	0	0.440528634361233	0	19.3832599118943	26.8722466960352	73.1277533039648	3.9647577092511	3.9647577092511	3.08370044052863	3.08370044052863	65.6387665198238	23.3480176211454	65.6387665198238	24.2290748898678	65.6387665198238	0.440528634361233	0	41.4096916299559	63.0872483221477	67.1428571428571	92.511013215859	0	0.440528634361233	0	0	0	0.440528634361233	0	7.48898678414097	0	65.6387665198238	0	51.9823788546256	0	0	65.6387665198238	0	0	61.6740088105727	20.2643171806167	0	0	0	0	3.57142857142857	50	0	35.7142857142857	50	10.7142857142857	46.4285714285714	46.4285714285714	3.57142857142857	0	85.7142857142857	0	0	14.2857142857143	0	46.4285714285714	0	0	46.4285714285714	35.7142857142857	17.8571428571429	0	7	10.5726872246696	25	7.04845814977974	1.76211453744493	0	54.5454545454545	70.8333333333333	20.8333333333333	66.6666666666667	0	10.5726872246696	33.920704845815	3	4.84581497797357	10.7142857142857	3	4.84581497797357	10.7142857142857	7.48898678414097	7.48898678414097	8.37004405286344	7.48898678414097	0	0	0	0	0	0	0	0	0	0	0	0	28	0	0	0	0	0	0	0	0	0	0	0	100	0	0	0	0	0	0	0	0	0	0	0	100	0	0	0	0	0	6	4	6	4	9	2	9.69162995594714	9.69162995594714	6.16740088105727	6.16740088105727	3.9647577092511	21.4285714285714	21.4285714285714	14.2857142857143	32.1428571428571	7.14285714285714	9	17	2	69.1629955947136	3.9647577092511	60.7142857142857	7.14285714285714	0	NA	NA	NA	0	0	3	6	2	0	0	0	0	0	11	3	0	0	4.84581497797357	15.4185022026432	1.3215859030837	0	0	0	0	0	0	0	0	10.7142857142857	21.4285714285714	7.14285714285714	0	0	0	0	0	NA	NA	NA	0	0	0	0	0	0	0	0	0	0	0	0	0	0	0	0	0	0	0	0	0	0	0	0	0	0	0	0	0	0	0	19.8237885462555	33.920704845815	48.0176211453744	55.5066079295154	62.9955947136564	68.2819383259912	71.8061674008811	75.3303964757709	78.4140969162996	81.057268722467	17	9	1.84090909090909	0	0	0	2.71320527883889	3.91432780069462	1.1783300808705	0.901007199829222	5.1613378758832	4.97700438031594	0.814237322635468	0	0	0	0	0	0	0	0	0	0	0	0	0	0	0	0	0	0	0	0	0	0	0	0	0	0	0	0	0	0	0	0	0	0	0	0	0	17	0	0	0	0	0	0	17	0	17	24	24	7	7	7	0	0	0	0	2	0	0	0	0	7	4	0	0	0	0	0	0	0	0	0	0	0	0	0	0	0	0	0	0	0	44.4933920704846	0	44.4933920704846	94.273127753304	94.273127753304	49.7797356828194	51.9823788546256	49.7797356828194	49.7797356828194	0	0	0	0	3.52422907488987	0	0	0	0	49.7797356828194	7.48898678414097	0	0	0	0	0	0	60.7142857142857	0	0	0	0	0	0	60.7142857142857	0	60.7142857142857	85.7142857142857	85.7142857142857	25	25	25	0	0	0	0	7.14285714285714	0	0	0	0	25	14.2857142857143	0	0	14.0969162995595	19.8237885462555	0	0	0	0	0	0	0	0	0	0	0	0	0	0	28	0	0	0	0	100	0	0	0	0	100	0	3	2	1	2	0	4	1	2	0	6	1	3	4.84581497797357	10.7142857142857	3	4.84581497797357	10.7142857142857	3	4.84581497797357	10.7142857142857	9	32.1428571428571	0	0	0	75.6666666666667	1	0	0	0	0	0	0	0
"22-B-025_2022-10-13_1_First"	"BCG_CT_2015"	"bug01"	245	245	5.50125821054473	23	36	158	107	0	0	0	0	53	0	0	5	27	20	0	0	15	25	7	5	1	26	20	0	0	2	50	0	2	0	0	3	2	22	0	2	6	28	26	1	27	0	2	3	13	8	0	0	NA	NA	0	0	0.816326530612245	0	0	3.26530612244898	3.26530612244898	9.38775510204082	9.79591836734694	68.5714285714286	0	0	0	0	0	0	14.6938775510204	17.9591836734694	66.1224489795918	12.6530612244898	12.6530612244898	11.8367346938776	11.8367346938776	64.4897959183673	40.4081632653061	64.4897959183673	41.2244897959184	56.3265306122449	0	0	23.265306122449	36.0759493670886	53.2710280373832	96.734693877551	0	0	0	0	5.30612244897959	0	0	3.26530612244898	2.44897959183673	58.7755102040816	0	32.6530612244898	0	8.16326530612245	66.9387755102041	0	0	43.6734693877551	20.4081632653061	0	0	0	0	9.43396226415094	50.9433962264151	0	28.3018867924528	47.1698113207547	13.2075471698113	49.0566037735849	37.7358490566038	0	0	94.3396226415094	0	3.77358490566038	5.66037735849057	3.77358490566038	41.5094339622642	0	11.3207547169811	52.8301886792453	24.5283018867925	15.0943396226415	0	11	9.38775510204082	20.7547169811321	3.6734693877551	0	0	63.8888888888889	8.69565217391304	0	39.1304347826087	0	11.8367346938776	8.97959183673469	2	1.63265306122449	3.77358490566038	2	1.63265306122449	3.77358490566038	0	0	0.408163265306122	9.79591836734694	0	0	0	0	0	0	0	0	0	0	0	0	53	0	0	0	0	0	0	0	0	0	0	0	100	0	0	0	0	0	0	0	0	0	0	0	100	0	0	0	0	0	24	19	24	5	11	4	58.7755102040816	58.7755102040816	4.08163265306122	4.08163265306122	3.6734693877551	45.2830188679245	45.2830188679245	9.43396226415094	20.7547169811321	7.54716981132075	20	39	4	87.7551020408163	3.6734693877551	73.5849056603774	7.54716981132075	0	NA	NA	NA	0	0	15	10	6	0	0	0	0	0	31	15	0	0	17.9591836734694	15.1020408163265	7.75510204081633	0	0	0	0	0	0	0	0	28.3018867924528	18.8679245283019	11.3207547169811	0	0	0	0	0	NA	NA	NA	0	0	0	0	0	0	0	0	0	0	0	0	0	0	0	0	0	0	0	0	0	8.16326530612245	0	0	0	0	0	0	0	0	0	15.9183673469388	29.7959183673469	34.6938775510204	39.5918367346939	44.4897959183673	48.9795918367347	53.0612244897959	56.734693877551	60	62.4489795918367	45	39	2.43153526970954	0	0	0	3.33630831282533	4.81327545778973	1.44894029018799	0.937142857142857	9.63415967249282	9.45238307489861	0.840318139187004	0	0	0	0	0	0	0	0	0	0	0	0	0	0	0	0	0	0	0	0	0	0	0	0	0	0	0	0	0	0	0	0	0	0	0	0	7	47	7	30	30	30	7	30	47	23	17	21	21	4	4	4	0	0	0	0	2	0	0	0	30	4	5	2	16	16	2	2	3	2	1	8	0	0	0	9.38775510204082	9.38775510204082	67.7551020408163	67.7551020408163	67.7551020408163	9.38775510204082	67.7551020408163	90.6122448979592	58.3673469387755	22.8571428571429	30.2040816326531	30.2040816326531	7.3469387755102	7.3469387755102	7.3469387755102	7.3469387755102	0	0	0	0	2.04081632653061	0	0	0	67.7551020408163	7.3469387755102	6.12244897959184	48.5714285714286	48.5714285714286	0	0	0	13.2075471698113	88.6792452830189	13.2075471698113	56.6037735849057	56.6037735849057	56.6037735849057	13.2075471698113	56.6037735849057	88.6792452830189	43.3962264150943	32.0754716981132	39.622641509434	39.622641509434	7.54716981132075	7.54716981132075	7.54716981132075	0	0	0	0	3.77358490566038	0	0	0	56.6037735849057	7.54716981132075	9.43396226415094	30.188679245283	30.188679245283	4.89795918367347	3.26530612244898	0	0	0	0	0	0	0	0	0	0	0	0	0	0	53	0	0	0	0	100	0	0	0	0	100	0	4	2	2	4	2	7	5	5	1	11	4	2	1.63265306122449	3.77358490566038	2	1.63265306122449	3.77358490566038	2	1.63265306122449	3.77358490566038	20	37.7358490566038	0	0	0	81.6666666666667	0	0	0	0	0	0	0	0
"22-B-026_2022-10-13_1_First"	"BCG_CT_2015"	"bug01"	221	221	5.39816270151775	13	16	148	28	0	0	0	0	52	0	1	4	21	15	4	0	13	19	7	4	2	18	15	3	0	2	38	0	1	4	0	14	2	17	1	0	3	20	17	1	18	0	1	1	8	5	1	0	NA	NA	0	0	5.42986425339367	1.35746606334842	0	0.904977375565611	0.904977375565611	6.78733031674208	4.97737556561086	35.7466063348416	0	0.452488687782805	0	0	2.71493212669683	0	7.23981900452489	24.4343891402715	33.4841628959276	15.8371040723982	15.8371040723982	10.4072398190045	10.4072398190045	66.9683257918552	58.8235294117647	66.9683257918552	64.2533936651584	28.5067873303167	1.35746606334842	0	2.71493212669683	4.05405405405405	21.4285714285714	82.8054298642534	0	1.35746606334842	0	0	1.35746606334842	2.71493212669683	0	17.1945701357466	2.26244343891403	30.7692307692308	0.904977375565611	9.50226244343891	0.904977375565611	38.4615384615385	69.2307692307692	0	0	12.6696832579186	9.95475113122172	0.452488687782805	0	0	1.92307692307692	7.69230769230769	40.3846153846154	0	25	36.5384615384615	13.4615384615385	34.6153846153846	28.8461538461538	5.76923076923077	0	73.0769230769231	0	1.92307692307692	26.9230769230769	3.84615384615385	32.6923076923077	1.92307692307692	5.76923076923077	38.4615384615385	15.3846153846154	9.61538461538461	1.92307692307692	11	5.88235294117647	21.1538461538462	2.71493212669683	0.452488687782805	0	81.25	23.0769230769231	15.3846153846154	46.1538461538462	0	17.1945701357466	12.6696832579186	8	8.5972850678733	15.3846153846154	8	8.5972850678733	15.3846153846154	0	0	2.26244343891403	4.97737556561086	0	0	0	0	0	0	0	0	0	0	0	0	52	0	0	0	0	0	0	0	0	0	0	0	100	0	0	0	0	0	0	0	0	0	0	0	100	0	0	0	0	0	12	7	12	13	22	10	51.131221719457	51.131221719457	15.8371040723982	15.8371040723982	14.027149321267	23.0769230769231	23.0769230769231	25	42.3076923076923	19.2307692307692	13	26	10	73.3031674208145	14.027149321267	50	19.2307692307692	0	NA	NA	NA	0	0	9	10	5	0	0	0	0	0	24	9	0	0	11.3122171945701	15.3846153846154	37.5565610859729	0	0	0	0	0	0	0	0	17.3076923076923	19.2307692307692	9.61538461538461	0	0	0	0	0	NA	NA	NA	0	0	0	0	0	0	0	0	0	0	0	0	0	0	0	0	0	0	0	0	0	38.4615384615385	0	0	0	0	0	0	0	0	0	29.4117647058824	35.7466063348416	42.0814479638009	48.4162895927602	51.5837104072398	54.2986425339367	57.0135746606335	59.7285067873303	61.9909502262443	64.2533936651584	26	12	3.36150234741784	0	0	0	3.11652878051258	4.49620061643322	1.35349125206928	0.893224954444012	9.63290713438104	9.44765892025833	0.788746279015021	0	0	0	0	0	0	0	0	0	0	0	0	0	0	0	0	0	0	0	0	0	0	0	0	0	0	0	0	0	0	0	0	0	0	0	0	1	38	1	16	16	16	1	16	38	15	22	24	24	2	2	2	0	0	0	0	10	0	0	0	16	2	4	0	7	7	1	0	3	2	1	3	0	0	0	2.71493212669683	2.71493212669683	45.7013574660633	45.7013574660633	45.7013574660633	2.71493212669683	45.7013574660633	86.4253393665158	42.9864253393665	40.7239819004525	42.5339366515837	42.5339366515837	1.80995475113122	2.71493212669683	1.80995475113122	1.80995475113122	0	0	0	0	10.8597285067873	0	0	0	45.7013574660633	1.80995475113122	1.80995475113122	38.0090497737557	38.0090497737557	0	0	0	1.92307692307692	73.0769230769231	1.92307692307692	30.7692307692308	30.7692307692308	30.7692307692308	1.92307692307692	30.7692307692308	73.0769230769231	28.8461538461538	42.3076923076923	46.1538461538462	46.1538461538462	3.84615384615385	3.84615384615385	3.84615384615385	0	0	0	0	19.2307692307692	0	0	0	30.7692307692308	3.84615384615385	7.69230769230769	13.4615384615385	13.4615384615385	6.33484162895928	0.904977375565611	0	0	0	0	0	0	0	0	0	0	0	0	0	0	52	0	0	0	0	100	0	0	0	0	100	0	4	2	2	3	2	6	4	6	1	7	3	7	8.1447963800905	13.4615384615385	7	8.1447963800905	13.4615384615385	7	8.1447963800905	13.4615384615385	22	42.3076923076923	0	0	0	73.6666666666667	4	0	0	0	0	0	0	0
"22-B-027_2022-10-13_1_First"	"BCG_CT_2015"	"bug01"	231	231	5.44241771052179	46	51	125	76	0	0	0	0	62	0	1	7	26	21	1	0	22	26	8	6	3	26	19	0	0	2	57	0	2	1	0	5	0	19	0	3	7	26	24	1	25	0	2	3	11	8	1	0	NA	NA	0	0	0.865800865800866	0.432900432900433	0	1.2987012987013	1.2987012987013	19.9134199134199	13.8528138528139	61.038961038961	0	0	0	0	0.432900432900433	0	22.0779220779221	28.1385281385281	61.038961038961	14.2857142857143	14.2857142857143	13.4199134199134	13.4199134199134	54.1125541125541	37.2294372294372	54.1125541125541	38.0952380952381	47.1861471861472	0	0	16.017316017316	29.6	48.6842105263158	93.9393939393939	0	0	0	0	3.8961038961039	0.432900432900433	0	6.06060606060606	0	47.1861471861472	0	35.9307359307359	0	6.92640692640693	54.1125541125541	0	0	32.9004329004329	16.8831168831169	0.432900432900433	0	0	1.61290322580645	11.2903225806452	41.9354838709677	0	35.4838709677419	41.9354838709677	12.9032258064516	41.9354838709677	30.6451612903226	0	0	91.9354838709677	0	3.2258064516129	8.06451612903226	0	30.6451612903226	0	11.2903225806452	41.9354838709677	17.741935483871	12.9032258064516	1.61290322580645	18	19.9134199134199	29.0322580645161	4.76190476190476	4.32900432900433	3.03030303030303	90.1960784313726	4.34782608695652	0	23.9130434782609	15.2173913043478	25.1082251082251	4.76190476190476	3	3.03030303030303	4.83870967741935	3	3.03030303030303	4.83870967741935	0	0	0.865800865800866	13.8528138528139	0	0	0	0	0	0	0	0	0	0	0	0	62	0	0	0	0	0	0	0	0	0	0	0	100	0	0	0	0	0	0	0	0	0	0	0	100	0	0	0	0	0	28	22	28	7	16	6	62.7705627705628	62.7705627705628	13.8528138528139	13.8528138528139	11.2554112554113	45.1612903225806	45.1612903225806	11.2903225806452	25.8064516129032	9.67741935483871	24	45	6	78.3549783549784	11.2554112554113	72.5806451612903	9.67741935483871	0	NA	NA	NA	0	0	13	10	10	0	0	0	0	0	33	11	0	0	15.5844155844156	17.3160173160173	16.4502164502165	0	0	0	0	0	0	0	0	20.9677419354839	16.1290322580645	16.1290322580645	0	0	0	0	0	NA	NA	NA	0	0	0	0	0	0	0	0	0	0	0	0	0	0	0	0	0	0	0	0	0	6.92640692640693	0	0	0	0	0	0	0	0	0	13.4199134199134	23.8095238095238	29.8701298701299	34.1991341991342	37.6623376623377	41.1255411255411	44.1558441558442	47.1861471861472	49.7835497835498	52.3809523809524	54	50	2.90869565217391	0	0	0	3.66646903471839	5.28959669396116	1.59232726984734	0.955829163621371	11.3919958551024	11.2082539864717	0.888381305925983	0	0	0	0	0	0	0	0	0	0	0	0	0	0	0	0	0	0	0	0	0	0	0	0	0	0	0	0	0	0	0	0	0	0	0	0	4	51	4	29	29	29	4	29	51	25	22	26	26	4	4	4	0	0	0	0	7	0	0	0	29	4	9	2	16	16	1	1	5	4	0	7	0	0	0	16.4502164502165	16.4502164502165	69.6969696969697	69.6969696969697	69.6969696969697	16.4502164502165	69.6969696969697	89.1774891774892	53.2467532467532	19.4805194805195	22.9437229437229	22.9437229437229	3.46320346320346	3.46320346320346	3.46320346320346	3.46320346320346	0	0	0	0	7.35930735930736	0	0	0	69.6969696969697	3.46320346320346	9.09090909090909	45.4545454545455	45.4545454545455	0	0	0	6.45161290322581	82.258064516129	6.45161290322581	46.7741935483871	46.7741935483871	46.7741935483871	6.45161290322581	46.7741935483871	82.258064516129	40.3225806451613	35.4838709677419	41.9354838709677	41.9354838709677	6.45161290322581	6.45161290322581	6.45161290322581	0	0	0	0	11.2903225806452	0	0	0	46.7741935483871	6.45161290322581	14.5161290322581	25.8064516129032	25.8064516129032	2.5974025974026	1.2987012987013	0	0	0	0	0	0	0	0	0	0	0	0	0	0	62	0	0	0	0	100	0	0	0	0	100	0	3	2	3	4	0	7	7	5	0	9	4	2	2.5974025974026	3.2258064516129	2	2.5974025974026	3.2258064516129	2	2.5974025974026	3.2258064516129	28	45.1612903225806	0	0	0	77	1	0	0	0	0	0	0	0
"22-B-028_2022-10-14_1_First"	"BCG_CT_2015"	"bug01"	203	203	5.31320597904179	37	42	135	83	0	0	0	0	42	0	0	4	20	18	1	0	11	20	9	9	2	21	16	1	0	5	38	0	2	1	0	4	0	16	1	1	5	21	21	0	21	0	1	3	7	5	0	0	NA	NA	0	0	0	0	0	5.91133004926108	5.91133004926108	19.2118226600985	6.89655172413793	70.4433497536946	0	0.492610837438424	0	0	0.492610837438424	0	20.6896551724138	24.6305418719212	70.4433497536946	22.6600985221675	22.6600985221675	22.6600985221675	22.6600985221675	66.5024630541872	56.6502463054187	66.5024630541872	56.6502463054187	63.5467980295566	0.492610837438424	0	9.85221674876847	14.8148148148148	24.0963855421687	96.0591133004926	0	0.492610837438424	0	0	1.97044334975369	0.492610837438424	0	3.94088669950739	0	63.5467980295566	0.985221674876847	29.064039408867	0.985221674876847	2.95566502463054	66.5024630541872	0	0	40.8866995073892	31.0344827586207	0	0	0	0	9.52380952380952	47.6190476190476	0	26.1904761904762	47.6190476190476	21.4285714285714	50	38.0952380952381	2.38095238095238	0	90.4761904761905	0	4.76190476190476	9.52380952380952	0	38.0952380952381	2.38095238095238	11.9047619047619	50	16.6666666666667	11.9047619047619	0	7	18.2266009852217	16.6666666666667	0.985221674876847	1.47783251231527	0	88.0952380952381	0	0	5.40540540540541	0	21.6748768472906	15.2709359605911	3	2.95566502463054	7.14285714285714	3	2.95566502463054	7.14285714285714	0	0	0	6.89655172413793	0	0	0	0	0	0	0	0	0	0	0	0	42	0	0	0	0	0	0	0	0	0	0	0	100	0	0	0	0	0	0	0	0	0	0	0	100	0	0	0	0	0	19	14	19	5	10	5	45.320197044335	45.320197044335	4.43349753694581	4.43349753694581	4.43349753694581	45.2380952380952	45.2380952380952	11.9047619047619	23.8095238095238	11.9047619047619	18	29	5	76.8472906403941	4.43349753694581	69.0476190476191	11.9047619047619	0	NA	NA	NA	0	0	6	11	10	0	0	0	0	0	27	6	0	0	4.92610837438424	12.3152709359606	46.7980295566502	0	0	0	0	0	0	0	0	14.2857142857143	26.1904761904762	23.8095238095238	0	0	0	0	0	NA	NA	NA	0	0	0	0	0	0	0	0	0	0	0	0	0	0	0	0	0	0	0	0	0	2.95566502463054	0	0	0	0	0	0	0	0	0	17.2413793103448	28.0788177339901	37.9310344827586	47.2906403940887	53.6945812807882	59.6059113300493	64.5320197044335	68.4729064039409	71.9211822660099	74.8768472906404	34	26	3.42	0	0	0	3.0392667762996	4.38473510610602	1.3199367899788	0.924264117061807	7.9048318784687	7.71662159564801	0.813144843362445	0	0	0	0	0	0	0	0	0	0	0	0	0	0	0	0	0	0	0	0	0	0	0	0	0	0	0	0	0	0	0	0	0	0	0	0	6	35	6	19	19	19	6	19	35	13	16	20	20	4	4	4	0	0	0	0	3	0	0	0	19	4	7	3	12	12	1	1	3	4	0	4	0	0	0	29.5566502463054	29.5566502463054	45.8128078817734	45.8128078817734	45.8128078817734	29.5566502463054	45.8128078817734	77.3399014778325	16.256157635468	31.5270935960591	42.3645320197044	42.3645320197044	10.8374384236453	10.8374384236453	10.8374384236453	10.8374384236453	0	0	0	0	11.8226600985222	0	0	0	45.8128078817734	10.8374384236453	18.2266009852217	39.9014778325123	39.9014778325123	0	0	0	14.2857142857143	83.3333333333333	14.2857142857143	45.2380952380952	45.2380952380952	45.2380952380952	14.2857142857143	45.2380952380952	83.3333333333333	30.952380952381	38.0952380952381	47.6190476190476	47.6190476190476	9.52380952380952	9.52380952380952	9.52380952380952	0	0	0	0	7.14285714285714	0	0	0	45.2380952380952	9.52380952380952	16.6666666666667	28.5714285714286	28.5714285714286	9.35960591133005	5.91133004926108	0	0	0	0	0	0	0	0	0	0	0	0	0	0	42	0	0	0	0	100	0	0	0	0	100	0	3	2	2	3	0	6	4	5	0	6	3	3	2.95566502463054	7.14285714285714	3	2.95566502463054	7.14285714285714	3	2.95566502463054	7.14285714285714	21	50	0	0	0	67.6666666666667	1	0	0	0	0	0	0	0
"22-B-028_2022-10-14_1_Second"	"BCG_CT_2015"	"bug01"	200	200	5.29831736654804	39	46	129	82	0	0	0	0	41	0	0	5	21	18	0	0	13	21	6	6	3	18	16	0	0	2	39	0	3	0	0	2	0	16	1	0	2	18	18	0	18	1	1	3	10	7	0	0	NA	NA	0	0	0	0	0	6.5	6.5	20	8.5	71	0	0	0	0	0	0	23	24.5	71	21.5	21.5	21.5	21.5	64.5	54.5	64.5	54.5	62.5	0	0	10	15.5038759689922	24.390243902439	98.5	0	0	0	0	2.5	0	0	1.5	0	62.5	0.5	30	0.5	2	64.5	0	0	41	31	0	0	0	0	12.1951219512195	51.219512195122	0	31.7073170731707	51.219512195122	14.6341463414634	43.9024390243902	39.0243902439024	0	0	95.1219512195122	0	7.31707317073171	4.8780487804878	0	39.0243902439024	2.4390243902439	4.8780487804878	43.9024390243902	24.390243902439	17.0731707317073	0	9	19.5	21.9512195121951	1.5	0.5	0	84.7826086956522	2.56410256410256	2.56410256410256	7.69230769230769	0	21	13	2	1.5	4.8780487804878	2	1.5	4.8780487804878	0	0	0	8.5	0	0	0	0	0	0	0	0	0	0	0	0	41	0	0	0	0	0	0	0	0	0	0	0	100	0	0	0	0	0	0	0	0	0	0	0	100	0	0	0	0	0	16	11	16	4	12	2	48	48	2.5	2.5	1.5	39.0243902439024	39.0243902439024	9.75609756097561	29.2682926829268	4.8780487804878	15	28	2	78.5	1.5	68.2926829268293	4.8780487804878	0	NA	NA	NA	0	0	7	13	7	0	0	0	0	0	27	7	0	0	6.5	16.5	41	0	0	0	0	0	0	0	0	17.0731707317073	31.7073170731707	17.0731707317073	0	0	0	0	0	NA	NA	NA	0	0	0	0	0	0	0	0	0	0	0	0	0	0	0	0	0	0	0	0	0	2	0	0	0	0	0	0	0	0	0	16	26.5	35.5	42	48.5	55	60.5	66	69	72	34	24	3.27638190954774	0	0	0	3.08708871127902	4.45372757454654	1.3407055924543	0.93145	7.73830579852795	7.54956663271019	0.831298990790483	0	0	0	0	0	0	0	0	0	0	0	0	0	0	0	0	0	0	0	0	0	0	0	0	0	0	0	0	0	0	0	0	0	0	0	0	6	35	6	19	19	19	6	19	35	13	16	20	20	4	4	4	0	0	0	0	1	0	0	0	19	4	8	1	11	11	1	3	3	3	0	6	0	0	0	30	30	47	47	47	30	47	78.5	17	31.5	43.5	43.5	12	12.5	12	12	0	0	0	0	9	0	0	0	47	12	19	41.5	41.5	0	0	0	14.6341463414634	85.3658536585366	14.6341463414634	46.3414634146341	46.3414634146341	46.3414634146341	14.6341463414634	46.3414634146341	85.3658536585366	31.7073170731707	39.0243902439024	48.780487804878	48.780487804878	9.75609756097561	9.75609756097561	9.75609756097561	0	0	0	0	2.4390243902439	0	0	0	46.3414634146341	9.75609756097561	19.5121951219512	26.8292682926829	26.8292682926829	6.5	6.5	0	0	0	0	0	0	0	0	0	0	0	0	0	0	41	0	0	0	0	100	0	0	0	0	100	0	3	2	2	3	0	8	4	3	0	9	2	2	1.5	4.8780487804878	2	1.5	4.8780487804878	2	1.5	4.8780487804878	17	41.4634146341463	0	0	0	66.6666666666667	0	0	0	0	0	0	0	0
"22-B-029_2022-10-14_2_First"	"BCG_CT_2015"	"bug01"	205	205	5.32300997913841	29	38	142	81	0	0	0	0	48	0	0	4	23	20	1	0	14	22	7	7	2	22	18	1	0	3	43	0	2	1	0	5	1	19	1	0	4	23	23	0	23	0	2	5	11	8	1	0	NA	NA	0	0	0	0	0	3.90243902439024	3.90243902439024	14.6341463414634	6.34146341463415	72.1951219512195	0	0	0	0	0.48780487804878	0	18.5365853658537	21.9512195121951	71.7073170731707	25.8536585365854	25.8536585365854	25.8536585365854	25.8536585365854	69.2682926829268	62.4390243902439	69.2682926829268	62.4390243902439	65.3658536585366	0.48780487804878	0	6.82926829268293	9.85915492957746	17.2839506172839	96.5853658536585	0	0.48780487804878	0	0	1.95121951219512	0.48780487804878	0	3.41463414634146	0.48780487804878	65.8536585365854	0.48780487804878	21.4634146341463	0.48780487804878	3.90243902439024	69.7560975609756	0	0	39.5121951219512	32.6829268292683	1.46341463414634	0	0	0	8.33333333333333	47.9166666666667	0	29.1666666666667	45.8333333333333	14.5833333333333	45.8333333333333	37.5	2.08333333333333	0	89.5833333333333	0	4.16666666666667	10.4166666666667	2.08333333333333	39.5833333333333	2.08333333333333	8.33333333333333	47.9166666666667	22.9166666666667	16.6666666666667	2.08333333333333	9	14.1463414634146	18.75	1.46341463414634	0.975609756097561	0.48780487804878	76.3157894736842	6.89655172413793	0	10.3448275862069	3.44827586206897	15.609756097561	10.2439024390244	2	0.975609756097561	4.16666666666667	2	0.975609756097561	4.16666666666667	0	0	0	6.34146341463415	0	0	0	0	0	0	0	0	0	0	0	0	48	0	0	0	0	0	0	0	0	0	0	0	100	0	0	0	0	0	0	0	0	0	0	0	100	0	0	0	0	0	22	15	22	6	13	5	52.1951219512195	52.1951219512195	2.92682926829268	2.92682926829268	2.4390243902439	45.8333333333333	45.8333333333333	12.5	27.0833333333333	10.4166666666667	18	31	5	80.9756097560976	2.4390243902439	64.5833333333333	10.4166666666667	0	NA	NA	NA	0	0	11	10	9	0	0	0	0	0	30	10	0	0	9.26829268292683	10.7317073170732	40	0	0	0	0	0	0	0	0	22.9166666666667	20.8333333333333	18.75	0	0	0	0	0	NA	NA	NA	0	0	0	0	0	0	0	0	0	0	0	0	0	0	0	0	0	0	0	0	0	3.90243902439024	0	0	0	0	0	0	0	0	0	15.609756097561	30.2439024390244	42.9268292682927	48.780487804878	54.1463414634146	58.5365853658537	62.4390243902439	65.3658536585366	67.8048780487805	70.2439024390244	38	30	3.07070707070707	0	0	0	3.13231512787143	4.51897550148159	1.36034717561664	0.923640690065437	9.01745444553334	8.8295908112514	0.809132648768561	0	0	0	0	0	0	0	0	0	0	0	0	0	0	0	0	0	0	0	0	0	0	0	0	0	0	0	0	0	0	0	0	0	0	0	0	5	37	5	22	22	22	5	22	37	17	15	21	21	6	6	6	0	0	0	0	5	0	0	0	22	6	8	2	14	14	1	1	3	4	1	6	0	0	0	32.1951219512195	32.1951219512195	50.2439024390244	50.2439024390244	50.2439024390244	32.1951219512195	50.2439024390244	73.6585365853659	18.0487804878049	23.4146341463415	33.6585365853659	33.6585365853659	10.2439024390244	10.2439024390244	10.2439024390244	10.2439024390244	0	0	0	0	16.0975609756098	0	0	0	50.2439024390244	10.2439024390244	13.1707317073171	44.8780487804878	44.8780487804878	0	0	0	10.4166666666667	77.0833333333333	10.4166666666667	45.8333333333333	45.8333333333333	45.8333333333333	10.4166666666667	45.8333333333333	77.0833333333333	35.4166666666667	31.25	43.75	43.75	12.5	12.5	12.5	0	0	0	0	10.4166666666667	0	0	0	45.8333333333333	12.5	16.6666666666667	29.1666666666667	29.1666666666667	5.85365853658537	3.90243902439024	0	0	0	0	0	0	0	0	0	0	0	0	0	0	48	0	0	0	0	100	0	0	0	0	100	0	4	2	2	4	1	8	4	5	1	9	3	2	0.975609756097561	4.16666666666667	2	0.975609756097561	4.16666666666667	2	0.975609756097561	4.16666666666667	30	62.5	0	0	0	68.3333333333333	1	0	0	0	0	0	0	0
"22-B-030_2022-10-14_1_First"	"BCG_CT_2015"	"bug01"	210	210	5.34710753071747	5	17	110	48	0	0	0	0	38	0	0	7	22	19	0	0	8	21	4	4	1	19	14	0	0	2	36	0	1	0	0	2	1	15	0	2	5	20	20	0	20	1	2	3	10	7	0	0	NA	NA	0	0	0	0	0	6.66666666666667	6.66666666666667	2.38095238095238	33.8095238095238	69.0476190476191	0	0	0	0	0	0	8.09523809523809	10	68.5714285714286	11.9047619047619	11.9047619047619	11.9047619047619	11.9047619047619	52.3809523809524	43.3333333333333	52.3809523809524	43.3333333333333	34.7619047619048	0	0	9.04761904761905	17.2727272727273	39.5833333333333	98.0952380952381	0	0	0	0	3.33333333333333	0	0	1.9047619047619	0.476190476190476	35.2380952380952	0	11.4285714285714	0	17.6190476190476	52.8571428571429	0	0	22.8571428571429	13.8095238095238	0	0	0	0	18.4210526315789	57.8947368421053	0	21.0526315789474	55.2631578947368	10.5263157894737	50	36.8421052631579	0	0	94.7368421052632	0	2.63157894736842	5.26315789473684	2.63157894736842	39.4736842105263	0	13.1578947368421	52.6315789473684	26.3157894736842	18.4210526315789	0	5	2.38095238095238	13.1578947368421	0.476190476190476	0.476190476190476	0	29.4117647058824	0	0	20	0	3.80952380952381	12.3809523809524	2	1.9047619047619	5.26315789473684	2	1.9047619047619	5.26315789473684	0	0	0	33.8095238095238	0	0	0	0	0	0	0	0	0	0	0	0	38	0	0	0	0	0	0	0	0	0	0	0	100	0	0	0	0	0	0	0	0	0	0	0	100	0	0	0	0	0	21	16	21	2	6	2	61.9047619047619	61.9047619047619	1.9047619047619	1.9047619047619	1.9047619047619	55.2631578947368	55.2631578947368	5.26315789473684	15.7894736842105	5.26315789473684	17	31	2	95.2380952380952	1.9047619047619	81.5789473684211	5.26315789473684	0	NA	NA	NA	0	0	10	11	8	0	0	0	0	0	29	10	0	0	27.6190476190476	41.4285714285714	10.4761904761905	0	0	0	0	0	0	0	0	26.3157894736842	28.9473684210526	21.0526315789474	0	0	0	0	0	NA	NA	NA	0	0	0	0	0	0	0	0	0	0	0	0	0	0	0	0	0	0	0	0	0	17.6190476190476	0	0	0	0	0	0	0	0	0	12.3809523809524	26.1904761904762	37.1428571428571	44.2857142857143	50.9523809523809	56.6666666666667	60.9523809523809	64.7619047619048	68.5714285714286	71.9047619047619	39	36	2.51442307692308	0	0	0	3.1233760664148	4.5060791618479	1.35646499055263	0.939818594104308	7.10664593552717	6.91962893722382	0.858639748796969	0	0	0	0	0	0	0	0	0	0	0	0	0	0	0	0	0	0	0	0	0	0	0	0	0	0	0	0	0	0	0	0	0	0	0	0	5	34	5	21	21	21	5	21	34	16	13	16	16	3	3	3	0	0	0	0	1	0	0	0	21	3	5	2	13	13	1	1	4	3	1	5	0	0	0	16.1904761904762	16.1904761904762	75.2380952380952	75.2380952380952	75.2380952380952	16.1904761904762	75.2380952380952	88.5714285714286	59.0476190476191	13.3333333333333	22.3809523809524	22.3809523809524	9.04761904761905	9.04761904761905	9.04761904761905	9.04761904761905	0	0	0	0	2.38095238095238	0	0	0	75.2380952380952	9.04761904761905	2.38095238095238	39.5238095238095	39.5238095238095	0	0	0	13.1578947368421	89.4736842105263	13.1578947368421	55.2631578947368	55.2631578947368	55.2631578947368	13.1578947368421	55.2631578947368	89.4736842105263	42.1052631578947	34.2105263157895	42.1052631578947	42.1052631578947	7.89473684210526	7.89473684210526	7.89473684210526	0	0	0	0	2.63157894736842	0	0	0	55.2631578947368	7.89473684210526	13.1578947368421	34.2105263157895	34.2105263157895	5.71428571428571	6.66666666666667	0	0	0	0	0	0	0	0	0	0	0	0	0	0	38	0	0	0	0	100	0	0	0	0	100	0	4	2	3	3	1	7	6	3	0	7	3	2	1.9047619047619	5.26315789473684	2	1.9047619047619	5.26315789473684	2	1.9047619047619	5.26315789473684	16	42.1052631578947	0	0	0	70	0	0	0	0	0	0	0	0
"22-B-031_2022-10-14_1_First"	"BCG_CT_2015"	"bug01"	200	199	5.29831736654804	9	13	108	37	0	0	0	0	34	0	0	6	16	12	3	1	5	16	3	2	0	15	10	3	0	1	27	0	1	3	0	7	0	10	1	0	5	15	14	1	15	1	2	1	7	4	0	0	NA	NA	0	0	0.5	0	0	3	3	6	29.5	52	0	0	0	0	4	0.5	6.5	16	52	4	4	3.5	3.5	54	40.5	54	41	22.5	4	0	13	24.0740740740741	70.2702702702703	90.5	0	4	0	0	0.5	4	0	9.5	0	22.5	1.5	19	1.5	31.5	54	0	0	18.5	5.5	0	0	0	0	17.6470588235294	47.0588235294118	2.94117647058824	14.7058823529412	47.0588235294118	8.82352941176471	44.1176470588235	29.4117647058824	8.82352941176471	0	79.4117647058823	0	2.94117647058824	20.5882352941176	0	29.4117647058824	2.94117647058824	14.7058823529412	44.1176470588235	20.5882352941176	11.7647058823529	0	3	4.5	8.82352941176471	0.5	0	0	69.2307692307692	0	0	11.1111111111111	0	9.5	7.5	4	6	11.7647058823529	4	6	11.7647058823529	0	0	0	29.5	0	0	0	0	0	0	0	0	0	0	0	0	34	0	0	0	0	0	0	0	0	0	0	0	100	0	0	0	0	0	0	0	0	0	0	0	100	0	0	0	0	0	13	11	13	4	9	4	66.5	66.5	5.5	5.5	5.5	38.2352941176471	38.2352941176471	11.7647058823529	26.4705882352941	11.7647058823529	12	23	4	88.5	5.5	67.6470588235294	11.7647058823529	0	NA	NA	NA	0	0	4	10	6	0	0	0	0	0	20	4	0	0	2	34	33	0	0	0	0	0	0	0	0	11.7647058823529	29.4117647058824	17.6470588235294	0	0	0	0	0	NA	NA	NA	0	0	0	0	0	0	0	0	0	0	0	0	0	0	0	0	0	0	0	0	0	31.5	0	0	0	0	0	0	0	0	0	26.5	44.5	54	59	63	66.5	69.5	72.5	75	77.5	26	23	2.81122448979592	0	0	0	2.75586181673991	3.97586817638592	1.19685557989801	0.88245	6.41713163780366	6.22839247198591	0.781503138292951	0	0	0	0	0	0	0	0	0	0	0	0	0	0	0	0	0	0	0	0	0	0	0	0	0	0	0	0	0	0	0	0	0	0	0	0	2	30	2	19	19	19	2	19	30	17	11	13	13	2	2	2	0	0	0	0	2	0	0	0	19	2	1	0	9	9	2	0	5	1	0	4	0	0	0	2.5	2.5	72.5	72.5	72.5	2.5	72.5	94.5	70	22	25.5	25.5	3.5	3.5	3.5	3.5	0	0	0	0	2	0	0	0	72.5	3.5	3.5	42	42	0	0	0	5.88235294117647	88.2352941176471	5.88235294117647	55.8823529411765	55.8823529411765	55.8823529411765	5.88235294117647	55.8823529411765	88.2352941176471	50	32.3529411764706	38.2352941176471	38.2352941176471	5.88235294117647	5.88235294117647	5.88235294117647	0	0	0	0	5.88235294117647	0	0	0	55.8823529411765	5.88235294117647	2.94117647058824	26.4705882352941	26.4705882352941	4	3	0	0	0	0	0	0	0	0	0	0	0	0	0	0	34	0	0	0	0	100	0	0	0	0	100	0	3	2	2	3	0	3	5	3	0	6	3	4	6	11.7647058823529	4	6	11.7647058823529	4	6	11.7647058823529	15	44.1176470588235	0	0	0	66.6666666666667	3	0	0	0	0	0	0	0
"22-B-032_2022-10-14_1_First"	"BCG_CT_2015"	"bug01"	212	210	5.35658627467201	32	40	90	46	0	0	0	0	34	0	0	6	12	10	0	1	10	10	1	1	1	6	4	0	0	0	26	0	2	0	0	8	2	6	2	0	2	8	8	0	8	1	0	1	3	1	2	1	NA	NA	0	0	0	0	0	19.3396226415094	19.811320754717	20.7547169811321	16.5094339622642	45.2830188679245	0	0	0	0	0	0.943396226415094	18.8679245283019	33.9622641509434	43.3962264150943	5.18867924528302	5.18867924528302	5.18867924528302	5.18867924528302	42.4528301886792	21.2264150943396	42.4528301886792	21.2264150943396	26.8867924528302	0	0	21.2264150943396	50	97.8260869565217	84.9056603773585	0	0	0	0	5.18867924528302	0	0	15.0943396226415	1.88679245283019	28.7735849056604	5.66037735849057	41.9811320754717	5.66037735849057	15.5660377358491	44.3396226415094	0	0	21.6981132075472	0.471698113207547	0.943396226415094	1.41509433962264	0	0	17.6470588235294	35.2941176470588	2.94117647058824	29.4117647058824	29.4117647058824	2.94117647058824	17.6470588235294	11.7647058823529	0	0	76.4705882352941	0	5.88235294117647	23.5294117647059	5.88235294117647	17.6470588235294	5.88235294117647	5.88235294117647	23.5294117647059	8.82352941176471	2.94117647058824	5.88235294117647	6	15.0943396226415	17.6470588235294	0.943396226415094	0.943396226415094	0	80	6.25	6.25	6.25	0	28.3018867924528	31.6037735849057	4	11.3207547169811	11.7647058823529	4	11.3207547169811	11.7647058823529	0.471698113207547	0.471698113207547	0.471698113207547	16.5094339622642	0	0	0	0	0	0	0	0	0	0	0	0	34	0	0	0	0	0	0	0	0	0	0	0	100	0	0	0	0	0	0	0	0	0	0	0	100	0	0	0	0	0	5	3	5	7	16	7	23.5849056603774	23.5849056603774	15.0943396226415	15.0943396226415	15.0943396226415	14.7058823529412	14.7058823529412	20.5882352941176	47.0588235294118	20.5882352941176	2	17	7	65.0943396226415	15.0943396226415	50	20.5882352941176	0	NA	NA	NA	0	0	9	6	3	0	0	0	0	0	18	9	0	0	10.377358490566	16.5094339622642	16.9811320754717	0	0	0	0	0	0	0	0	26.4705882352941	17.6470588235294	8.82352941176471	0	0	0	0	0	NA	NA	NA	0	0	0	0	0	0	0	0	0	0	0	0	0	0	0	0	0	0	0	0	0	15.5660377358491	0	0	0	0	0	0	0	0	0	19.3396226415094	33.9622641509434	46.2264150943396	51.4150943396226	56.6037735849057	61.7924528301887	66.9811320754717	71.6981132075472	76.4150943396226	79.7169811320755	14	4	4.84285714285714	0	0	0	2.83213748082004	4.08591069869484	1.22998167991152	0.908330366678533	6.34732612461877	6.16064006212998	0.80313327609301	0	0	0	0	0	0	0	0	0	0	0	0	0	0	0	0	0	0	0	0	0	0	0	0	0	0	0	0	0	0	0	0	0	0	0	0	1	25	1	11	11	11	1	11	25	10	14	19	19	5	5	5	0	0	0	0	4	0	0	0	11	5	4	0	3	3	1	0	3	0	1	1	0	0	0	0.943396226415094	0.943396226415094	31.1320754716981	31.1320754716981	31.1320754716981	0.943396226415094	31.1320754716981	73.1132075471698	30.188679245283	41.9811320754717	65.0943396226415	65.0943396226415	23.1132075471698	23.1132075471698	23.1132075471698	23.1132075471698	0	0	0	0	3.77358490566038	0	0	0	31.1320754716981	23.1132075471698	14.1509433962264	16.0377358490566	16.0377358490566	0	0	0	2.94117647058824	73.5294117647059	2.94117647058824	32.3529411764706	32.3529411764706	32.3529411764706	2.94117647058824	32.3529411764706	73.5294117647059	29.4117647058824	41.1764705882353	55.8823529411765	55.8823529411765	14.7058823529412	14.7058823529412	14.7058823529412	0	0	0	0	11.7647058823529	0	0	0	32.3529411764706	14.7058823529412	11.7647058823529	8.82352941176471	8.82352941176471	12.2641509433962	19.3396226415094	0	0	0	0	0	0	0	0	0	0	0	0	0	0	34	0	0	0	0	100	0	0	0	0	100	0	4	2	2	1	2	2	5	1	0	2	4	2	10.377358490566	5.88235294117647	2	10.377358490566	5.88235294117647	2	10.377358490566	5.88235294117647	13	38.2352941176471	0	0	0	70.6666666666667	0	0	0	0	0	0	0	0
"22-B-033_2022-10-14_1_First"	"BCG_CT_2015"	"bug01"	200	193	5.29831736654804	17	29	97	42	0	0	0	0	43	0	0	5	21	19	0	2	12	19	5	5	3	18	14	0	0	2	38	0	1	0	0	5	2	16	1	1	4	20	20	0	20	0	1	4	9	7	0	0	NA	NA	0	0	0	0	0	0	0	9.5	19	52.5	0	0	0	0	0	3.5	14.5	28.5	49	9	9	9	9	48.5	35.5	48.5	35.5	30	0	0	13	26.8041237113402	61.9047619047619	86	0	0	0	0	0.5	0	0	14	3.5	33.5	1	22.5	1	18.5	52	0	0	21	8	0	0	0	0	11.6279069767442	48.8372093023256	4.65116279069767	27.906976744186	44.1860465116279	11.6279069767442	41.8604651162791	32.5581395348837	0	0	88.3720930232558	0	2.32558139534884	11.6279069767442	4.65116279069767	37.2093023255814	2.32558139534884	9.30232558139535	46.5116279069767	20.9302325581395	16.2790697674419	0	7	8.5	16.2790697674419	0.5	5	1	58.6206896551724	0	0	5.88235294117647	11.7647058823529	19	12.5	3	11.5	6.97674418604651	3	11.5	6.97674418604651	0	0	0	19	0	0	0	0	0	0	0	0	0	0	0	0	43	0	0	0	0	0	0	0	0	0	0	0	100	0	0	0	0	0	0	0	0	0	0	0	100	0	0	0	0	0	22	16	22	7	13	5	54	54	17	17	16	51.1627906976744	51.1627906976744	16.2790697674419	30.2325581395349	11.6279069767442	17	30	5	76	16	69.7674418604651	11.6279069767442	0	NA	NA	NA	0	0	11	10	9	0	0	0	0	0	30	9	0	0	23	24	14	0	0	0	0	0	0	0	0	25.5813953488372	23.2558139534884	20.9302325581395	0	0	0	0	0	NA	NA	NA	0	0	0	0	0	0	0	0	0	0	0	0	0	0	0	0	0	0	0	0	0	18.5	0	0	0	0	0	0	0	0	0	11	21	30	38.5	44.5	49.5	54	57.5	60.5	63	39	35	3.245	0	0	0	3.31672720562215	4.78502589153259	1.44043632338009	0.948	8.11578413016346	7.9270449643457	0.881826838136888	0	0	0	0	0	0	0	0	0	0	0	0	0	0	0	0	0	0	0	0	0	0	0	0	0	0	0	0	0	0	0	0	0	0	0	0	5	36	5	22	22	22	5	22	36	17	14	15	15	1	1	1	0	0	0	0	6	0	0	0	22	1	4	1	12	12	1	2	4	2	2	6	0	0	0	5.5	5.5	61	61	61	5.5	61	88.5	55.5	27.5	29.5	29.5	2	2	2	2	0	0	0	0	9.5	0	0	0	61	2	2.5	38	38	0	0	0	11.6279069767442	83.7209302325581	11.6279069767442	51.1627906976744	51.1627906976744	51.1627906976744	11.6279069767442	51.1627906976744	83.7209302325581	39.5348837209302	32.5581395348837	34.8837209302326	34.8837209302326	2.32558139534884	2.32558139534884	2.32558139534884	0	0	0	0	13.953488372093	0	0	0	51.1627906976744	2.32558139534884	9.30232558139535	27.906976744186	27.906976744186	9	2	0	0	0	0	0	0	0	0	0	0	0	0	0	0	43	0	0	0	0	100	0	0	0	0	100	0	4	2	2	2	2	8	4	4	2	8	3	2	9.5	4.65116279069767	2	9.5	4.65116279069767	3	11.5	6.97674418604651	14	32.5581395348837	0	0	0	66.6666666666667	0	0	0	0	0	0	0	0
"22-B-034_2022-10-17_1_First"	"BCG_CT_2015"	"bug01"	231	230	5.44241771052179	9	15	84	17	0	0	0	0	47	0	0	7	24	20	0	1	8	22	6	4	1	21	15	0	0	1	39	0	1	0	0	8	2	17	1	3	6	23	21	1	22	0	1	3	9	7	3	0	NA	NA	0	0	1.2987012987013	0	0	1.73160173160173	2.16450216450216	4.76190476190476	36.3636363636364	64.9350649350649	0	0	0	0	0	0.432900432900433	6.49350649350649	14.2857142857143	52.3809523809524	8.65800865800866	8.65800865800866	7.35930735930736	7.35930735930736	36.3636363636364	32.9004329004329	36.3636363636364	34.1991341991342	16.017316017316	0	0	2.16450216450216	5.95238095238095	29.4117647058824	92.2077922077922	0	0	0	0	0.432900432900433	0	0	7.79220779220779	12.5541125541126	28.5714285714286	0.865800865800866	6.92640692640693	0.865800865800866	20.3463203463203	48.9177489177489	0	0	7.35930735930736	5.19480519480519	1.73160173160173	0	0	0	14.8936170212766	51.063829787234	2.12765957446809	17.0212765957447	46.8085106382979	12.7659574468085	44.6808510638298	31.9148936170213	0	0	82.9787234042553	0	2.12765957446809	17.0212765957447	4.25531914893617	36.1702127659574	2.12765957446809	12.7659574468085	48.936170212766	19.1489361702128	14.8936170212766	6.38297872340426	3	3.8961038961039	6.38297872340426	2.5974025974026	0	0	60	44.4444444444444	0	66.6666666666667	0	8.65800865800866	8.65800865800866	6	6.49350649350649	12.7659574468085	6	6.49350649350649	12.7659574468085	0.432900432900433	0.432900432900433	0.432900432900433	36.3636363636364	0	0	0	0	0	0	0	0	0	0	0	0	47	0	0	0	0	0	0	0	0	0	0	0	100	0	0	0	0	0	0	0	0	0	0	0	100	0	0	0	0	0	21	16	21	4	10	4	59.3073593073593	59.3073593073593	6.06060606060606	6.06060606060606	6.06060606060606	44.6808510638298	44.6808510638298	8.51063829787234	21.2765957446809	8.51063829787234	18	37	4	88.7445887445887	6.06060606060606	78.7234042553192	8.51063829787234	0	NA	NA	NA	0	0	19	10	3	0	0	0	0	0	32	19	0	0	21.2121212121212	40.6926406926407	19.047619047619	0	0	0	0	0	0	0	0	40.4255319148936	21.2765957446809	6.38297872340426	0	0	0	0	0	NA	NA	NA	0	0	0	0	0	0	0	0	0	0	0	0	0	0	0	0	0	0	0	0	0	20.3463203463203	0	0	0	0	0	0	0	0	0	17.7489177489177	31.1688311688312	43.2900432900433	54.978354978355	59.7402597402597	63.6363636363636	67.5324675324675	70.5627705627706	72.7272727272727	74.4588744588745	43	33	2.94805194805195	0	0	0	3.39869220058546	4.90327638329264	1.47603326840188	0.933528232229531	8.63586782564212	8.45212595701144	0.882743352248603	0	0	0	0	0	0	0	0	0	0	0	0	0	0	0	0	0	0	0	0	0	0	0	0	0	0	0	0	0	0	0	0	0	0	0	0	2	41	2	25	25	25	2	25	41	23	16	20	20	4	4	4	0	0	0	0	2	0	0	0	25	4	3	1	14	14	0	0	5	2	2	7	0	0	0	1.2987012987013	1.2987012987013	72.2943722943723	72.2943722943723	72.2943722943723	1.2987012987013	72.2943722943723	95.6709956709957	70.995670995671	23.3766233766234	26.8398268398268	26.8398268398268	3.46320346320346	3.46320346320346	3.46320346320346	3.46320346320346	0	0	0	0	0.865800865800866	0	0	0	72.2943722943723	3.46320346320346	3.8961038961039	26.8398268398268	26.8398268398268	0	0	0	4.25531914893617	87.2340425531915	4.25531914893617	53.1914893617021	53.1914893617021	53.1914893617021	4.25531914893617	53.1914893617021	87.2340425531915	48.936170212766	34.0425531914894	42.5531914893617	42.5531914893617	8.51063829787234	8.51063829787234	8.51063829787234	0	0	0	0	4.25531914893617	0	0	0	53.1914893617021	8.51063829787234	6.38297872340426	29.7872340425532	29.7872340425532	4.76190476190476	1.73160173160173	0	0	0	0	0	0	0	0	0	0	0	0	0	0	47	0	0	0	0	100	0	0	0	0	100	0	4	2	2	5	1	6	6	4	1	8	4	2	4.32900432900433	4.25531914893617	2	4.32900432900433	4.25531914893617	3	4.76190476190476	6.38297872340426	24	51.063829787234	0	0	0	77	0	0	0	0	0	0	0	0
"22-B-035_2022-10-17_2_First"	"BCG_CT_2015"	"bug01"	209	209	5.34233425196481	8	15	118	51	0	0	0	0	51	0	0	9	28	24	0	0	12	26	7	7	2	23	17	0	0	3	47	0	1	0	0	4	2	19	0	1	6	25	25	0	25	0	1	2	10	6	2	0	NA	NA	0	0	0	0	0	3.34928229665072	4.30622009569378	3.82775119617225	28.2296650717703	72.7272727272727	0	0	0	0	0	0	7.17703349282297	12.9186602870813	70.8133971291866	18.1818181818182	18.1818181818182	18.1818181818182	18.1818181818182	56.4593301435407	43.5406698564593	56.4593301435407	43.5406698564593	42.5837320574163	0	0	12.9186602870813	22.8813559322034	52.9411764705882	94.2583732057416	0	0	0	0	0.478468899521531	0	0	5.74162679425837	1.91387559808612	44.4976076555024	0	16.7464114832536	0	13.8755980861244	58.3732057416268	0	0	24.4019138755981	11.4832535885167	1.91387559808612	0	0	0	17.6470588235294	54.9019607843137	0	23.5294117647059	50.9803921568627	13.7254901960784	45.0980392156863	33.3333333333333	0	0	92.156862745098	0	1.96078431372549	7.84313725490196	3.92156862745098	37.2549019607843	0	11.7647058823529	49.0196078431373	19.6078431372549	11.7647058823529	3.92156862745098	7	3.82775119617225	13.7254901960784	1.91387559808612	1.43540669856459	0	53.3333333333333	37.5	0	50	0	6.69856459330144	9.56937799043062	4	5.74162679425837	7.84313725490196	4	5.74162679425837	7.84313725490196	0.956937799043062	0.956937799043062	0.956937799043062	28.2296650717703	0	0	0	0	0	0	0	0	0	0	0	0	51	0	0	0	0	0	0	0	0	0	0	0	100	0	0	0	0	0	0	0	0	0	0	0	100	0	0	0	0	0	24	20	24	2	10	2	58.3732057416268	58.3732057416268	3.34928229665072	3.34928229665072	3.34928229665072	47.0588235294118	47.0588235294118	3.92156862745098	19.6078431372549	3.92156862745098	19	39	2	83.7320574162679	3.34928229665072	76.4705882352941	3.92156862745098	0	NA	NA	NA	0	0	13	11	6	0	0	0	0	0	30	13	0	0	10.0478468899522	34.9282296650718	13.3971291866029	0	0	0	0	0	0	0	0	25.4901960784314	21.5686274509804	11.7647058823529	0	0	0	0	0	NA	NA	NA	0	0	0	0	0	0	0	0	0	0	0	0	0	0	0	0	0	0	0	0	0	13.8755980861244	0	0	0	0	0	0	0	0	0	11.0047846889952	22.9665071770335	29.6650717703349	34.4497607655502	39.2344497607655	44.0191387559809	48.3253588516746	52.1531100478469	55.5023923444976	58.8516746411483	44	35	3.09	0	0	0	3.47464825187883	5.0128578018191	1.50902056234576	0.953915890203979	9.54638882455607	9.35920472995693	0.883723892270187	0	0	0	0	0	0	0	0	0	0	0	0	0	0	0	0	0	0	0	0	0	0	0	0	0	0	0	0	0	0	0	0	0	0	0	0	3	41	3	23	23	23	3	23	41	20	18	25	25	7	7	7	0	0	0	0	3	0	0	0	23	7	4	2	13	13	1	0	5	4	2	4	0	0	0	4.30622009569378	4.30622009569378	56.4593301435407	56.4593301435407	56.4593301435407	4.30622009569378	56.4593301435407	83.7320574162679	52.1531100478469	27.2727272727273	42.1052631578947	42.1052631578947	14.8325358851675	14.8325358851675	14.8325358851675	14.8325358851675	0	0	0	0	1.43540669856459	0	0	0	56.4593301435407	14.8325358851675	2.39234449760766	29.6650717703349	29.6650717703349	0	0	0	5.88235294117647	80.3921568627451	5.88235294117647	45.0980392156863	45.0980392156863	45.0980392156863	5.88235294117647	45.0980392156863	80.3921568627451	39.2156862745098	35.2941176470588	49.0196078431373	49.0196078431373	13.7254901960784	13.7254901960784	13.7254901960784	0	0	0	0	5.88235294117647	0	0	0	45.0980392156863	13.7254901960784	7.84313725490196	25.4901960784314	25.4901960784314	4.78468899521531	4.78468899521531	0	0	0	0	0	0	0	0	0	0	0	0	0	0	51	0	0	0	0	100	0	0	0	0	100	0	4	2	3	4	1	6	7	5	1	9	4	2	3.82775119617225	3.92156862745098	2	3.82775119617225	3.92156862745098	2	3.82775119617225	3.92156862745098	24	47.0588235294118	0	0	0	69.6666666666667	0	0	0	0	0	0	0	0
"22-B-036_2022-10-17_1_First"	"BCG_CT_2015"	"bug01"	200	200	5.29831736654804	5	10	110	37	0	0	0	0	41	0	0	4	22	16	6	0	5	22	7	5	2	21	18	6	0	1	31	0	1	6	0	10	0	18	1	1	3	21	19	1	20	0	2	1	11	7	0	0	NA	NA	0	0	2.5	0	0	1	1	3	6	39.5	0	0.5	0	0	5	0	5	38.5	39.5	15	15	12.5	12.5	55	49	55	51.5	33.5	5	0	3.5	6.36363636363636	18.9189189189189	66.5	0	5	0	0	0.5	5	0	33.5	0	33.5	0.5	6.5	0.5	21.5	55	0	0	18.5	15	0	0	0	0	9.75609756097561	53.6585365853659	0	12.1951219512195	53.6585365853659	17.0731707317073	51.219512195122	43.9024390243902	14.6341463414634	0	75.609756097561	0	2.4390243902439	24.390243902439	0	43.9024390243902	2.4390243902439	7.31707317073171	51.219512195122	26.8292682926829	17.0731707317073	0	4	2.5	9.75609756097561	1.5	0	0	50	40	20	60	0	28.5	28	7	30	17.0731707317073	7	30	17.0731707317073	0	0	0.5	6	0	0	0	0	0	0	0	0	0	0	0	0	41	0	0	0	0	0	0	0	0	0	0	0	100	0	0	0	0	0	0	0	0	0	0	0	100	0	0	0	0	0	14	13	14	7	13	5	44.5	44.5	30	30	29	34.1463414634146	34.1463414634146	17.0731707317073	31.7073170731707	12.1951219512195	16	26	5	63	29	63.4146341463415	12.1951219512195	0	NA	NA	NA	0	0	7	12	4	0	0	0	0	0	23	7	0	0	7	18.5	26.5	0	0	0	0	0	0	0	0	17.0731707317073	29.2682926829268	9.75609756097561	0	0	0	0	0	NA	NA	NA	0	0	0	0	0	0	0	0	0	0	0	0	0	0	0	0	0	0	0	0	0	21.5	0	0	0	0	0	0	0	0	0	24	44	50	56	60	63.5	66	68.5	71	73.5	30	25	4.39285714285714	0	0	0	2.85672590138403	4.1213842911058	1.24066029528118	0.88715	7.73830579852795	7.54956663271019	0.769266315577201	0	0	0	0	0	0	0	0	0	0	0	0	0	0	0	0	0	0	0	0	0	0	0	0	0	0	0	0	0	0	0	0	0	0	0	0	2	33	2	16	16	16	2	16	33	14	17	20	20	3	3	3	0	0	0	0	4	0	0	0	16	3	1	1	11	11	0	1	2	3	0	6	0	0	0	9.5	9.5	47.5	47.5	47.5	9.5	47.5	92.5	38	45	48	48	3	3.5	3	3	0	0	0	0	4	0	0	0	47.5	3	1	41.5	41.5	0	0	0	4.8780487804878	80.4878048780488	4.8780487804878	39.0243902439024	39.0243902439024	39.0243902439024	4.8780487804878	39.0243902439024	80.4878048780488	34.1463414634146	41.4634146341463	48.780487804878	48.780487804878	7.31707317073171	7.31707317073171	7.31707317073171	0	0	0	0	9.75609756097561	0	0	0	39.0243902439024	7.31707317073171	2.4390243902439	26.8292682926829	26.8292682926829	24	1	0	0	0	0	0	0	0	0	0	0	0	0	0	0	41	0	0	0	0	100	0	0	0	0	100	0	3	2	2	5	0	7	4	5	0	10	3	7	30	17.0731707317073	7	30	17.0731707317073	7	30	17.0731707317073	18	43.9024390243902	0	0	0	66.6666666666667	6	0	0	0	0	0	0	0
"22-B-037_2022-10-17_1_First"	"BCG_CT_2015"	"bug01"	207	207	5.33271879326537	36	53	69	43	0	0	0	0	35	0	0	5	13	11	0	0	16	12	2	2	1	10	7	0	0	0	32	0	0	0	0	3	1	8	1	0	3	11	11	0	11	0	1	3	5	3	1	1	NA	NA	0	0	0	0	0	0	0	17.8743961352657	36.7149758454106	61.8357487922705	0	0	0	0	0	0	25.6038647342995	28.5024154589372	60.3864734299517	2.89855072463768	2.89855072463768	2.89855072463768	2.89855072463768	33.3333333333333	22.7053140096618	33.3333333333333	22.7053140096618	23.6714975845411	0	0	10.6280193236715	31.8840579710145	51.1627906976744	97.1014492753623	0	0	0	0	0	0	0	2.89855072463768	1.44927536231884	25.1207729468599	0.483091787439614	28.5024154589372	0.483091787439614	9.66183574879227	34.7826086956522	0	0	20.7729468599034	10.1449275362319	0.483091787439614	0.483091787439614	0	0	14.2857142857143	37.1428571428571	0	45.7142857142857	34.2857142857143	5.71428571428571	28.5714285714286	20	0	0	91.4285714285714	0	0	8.57142857142857	2.85714285714286	22.8571428571429	2.85714285714286	8.57142857142857	31.4285714285714	14.2857142857143	8.57142857142857	2.85714285714286	12	17.3913043478261	34.2857142857143	6.76328502415459	7.72946859903382	0	67.9245283018868	0	0	38.8888888888889	0	19.8067632850242	7.2463768115942	3	2.89855072463768	8.57142857142857	3	2.89855072463768	8.57142857142857	0	0	0	36.231884057971	0	0	0	0	0	0	0	0	0	0	0	0	35	0	0	0	0	0	0	0	0	0	0	0	100	0	0	0	0	0	0	0	0	0	0	0	100	0	0	0	0	0	12	10	12	7	12	5	60.3864734299517	60.3864734299517	14.0096618357488	14.0096618357488	9.17874396135266	34.2857142857143	34.2857142857143	20	34.2857142857143	14.2857142857143	10	22	5	78.743961352657	9.17874396135266	62.8571428571429	14.2857142857143	0	NA	NA	NA	0	0	9	5	2	0	0	0	0	0	16	9	0	0	22.2222222222222	36.7149758454106	7.2463768115942	0	0	0	0	0	0	0	0	25.7142857142857	14.2857142857143	5.71428571428571	0	0	0	0	0	NA	NA	NA	0	0	0	0	0	0	0	0	0	0	0	0	0	0	0	0	0	0	0	0	0	9.66183574879227	0	0	0	0	0	0	0	0	0	15.4589371980676	37.6811594202899	44.4444444444444	50.7246376811594	55.5555555555556	59.4202898550725	63.2850241545894	66.6666666666667	70.048309178744	72.9468599033816	20	16	2.71359223300971	0	0	0	3.07411432070223	4.43500948560285	1.33507088622074	0.930616817195267	6.56325625949021	6.3757346520762	0.864645111402796	0	0	0	0	0	0	0	0	0	0	0	0	0	0	0	0	0	0	0	0	0	0	0	0	0	0	0	0	0	0	0	0	0	0	0	0	4	25	4	16	16	16	4	16	25	12	9	13	13	4	4	4	0	0	0	0	6	0	0	0	16	4	4	1	6	6	1	1	3	1	1	3	0	0	0	9.66183574879227	9.66183574879227	73.9130434782609	73.9130434782609	73.9130434782609	9.66183574879227	73.9130434782609	85.9903381642512	64.2512077294686	12.0772946859903	16.9082125603865	16.9082125603865	4.83091787439614	4.83091787439614	4.83091787439614	4.83091787439614	0	0	0	0	9.17874396135266	0	0	0	73.9130434782609	4.83091787439614	5.31400966183575	27.0531400966184	27.0531400966184	0	0	0	11.4285714285714	71.4285714285714	11.4285714285714	45.7142857142857	45.7142857142857	45.7142857142857	11.4285714285714	45.7142857142857	71.4285714285714	34.2857142857143	25.7142857142857	37.1428571428571	37.1428571428571	11.4285714285714	11.4285714285714	11.4285714285714	0	0	0	0	17.1428571428571	0	0	0	45.7142857142857	11.4285714285714	11.4285714285714	17.1428571428571	17.1428571428571	3.86473429951691	3.38164251207729	0	0	0	0	0	0	0	0	0	0	0	0	0	0	35	0	0	0	0	100	0	0	0	0	100	0	4	2	3	2	1	4	5	1	1	5	3	2	2.41545893719807	5.71428571428571	2	2.41545893719807	5.71428571428571	2	2.41545893719807	5.71428571428571	14	40	0	0	0	69	0	0	0	0	0	0	0	0
"22-B-037_2022-10-17_1_Second"	"BCG_CT_2015"	"bug01"	217	217	5.37989735354046	31	44	67	34	0	0	0	0	40	0	0	5	17	15	0	0	15	15	1	1	1	14	10	0	0	0	37	0	1	0	1	3	2	12	0	0	4	16	16	0	16	0	2	3	9	7	2	0	NA	NA	0	0	0	0	0	0	0	14.2857142857143	40.5529953917051	60.8294930875576	0	0	0	0	0	0	20.2764976958525	24.8847926267281	57.6036866359447	1.38248847926267	1.38248847926267	1.38248847926267	1.38248847926267	30.8755760368664	22.1198156682028	30.8755760368664	22.1198156682028	17.0506912442396	0	0	8.75576036866359	28.3582089552239	55.8823529411765	95.3917050691244	0	0	0	0	0.460829493087558	0	0	4.60829493087558	3.2258064516129	20.2764976958525	0	23.0414746543779	0	13.8248847926267	34.1013824884793	0	0	15.668202764977	6.91244239631336	1.38248847926267	0	0	0	12.5	42.5	0	37.5	37.5	2.5	35	25	0	0	92.5	0	2.5	7.5	5	30	0	10	40	22.5	17.5	5	11	14.2857142857143	27.5	4.60829493087558	5.52995391705069	0	70.4545454545455	0	0	32.258064516129	0	17.5115207373272	6.45161290322581	3	4.60829493087558	7.5	3	4.60829493087558	7.5	0	0	0	40.5529953917051	0	0	0	0	0	0	0	0	0	0	0	0	40	0	0	0	0	0	0	0	0	0	0	0	100	0	0	0	0	0	0	0	0	0	0	0	100	0	0	0	0	0	18	15	18	5	10	3	63.1336405529954	63.1336405529954	8.75576036866359	8.75576036866359	5.06912442396313	45	45	12.5	25	7.5	13	30	3	85.7142857142857	5.06912442396313	75	7.5	0	NA	NA	NA	0	0	13	7	4	0	0	0	0	0	24	13	0	0	22.5806451612903	41.4746543778802	7.83410138248848	0	0	0	0	0	0	0	0	32.5	17.5	10	0	0	0	0	0	NA	NA	NA	0	0	0	0	0	0	0	0	0	0	0	0	0	0	0	0	0	0	0	0	0	13.8248847926267	0	0	0	0	0	0	0	0	0	17.5115207373272	36.4055299539171	44.7004608294931	52.073732718894	55.7603686635945	58.9861751152074	62.2119815668203	64.9769585253456	67.741935483871	70.5069124423963	34	28	3.01382488479263	0	0	0	3.13018239434918	4.5158986174055	1.35942094121656	0.929389029284971	7.43508609391523	7.24920894156735	0.848545590411829	0	0	0	0	0	0	0	0	0	0	0	0	0	0	0	0	0	0	0	0	0	0	0	0	0	0	0	0	0	0	0	0	0	0	0	0	4	32	4	21	21	21	4	21	32	17	11	14	14	3	3	3	0	0	0	0	5	0	0	0	21	3	3	0	8	8	1	2	3	0	2	6	0	0	0	11.5207373271889	11.5207373271889	73.2718894009217	73.2718894009217	73.2718894009217	11.5207373271889	73.2718894009217	88.9400921658986	61.7511520737327	15.668202764977	19.3548387096774	19.3548387096774	3.68663594470046	3.68663594470046	3.68663594470046	3.68663594470046	0	0	0	0	7.37327188940092	0	0	0	73.2718894009217	3.68663594470046	6.91244239631336	25.3456221198157	25.3456221198157	0	0	0	10	80	10	52.5	52.5	52.5	10	52.5	80	42.5	27.5	35	35	7.5	7.5	7.5	0	0	0	0	12.5	0	0	0	52.5	7.5	7.5	20	20	3.2258064516129	2.76497695852535	0	0	0	0	0	0	0	0	0	0	0	0	0	0	40	0	0	0	0	100	0	0	0	0	100	0	4	2	2	1	1	7	4	1	1	7	3	1	3.2258064516129	2.5	1	3.2258064516129	2.5	1	3.2258064516129	2.5	18	45	0	0	0	72.3333333333333	0	0	0	0	0	0	0	0
"22-B-038_2022-10-17_1_First"	"BCG_CT_2015"	"bug01"	210	209	5.34710753071747	3	13	124	40	0	0	0	0	37	0	0	3	17	12	0	1	8	17	7	4	1	21	14	0	0	3	33	0	0	0	0	4	0	14	0	2	7	21	18	1	19	1	2	4	7	5	0	0	NA	NA	0	0	7.14285714285714	0	0	0	1.9047619047619	1.42857142857143	28.0952380952381	79.0476190476191	0	0	0	0	0	0.476190476190476	6.19047619047619	10.952380952381	79.0476190476191	31.9047619047619	31.9047619047619	24.7619047619048	24.7619047619048	59.0476190476191	39.5238095238095	59.0476190476191	46.6666666666667	50.9523809523809	0	0	12.3809523809524	20.9677419354839	65	95.2380952380952	0	0	0	0	0	0	0	4.76190476190476	0	50.9523809523809	0	13.8095238095238	0	8.09523809523809	59.0476190476191	0	0	19.047619047619	6.66666666666667	0	0	0	0	8.10810810810811	45.9459459459459	2.7027027027027	21.6216216216216	45.9459459459459	18.9189189189189	56.7567567567568	37.8378378378378	0	0	89.1891891891892	0	0	10.8108108108108	0	37.8378378378378	0	18.9189189189189	56.7567567567568	18.9189189189189	13.5135135135135	0	3	1.42857142857143	8.10810810810811	0.952380952380952	0	0	23.0769230769231	0	0	66.6666666666667	0	4.76190476190476	14.7619047619048	2	3.80952380952381	5.40540540540541	2	3.80952380952381	5.40540540540541	1.9047619047619	1.9047619047619	4.76190476190476	28.0952380952381	0	0	0	0	0	0	0	0	0	0	0	0	37	0	0	0	0	0	0	0	0	0	0	0	100	0	0	0	0	0	0	0	0	0	0	0	100	0	0	0	0	0	24	20	24	2	4	2	69.5238095238095	69.5238095238095	3.80952380952381	3.80952380952381	3.80952380952381	64.8648648648649	64.8648648648649	5.40540540540541	10.8108108108108	5.40540540540541	20	31	2	94.2857142857143	3.80952380952381	83.7837837837838	5.40540540540541	0	NA	NA	NA	0	0	10	9	4	0	0	0	0	0	23	10	0	0	13.8095238095238	45.2380952380952	3.33333333333333	0	0	0	0	0	0	0	0	27.027027027027	24.3243243243243	10.8108108108108	0	0	0	0	0	NA	NA	NA	0	0	0	0	0	0	0	0	0	0	0	0	0	0	0	0	0	0	0	0	0	8.09523809523809	0	0	0	0	0	0	0	0	0	12.3809523809524	24.2857142857143	35.2380952380952	45.2380952380952	54.2857142857143	59.5238095238095	63.3333333333333	66.6666666666667	70	73.3333333333333	43	45	1.53846153846154	0	0	0	3.05850267823312	4.41248664643254	1.32829083604296	0.935011337868481	6.91962893722382	6.73261193892047	0.847015288695229	0	0	0	0	0	0	0	0	0	0	0	0	0	0	0	0	0	0	0	0	0	0	0	0	0	0	0	0	0	0	0	0	0	0	0	0	5	30	5	21	21	21	5	21	30	16	9	12	12	3	3	3	0	0	0	0	4	0	0	0	21	3	0	1	14	14	2	0	2	3	0	4	0	0	0	12.3809523809524	12.3809523809524	65.7142857142857	65.7142857142857	65.7142857142857	12.3809523809524	65.7142857142857	90.4761904761905	53.3333333333333	24.7619047619048	30.952380952381	30.952380952381	6.19047619047619	6.19047619047619	6.19047619047619	6.19047619047619	0	0	0	0	3.33333333333333	0	0	0	65.7142857142857	6.19047619047619	0	45.7142857142857	45.7142857142857	0	0	0	13.5135135135135	81.0810810810811	13.5135135135135	56.7567567567568	56.7567567567568	56.7567567567568	13.5135135135135	56.7567567567568	81.0810810810811	43.2432432432432	24.3243243243243	32.4324324324324	32.4324324324324	8.10810810810811	8.10810810810811	8.10810810810811	0	0	0	0	10.8108108108108	0	0	0	56.7567567567568	8.10810810810811	0	37.8378378378378	37.8378378378378	10.952380952381	3.33333333333333	0	0	0	0	0	0	0	0	0	0	0	0	0	0	37	0	0	0	0	100	0	0	0	0	100	0	3	2	2	3	0	4	3	6	0	5	2	2	3.80952380952381	5.40540540540541	2	3.80952380952381	5.40540540540541	2	3.80952380952381	5.40540540540541	17	45.9459459459459	0	0	0	70	0	0	0	0	0	0	0	0
"22-B-039_2022-10-18_1_First"	"BCG_CT_2015"	"bug01"	232	232	5.44673737166631	22	24	147	75	0	0	0	0	53	0	1	5	32	27	1	0	12	29	10	9	4	29	24	0	0	3	50	0	1	1	0	3	3	27	1	4	5	32	31	1	32	0	1	1	14	10	0	0	NA	NA	0	0	0.431034482758621	1.72413793103448	0	2.1551724137931	2.1551724137931	9.91379310344828	8.62068965517241	78.448275862069	0	0	0	0	1.72413793103448	0	10.3448275862069	12.9310344827586	64.6551724137931	23.7068965517241	23.7068965517241	23.2758620689655	23.2758620689655	63.3620689655172	54.7413793103448	63.3620689655172	55.1724137931034	56.0344827586207	0	0	8.18965517241379	12.9251700680272	25.3333333333333	97.4137931034483	0	0	0	0	1.29310344827586	1.72413793103448	0	2.58620689655172	13.7931034482759	69.8275862068966	0.431034482758621	18.1034482758621	0.431034482758621	7.32758620689655	77.1551724137931	0	0	32.3275862068966	24.1379310344828	0	0	0	1.88679245283019	9.43396226415094	60.377358490566	0	22.6415094339623	54.7169811320755	18.8679245283019	54.7169811320755	45.2830188679245	0	0	94.3396226415094	0	1.88679245283019	5.66037735849057	5.66037735849057	50.9433962264151	1.88679245283019	9.43396226415094	60.377358490566	26.4150943396226	18.8679245283019	0	10	9.48275862068965	18.8679245283019	2.1551724137931	0.862068965517241	0	91.6666666666667	0	0	22.7272727272727	0	10.3448275862069	6.89655172413793	2	2.1551724137931	3.77358490566038	2	2.1551724137931	3.77358490566038	0	0	0.431034482758621	8.62068965517241	0	0	0	0	0	0	0	0	0	0	0	0	53	0	0	0	0	0	0	0	0	0	0	0	100	0	0	0	0	0	0	0	0	0	0	0	100	0	0	0	0	0	30	27	30	6	14	6	74.1379310344828	74.1379310344828	3.87931034482759	3.87931034482759	3.87931034482759	56.6037735849057	56.6037735849057	11.3207547169811	26.4150943396226	11.3207547169811	26	38	6	88.7931034482759	3.87931034482759	71.6981132075472	11.3207547169811	0	NA	NA	NA	0	0	12	12	6	0	0	0	0	0	30	12	0	0	24.5689655172414	14.2241379310345	15.0862068965517	0	0	0	0	0	0	0	0	22.6415094339623	22.6415094339623	11.3207547169811	0	0	0	0	0	NA	NA	NA	0	0	0	0	0	0	0	0	0	0	0	0	0	0	0	0	0	0	0	0	0	7.32758620689655	0	0	0	0	0	0	0	0	0	8.18965517241379	20.2586206896552	28.448275862069	34.051724137931	39.2241379310345	43.9655172413793	47.8448275862069	51.7241379310345	54.7413793103448	57.3275862068966	53	53	2.03896103896104	0	0	0	3.79912242416961	5.48097508107955	1.64993790489177	0.967226516052319	9.73059583810736	9.54699969021854	0.956887429662729	0	0	0	0	0	0	0	0	0	0	0	0	0	0	0	0	0	0	0	0	0	0	0	0	0	0	0	0	0	0	0	0	0	0	0	0	7	45	7	31	31	31	7	31	45	24	14	18	18	4	4	4	0	0	0	0	4	0	0	0	31	4	6	2	20	20	0	3	4	7	3	9	0	0	0	16.3793103448276	16.3793103448276	74.1379310344828	74.1379310344828	74.1379310344828	16.3793103448276	74.1379310344828	90.948275862069	57.7586206896552	16.8103448275862	23.7068965517241	23.7068965517241	6.89655172413793	6.89655172413793	6.89655172413793	6.89655172413793	0	0	0	0	2.1551724137931	0	0	0	74.1379310344828	6.89655172413793	6.03448275862069	50	50	0	0	0	13.2075471698113	84.9056603773585	13.2075471698113	58.4905660377358	58.4905660377358	58.4905660377358	13.2075471698113	58.4905660377358	84.9056603773585	45.2830188679245	26.4150943396226	33.9622641509434	33.9622641509434	7.54716981132075	7.54716981132075	7.54716981132075	0	0	0	0	7.54716981132075	0	0	0	58.4905660377358	7.54716981132075	11.3207547169811	37.7358490566038	37.7358490566038	3.87931034482759	2.58620689655172	0	0	0	0	0	0	0	0	0	0	0	0	0	0	53	0	0	0	0	100	0	0	0	0	100	0	4	2	2	5	1	10	5	6	2	13	3	2	2.1551724137931	3.77358490566038	2	2.1551724137931	3.77358490566038	2	2.1551724137931	3.77358490566038	22	41.5094339622642	0	0	0	77.3333333333333	1	0	0	0	0	0	0	0
"22-B-040_2022-10-18_1_First"	"BCG_CT_2015"	"bug01"	223	223	5.40717177146012	3	34	109	70	0	0	0	0	31	0	0	2	14	11	5	0	6	13	2	1	0	14	11	5	0	1	25	0	2	5	0	6	1	12	0	0	3	15	14	1	15	0	1	2	9	7	0	0	NA	NA	0	0	0.896860986547085	0	0	5.82959641255605	5.82959641255605	1.34529147982063	5.82959641255605	39.0134529147982	0	3.1390134529148	0	0	15.695067264574	0	15.2466367713004	40.8071748878924	38.5650224215247	1.34529147982063	1.34529147982063	0.448430493273543	0.448430493273543	48.8789237668161	40.8071748878924	48.8789237668161	41.7040358744395	32.7354260089686	15.695067264574	0	7.17488789237668	14.6788990825688	22.8571428571429	74.4394618834081	0	15.695067264574	0	0	4.03587443946188	15.695067264574	0	25.5605381165919	0.448430493273543	33.1838565022422	0	8.52017937219731	0	16.1434977578475	49.3273542600897	0	0	31.390134529148	24.2152466367713	0	0	0	0	6.45161290322581	45.1612903225806	0	19.3548387096774	41.9354838709677	6.45161290322581	45.1612903225806	35.4838709677419	16.1290322580645	0	80.6451612903226	0	6.45161290322581	19.3548387096774	3.2258064516129	38.7096774193548	0	9.67741935483871	48.3870967741936	29.0322580645161	22.5806451612903	0	3	1.34529147982063	9.67741935483871	0.448430493273543	0	0.448430493273543	8.82352941176471	33.3333333333333	0	33.3333333333333	33.3333333333333	11.2107623318386	18.3856502242152	6	25.5605381165919	19.3548387096774	6	25.5605381165919	19.3548387096774	0	0	0	5.82959641255605	0	0	0	0	0	0	0	0	0	0	0	0	31	0	0	0	0	0	0	0	0	0	0	0	100	0	0	0	0	0	0	0	0	0	0	0	100	0	0	0	0	0	13	10	13	4	9	3	51.1210762331839	51.1210762331839	21.9730941704036	21.9730941704036	21.52466367713	41.9354838709677	41.9354838709677	12.9032258064516	29.0322580645161	9.67741935483871	12	21	3	72.6457399103139	21.52466367713	67.741935483871	9.67741935483871	0	NA	NA	NA	0	0	9	9	4	0	0	0	0	0	22	8	0	0	16.1434977578475	40.3587443946188	21.0762331838565	0	0	0	0	0	0	0	0	29.0322580645161	29.0322580645161	12.9032258064516	0	0	0	0	0	NA	NA	NA	0	0	0	0	0	0	0	0	0	0	0	0	0	0	0	0	0	0	0	0	0	16.1434977578475	0	0	0	0	0	0	0	0	0	20.1793721973094	34.9775784753363	44.8430493273543	53.3632286995516	61.8834080717489	67.7130044843049	72.6457399103139	76.6816143497758	79.8206278026906	82.9596412556054	25	18	4.20183486238532	0	0	0	2.71618143894211	3.91862149211643	1.17962261078059	0.901888234229524	5.73312654197944	5.54818697610914	0.790970168844687	0	0	0	0	0	0	0	0	0	0	0	0	0	0	0	0	0	0	0	0	0	0	0	0	0	0	0	0	0	0	0	0	0	0	0	0	2	29	2	12	12	12	2	12	29	10	17	19	19	2	2	2	0	0	0	0	0	0	0	0	12	2	3	0	7	7	1	1	1	0	0	5	0	0	0	0.896860986547085	0.896860986547085	52.914798206278	52.914798206278	52.914798206278	0.896860986547085	52.914798206278	92.8251121076233	52.0179372197309	39.9103139013453	47.085201793722	47.085201793722	7.17488789237668	7.17488789237668	7.17488789237668	7.17488789237668	0	0	0	0	0	0	0	0	52.914798206278	7.17488789237668	1.34529147982063	38.1165919282511	38.1165919282511	0	0	0	6.45161290322581	93.5483870967742	6.45161290322581	38.7096774193548	38.7096774193548	38.7096774193548	6.45161290322581	38.7096774193548	93.5483870967742	32.258064516129	54.8387096774194	61.2903225806452	61.2903225806452	6.45161290322581	6.45161290322581	6.45161290322581	0	0	0	0	0	0	0	0	38.7096774193548	6.45161290322581	9.67741935483871	22.5806451612903	22.5806451612903	9.86547085201794	5.82959641255605	0	0	0	0	0	0	0	0	0	0	0	0	0	0	31	0	0	0	0	100	0	0	0	0	100	0	4	2	1	2	1	7	2	2	1	8	2	6	25.5605381165919	19.3548387096774	6	25.5605381165919	19.3548387096774	6	25.5605381165919	19.3548387096774	13	41.9354838709677	0	0	0	74.3333333333333	5	0	0	0	0	0	0	0
"22-B-041_2022-10-18_1_First"	"BCG_CT_2015"	"bug01"	208	208	5.33753807970132	24	39	115	50	0	0	0	0	48	0	0	6	24	19	2	0	14	24	8	7	5	21	18	2	0	0	41	0	0	2	0	7	0	18	0	0	3	21	20	1	21	0	0	3	10	6	1	0	NA	NA	0	0	2.88461538461538	0	0	1.44230769230769	1.44230769230769	11.5384615384615	18.2692307692308	60.5769230769231	0	0.480769230769231	0	0	0.961538461538462	0	18.75	26.4423076923077	60.5769230769231	18.2692307692308	18.2692307692308	15.3846153846154	15.3846153846154	55.2884615384615	38.9423076923077	55.2884615384615	41.8269230769231	42.3076923076923	0.961538461538462	0	13.4615384615385	24.3478260869565	56	92.3076923076923	0	0.961538461538462	0	0	0	0.961538461538462	0	7.69230769230769	0	42.3076923076923	0	25	0	12.9807692307692	55.2884615384615	0	0	24.0384615384615	10.5769230769231	0.961538461538462	0	0	0	12.5	50	0	29.1666666666667	50	16.6666666666667	43.75	37.5	4.16666666666667	0	85.4166666666667	0	0	14.5833333333333	0	37.5	0	6.25	43.75	20.8333333333333	12.5	2.08333333333333	11	11.5384615384615	22.9166666666667	2.40384615384615	2.40384615384615	0	61.5384615384615	8.33333333333333	0	20.8333333333333	0	16.8269230769231	13.9423076923077	4	5.76923076923077	8.33333333333333	4	5.76923076923077	8.33333333333333	0	0	0	18.2692307692308	0	0	0	0	0	0	0	0	0	0	0	0	48	0	0	0	0	0	0	0	0	0	0	0	100	0	0	0	0	0	0	0	0	0	0	0	100	0	0	0	0	0	17	12	17	5	16	4	38.4615384615385	38.4615384615385	6.25	6.25	5.76923076923077	35.4166666666667	35.4166666666667	10.4166666666667	33.3333333333333	8.33333333333333	18	32	4	78.8461538461538	5.76923076923077	66.6666666666667	8.33333333333333	0	NA	NA	NA	0	0	5	10	4	0	0	0	0	0	19	5	0	0	8.17307692307692	23.0769230769231	14.9038461538462	0	0	0	0	0	0	0	0	10.4166666666667	20.8333333333333	8.33333333333333	0	0	0	0	0	NA	NA	NA	0	0	0	0	0	0	0	0	0	0	0	0	0	0	0	0	0	0	0	0	0	12.9807692307692	0	0	0	0	0	0	0	0	0	11.5384615384615	18.75	25.4807692307692	31.7307692307692	37.5	42.7884615384615	47.5961538461538	52.4038461538462	56.25	60.0961538461538	34	18	3.80769230769231	0	0	0	3.41694086571932	4.9296036419841	1.48395856297162	0.954095784023669	8.99291008012556	8.80555778678961	0.882656533745314	0	0	0	0	0	0	0	0	0	0	0	0	0	0	0	0	0	0	0	0	0	0	0	0	0	0	0	0	0	0	0	0	0	0	0	0	2	37	2	17	17	17	2	17	37	15	20	26	26	6	6	6	0	0	0	0	5	0	0	0	17	6	8	1	12	12	1	0	3	6	0	4	0	0	0	5.76923076923077	5.76923076923077	42.3076923076923	42.3076923076923	42.3076923076923	5.76923076923077	42.3076923076923	82.6923076923077	36.5384615384615	40.3846153846154	54.8076923076923	54.8076923076923	14.4230769230769	14.4230769230769	14.4230769230769	14.4230769230769	0	0	0	0	2.88461538461538	0	0	0	42.3076923076923	14.4230769230769	9.61538461538461	26.4423076923077	26.4423076923077	0	0	0	4.16666666666667	77.0833333333333	4.16666666666667	35.4166666666667	35.4166666666667	35.4166666666667	4.16666666666667	35.4166666666667	77.0833333333333	31.25	41.6666666666667	54.1666666666667	54.1666666666667	12.5	12.5	12.5	0	0	0	0	10.4166666666667	0	0	0	35.4166666666667	12.5	16.6666666666667	25	25	6.73076923076923	7.21153846153846	0	0	0	0	0	0	0	0	0	0	0	0	0	0	48	0	0	0	0	100	0	0	0	0	100	0	3	2	2	4	0	6	4	5	0	8	2	3	4.80769230769231	6.25	3	4.80769230769231	6.25	3	4.80769230769231	6.25	17	35.4166666666667	0	0	0	69.3333333333333	2	0	0	0	0	0	0	0
"22-B-042_2022-10-19_1_First"	"BCG_CT_2015"	"bug01"	200	200	5.29831736654804	10	19	69	24	0	0	0	0	30	0	0	5	13	10	0	0	8	11	1	1	0	10	6	0	0	1	26	0	1	0	0	4	2	8	1	1	4	12	12	0	12	0	1	2	5	2	0	0	NA	NA	0	0	0	0	0	4	4	5.5	38	52	0	0	0	0	0	0	9.5	21	51	1	1	1	1	34.5	24	34.5	24	13	0	0	10.5	30.4347826086957	87.5	88.5	0	0	0	0	5.5	0	0	11.5	1	14	0.5	16	0.5	21.5	35.5	0	0	12	1.5	0	0	0	0	16.6666666666667	43.3333333333333	0	26.6666666666667	36.6666666666667	3.33333333333333	33.3333333333333	20	0	0	86.6666666666667	0	3.33333333333333	13.3333333333333	6.66666666666667	26.6666666666667	3.33333333333333	13.3333333333333	40	16.6666666666667	6.66666666666667	0	6	5	20	1.5	2.5	0	52.6315789473684	0	0	30	0	14	18.5	4	11.5	13.3333333333333	4	11.5	13.3333333333333	0	0	0	38	0	0	0	0	0	0	0	0	0	0	0	0	30	0	0	0	0	0	0	0	0	0	0	0	100	0	0	0	0	0	0	0	0	0	0	0	100	0	0	0	0	0	14	9	14	4	7	4	54.5	54.5	11.5	11.5	11.5	46.6666666666667	46.6666666666667	13.3333333333333	23.3333333333333	13.3333333333333	9	23	4	85	11.5	76.6666666666667	13.3333333333333	0	NA	NA	NA	0	0	9	7	4	0	0	0	0	0	20	9	0	0	14	40	22	0	0	0	0	0	0	0	0	30	23.3333333333333	13.3333333333333	0	0	0	0	0	NA	NA	NA	0	0	0	0	0	0	0	0	0	0	0	0	0	0	0	0	0	0	0	0	0	21.5	0	0	0	0	0	0	0	0	0	19.5	38	48	56.5	64	70	75.5	79.5	82.5	85	24	17	3.455	0	0	0	2.67627283904177	3.86104555295139	1.16229052606339	0.89585	5.66217497453265	5.47343580871489	0.786861960282318	0	0	0	0	0	0	0	0	0	0	0	0	0	0	0	0	0	0	0	0	0	0	0	0	0	0	0	0	0	0	0	0	0	0	0	0	1	28	1	13	13	13	1	13	28	12	15	17	17	2	2	2	0	0	0	0	0	0	0	0	13	2	4	0	6	6	1	0	2	0	1	3	0	0	0	0.5	0.5	57.5	57.5	57.5	0.5	57.5	95.5	57	38	42.5	42.5	4.5	4.5	4.5	4.5	0	0	0	0	0	0	0	0	57.5	4.5	4	27.5	27.5	0	0	0	3.33333333333333	93.3333333333333	3.33333333333333	43.3333333333333	43.3333333333333	43.3333333333333	3.33333333333333	43.3333333333333	93.3333333333333	40	50	56.6666666666667	56.6666666666667	6.66666666666667	6.66666666666667	6.66666666666667	0	0	0	0	0	0	0	0	43.3333333333333	6.66666666666667	13.3333333333333	20	20	10	4	0	0	0	0	0	0	0	0	0	0	0	0	0	0	30	0	0	0	0	100	0	0	0	0	100	0	4	2	2	1	2	3	4	1	1	5	3	4	11.5	13.3333333333333	4	11.5	13.3333333333333	4	11.5	13.3333333333333	14	46.6666666666667	0	0	0	66.6666666666667	0	0	0	0	0	0	0	0
"22-B-043_2022-10-19_1_First"	"BCG_CT_2015"	"bug01"	236	236	5.46383180502561	15	30	33	33	0	0	0	0	35	0	1	5	12	9	5	0	11	12	0	0	0	7	7	4	0	0	23	1	0	5	0	12	0	7	1	0	0	7	7	0	7	0	0	2	7	4	0	0	NA	NA	0	0.423728813559322	0	9.74576271186441	0	8.05084745762712	8.05084745762712	9.74576271186441	15.2542372881356	29.2372881355932	0	2.54237288135593	0.423728813559322	0	15.2542372881356	0	12.7118644067797	70.7627118644068	29.2372881355932	0	0	0	0	13.9830508474576	2.54237288135593	13.9830508474576	2.54237288135593	13.9830508474576	5.50847457627119	0	11.4406779661017	81.8181818181818	81.8181818181818	41.9491525423729	0.423728813559322	5.93220338983051	0	0	0	15.2542372881356	0	58.0508474576271	0	13.9830508474576	3.38983050847458	21.1864406779661	3.38983050847458	0	13.9830508474576	0	0	13.9830508474576	2.54237288135593	0	0	0	2.85714285714286	14.2857142857143	34.2857142857143	0	31.4285714285714	34.2857142857143	0	20	20	11.4285714285714	0	65.7142857142857	2.85714285714286	0	34.2857142857143	0	20	2.85714285714286	0	20	20	11.4285714285714	0	8	6.35593220338983	22.8571428571429	2.54237288135593	1.69491525423729	1.27118644067797	50	6.66666666666667	0	40	20	46.6101694915254	30.9322033898305	7	36.864406779661	20	7	36.864406779661	20	0	0	0	15.2542372881356	0	0	0	0	0	0	0	0	0	0	0	0	35	0	0	0	0	0	0	0	0	0	0	0	100	0	0	0	0	0	0	0	0	0	0	0	100	0	0	0	0	0	5	4	5	11	15	8	8.89830508474576	8.89830508474576	53.8135593220339	53.8135593220339	50.4237288135593	14.2857142857143	14.2857142857143	31.4285714285714	42.8571428571429	22.8571428571429	5	15	8	34.3220338983051	50.4237288135593	42.8571428571429	22.8571428571429	0	NA	NA	NA	0	0	4	8	2	0	0	0	0	0	14	3	0	0	4.23728813559322	14.4067796610169	5.50847457627119	0	0	0	0	0	0	0	0	11.4285714285714	22.8571428571429	5.71428571428571	0	0	0	0	0	NA	NA	NA	0	0	0	0	0	0	0	0	0	0	0	0	0	0	0	0	0	0	0	0	0	0	0	0	0	0	0	0	0	0	0	21.1864406779661	35.5932203389831	45.3389830508475	53.3898305084746	60.1694915254237	64.8305084745763	68.6440677966102	72.0338983050847	75	77.5423728813559	14	8	5.40182648401827	0	0	0	2.89996934515785	4.18377139298924	1.25944068429064	0.907533754668199	6.4057608742288	6.22273913496512	0.815663978604386	0	0	0	0	0	0	0	0	0	0	0	0	0	0	0	0	0	0	0	0	0	0	0	0	0	0	0	0	0	0	0	0	0	0	0	0	1	24	1	6	6	6	1	6	24	5	18	22	22	4	4	4	0	0	0	0	7	0	0	0	6	4	5	0	2	2	0	1	1	0	0	2	0	0	0	0.423728813559322	0.423728813559322	11.0169491525424	11.0169491525424	11.0169491525424	0.423728813559322	11.0169491525424	66.1016949152542	10.5932203389831	55.0847457627119	66.9491525423729	66.9491525423729	11.864406779661	11.864406779661	11.864406779661	11.864406779661	0	0	0	0	22.0338983050847	0	0	0	11.0169491525424	11.864406779661	3.8135593220339	0.847457627118644	0.847457627118644	0	0	0	2.85714285714286	68.5714285714286	2.85714285714286	17.1428571428571	17.1428571428571	17.1428571428571	2.85714285714286	17.1428571428571	68.5714285714286	14.2857142857143	51.4285714285714	62.8571428571429	62.8571428571429	11.4285714285714	11.4285714285714	11.4285714285714	0	0	0	0	20	0	0	0	17.1428571428571	11.4285714285714	14.2857142857143	5.71428571428571	5.71428571428571	21.1864406779661	8.05084745762712	0	0	0	0	0	0	0	0	0	0	0	0	0	0	35	0	0	0	0	100	0	0	0	0	100	0	2	1	1	0	0	4	4	0	0	6	4	7	36.864406779661	20	7	36.864406779661	20	7	36.864406779661	20	12	34.2857142857143	0	0	0	78.6666666666667	5	0	0	0	0	0	0	0
"22-B-044_2022-10-19_1_First"	"BCG_CT_2015"	"bug01"	205	205	5.32300997913841	2	11	4	2	0	0	0	0	16	0	0	3	6	5	0	0	6	6	1	0	0	4	3	0	0	0	13	0	0	0	0	3	0	3	1	0	1	4	3	1	4	0	2	2	2	2	0	0	NA	NA	0	0	0.48780487804878	0	0	0	0.48780487804878	10.2439024390244	53.6585365853659	55.1219512195122	0	0	0	0	0	0	5.36585365853659	44.390243902439	55.1219512195122	0.48780487804878	0.48780487804878	0	0	1.95121951219512	1.46341463414634	1.95121951219512	1.95121951219512	1.46341463414634	0	0	0	0	0	60.9756097560976	0	0	0	0	0	0	0	39.0243902439024	0	1.46341463414634	9.26829268292683	10.2439024390244	9.26829268292683	0.48780487804878	1.95121951219512	0	0	0.975609756097561	0.975609756097561	0	0	0	0	18.75	37.5	0	37.5	37.5	6.25	25	18.75	0	0	81.25	0	0	18.75	0	18.75	6.25	6.25	25	12.5	12.5	0	2	0.975609756097561	12.5	0.48780487804878	0.48780487804878	0	18.1818181818182	0	0	50	0	40	29.7560975609756	2	29.7560975609756	12.5	2	29.7560975609756	12.5	0.48780487804878	0.48780487804878	0.48780487804878	53.6585365853659	0	0	0	0	0	0	0	0	0	0	0	0	16	0	0	0	0	0	0	0	0	0	0	0	100	0	0	0	0	0	0	0	0	0	0	0	100	0	0	0	0	0	5	4	5	3	5	3	54.6341463414634	54.6341463414634	39.0243902439024	39.0243902439024	39.0243902439024	31.25	31.25	18.75	31.25	18.75	4	10	3	59.5121951219512	39.0243902439024	62.5	18.75	0	NA	NA	NA	0	0	4	4	2	0	0	0	0	0	10	4	0	0	1.95121951219512	54.1463414634146	3.41463414634146	0	0	0	0	0	0	0	0	25	25	12.5	0	0	0	0	0	NA	NA	NA	0	0	0	0	0	0	0	0	0	0	0	0	0	0	0	0	0	0	0	0	0	0.48780487804878	0	0	0	0	0	0	0	0	0	49.7560975609756	73.1707317073171	82.4390243902439	91.7073170731707	94.6341463414634	95.1219512195122	95.609756097561	96.0975609756098	96.5853658536585	97.0731707317073	12	9	4.47549019607843	0	0	0	1.60535560956788	2.31603857678686	0.697197082727761	0.691302795954789	3.00581814851112	2.81795451422917	0.579009644196715	0	0	0	0	0	0	0	0	0	0	0	0	0	0	0	0	0	0	0	0	0	0	0	0	0	0	0	0	0	0	0	0	0	0	0	0	0	14	0	7	7	7	0	7	14	7	7	8	8	1	1	1	0	0	0	0	1	0	0	0	7	1	1	0	2	2	0	0	2	0	0	2	0	0	0	0	0	64.390243902439	64.390243902439	64.390243902439	0	64.390243902439	99.0243902439024	64.390243902439	34.6341463414634	35.1219512195122	35.1219512195122	0.48780487804878	0.48780487804878	0.48780487804878	0.48780487804878	0	0	0	0	0.48780487804878	0	0	0	64.390243902439	0.48780487804878	0.48780487804878	0.975609756097561	0.975609756097561	0	0	0	0	87.5	0	43.75	43.75	43.75	0	43.75	87.5	43.75	43.75	50	50	6.25	6.25	6.25	0	0	0	0	6.25	0	0	0	43.75	6.25	6.25	12.5	12.5	20.4878048780488	0.48780487804878	0	0	0	0	0	0	0	0	0	0	0	0	0	0	16	0	0	0	0	100	0	0	0	0	100	0	3	2	2	1	0	1	3	1	0	1	2	2	29.7560975609756	12.5	2	29.7560975609756	12.5	2	29.7560975609756	12.5	11	68.75	0	0	0	68.3333333333333	0	0	0	0	0	0	0	0
"22-B-045_2022-10-19_1_First"	"BCG_CT_2015"	"bug01"	208	207	5.33753807970132	1	19	145	127	0	0	0	0	26	0	0	4	12	8	1	1	6	12	2	2	1	10	8	1	0	1	22	0	2	1	0	4	0	8	1	0	2	10	10	0	10	0	0	2	6	2	0	0	NA	NA	0	0	0	0	0	15.8653846153846	16.3461538461538	0.961538461538462	14.9038461538462	78.8461538461538	0	0	0	0	0.480769230769231	0.480769230769231	9.13461538461539	11.5384615384615	78.8461538461538	2.88461538461538	2.88461538461538	2.88461538461538	2.88461538461538	69.7115384615385	19.2307692307692	69.7115384615385	19.2307692307692	63.9423076923077	0.480769230769231	0	50.4807692307692	72.4137931034483	82.6771653543307	97.5961538461538	0	0.480769230769231	0	0	3.84615384615385	0.480769230769231	0	2.40384615384615	0	63.9423076923077	0.480769230769231	51.4423076923077	0.480769230769231	5.76923076923077	69.7115384615385	0	0	61.0576923076923	10.5769230769231	0	0	0	0	15.3846153846154	46.1538461538462	3.84615384615385	23.0769230769231	46.1538461538462	7.69230769230769	38.4615384615385	30.7692307692308	3.84615384615385	0	84.6153846153846	0	7.69230769230769	15.3846153846154	0	30.7692307692308	3.84615384615385	7.69230769230769	38.4615384615385	23.0769230769231	7.69230769230769	0	1	0.480769230769231	3.84615384615385	0.480769230769231	0	0	5.26315789473684	100	0	100	0	1.92307692307692	37.0192307692308	1	0.961538461538462	3.84615384615385	1	0.961538461538462	3.84615384615385	0.480769230769231	0.480769230769231	0.480769230769231	14.9038461538462	0	0	0	0	0	0	0	0	0	0	0	0	26	0	0	0	0	0	0	0	0	0	0	0	100	0	0	0	0	0	0	0	0	0	0	0	100	0	0	0	0	0	9	6	9	2	6	2	36.0576923076923	36.0576923076923	1.44230769230769	1.44230769230769	1.44230769230769	34.6153846153846	34.6153846153846	7.69230769230769	23.0769230769231	7.69230769230769	8	18	2	75	1.44230769230769	69.2307692307692	7.69230769230769	0	NA	NA	NA	0	0	6	6	3	0	0	0	0	0	15	6	0	0	13.9423076923077	15.8653846153846	4.32692307692308	0	0	0	0	0	0	0	0	23.0769230769231	23.0769230769231	11.5384615384615	0	0	0	0	0	NA	NA	NA	0	0	0	0	0	0	0	0	0	0	0	0	0	0	0	0	0	0	0	0	0	5.76923076923077	0	0	0	0	0	0	0	0	0	21.1538461538462	37.0192307692308	47.1153846153846	54.8076923076923	62.0192307692308	67.7884615384615	73.0769230769231	77.8846153846154	81.7307692307692	85.0961538461538	19	13	3.57766990291262	0	0	0	2.63902082578751	3.80730225816633	1.14611218226728	0.897559171597633	4.87115962673468	4.68380733339873	0.809988530109695	0	0	0	0	0	0	0	0	0	0	0	0	0	0	0	0	0	0	0	0	0	0	0	0	0	0	0	0	0	0	0	0	0	0	0	0	1	18	1	11	11	11	1	11	18	10	7	12	12	5	5	5	0	0	0	0	3	0	0	0	11	5	0	0	5	5	0	1	2	0	0	3	0	0	0	0.480769230769231	0.480769230769231	44.2307692307692	44.2307692307692	44.2307692307692	0.480769230769231	44.2307692307692	54.8076923076923	43.75	10.5769230769231	54.3269230769231	54.3269230769231	43.75	43.75	43.75	43.75	0	0	0	0	1.44230769230769	0	0	0	44.2307692307692	43.75	0	24.0384615384615	24.0384615384615	0	0	0	3.84615384615385	69.2307692307692	3.84615384615385	42.3076923076923	42.3076923076923	42.3076923076923	3.84615384615385	42.3076923076923	69.2307692307692	38.4615384615385	26.9230769230769	46.1538461538462	46.1538461538462	19.2307692307692	19.2307692307692	19.2307692307692	0	0	0	0	11.5384615384615	0	0	0	42.3076923076923	19.2307692307692	0	19.2307692307692	19.2307692307692	3.36538461538462	21.1538461538462	0	0	0	0	0	0	0	0	0	0	0	0	0	0	26	0	0	0	0	100	0	0	0	0	100	0	3	2	2	2	0	3	3	2	0	5	2	1	0.961538461538462	3.84615384615385	1	0.961538461538462	3.84615384615385	1	0.961538461538462	3.84615384615385	12	46.1538461538462	0	0	0	69.3333333333333	1	0	0	0	0	0	0	0
"22-B-046_2022-10-19_1_First"	"BCG_CT_2015"	"bug01"	225	225	5.41610040220442	10	13	174	50	0	0	0	0	31	0	0	5	17	12	0	0	9	17	4	4	0	14	12	0	0	3	30	0	2	0	0	1	0	12	0	1	2	14	14	0	14	0	1	1	8	3	1	0	NA	NA	0	0	0	0	0	7.55555555555556	7.55555555555556	4.44444444444444	14.6666666666667	68	0	0	0	0	0	0	5.77777777777778	6.66666666666667	68	31.1111111111111	31.1111111111111	31.1111111111111	31.1111111111111	77.3333333333333	61.3333333333333	77.3333333333333	61.3333333333333	53.3333333333333	0	0	16	20.6896551724138	72	99.1111111111111	0	0	0	0	1.33333333333333	0	0	0.888888888888889	0	53.3333333333333	0	20.4444444444444	0	24	77.3333333333333	0	0	22.2222222222222	6.22222222222222	0.888888888888889	0	0	0	16.1290322580645	54.8387096774194	0	29.0322580645161	54.8387096774194	12.9032258064516	45.1612903225806	38.7096774193548	0	0	96.7741935483871	0	6.45161290322581	3.2258064516129	0	38.7096774193548	0	6.45161290322581	45.1612903225806	25.8064516129032	9.67741935483871	3.2258064516129	6	4.44444444444444	19.3548387096774	2.22222222222222	1.77777777777778	0	76.9230769230769	40	0	50	0	4.44444444444444	14.2222222222222	1	0.888888888888889	3.2258064516129	1	0.888888888888889	3.2258064516129	0	0	0	14.6666666666667	0	0	0	0	0	0	0	0	0	0	0	0	31	0	0	0	0	0	0	0	0	0	0	0	100	0	0	0	0	0	0	0	0	0	0	0	100	0	0	0	0	0	11	8	11	1	7	1	59.1111111111111	59.1111111111111	0.444444444444444	0.444444444444444	0.444444444444444	35.4838709677419	35.4838709677419	3.2258064516129	22.5806451612903	3.2258064516129	11	22	1	84.4444444444444	0.444444444444444	70.9677419354839	3.2258064516129	0	NA	NA	NA	0	0	7	9	3	0	0	0	0	0	19	7	0	0	4	28.8888888888889	24.4444444444444	0	0	0	0	0	0	0	0	22.5806451612903	29.0322580645161	9.67741935483871	0	0	0	0	0	NA	NA	NA	0	0	0	0	0	0	0	0	0	0	0	0	0	0	0	0	0	0	0	0	0	24	0	0	0	0	0	0	0	0	0	23.5555555555556	41.7777777777778	49.3333333333333	56	61.3333333333333	65.7777777777778	69.7777777777778	73.7777777777778	77.7777777777778	80.8888888888889	23	12	3.08133971291866	0	0	0	2.69905835880849	3.89391810932291	1.17218615156537	0.888493827160494	5.72367528256725	5.53904059603283	0.785983813592327	0	0	0	0	0	0	0	0	0	0	0	0	0	0	0	0	0	0	0	0	0	0	0	0	0	0	0	0	0	0	0	0	0	0	0	0	0	23	0	12	12	12	0	12	23	12	11	18	18	7	7	7	0	0	0	0	1	0	0	0	12	7	4	0	5	5	0	0	4	1	0	2	0	0	0	0	0	56.4444444444444	56.4444444444444	56.4444444444444	0	56.4444444444444	82.6666666666667	56.4444444444444	26.2222222222222	43.1111111111111	43.1111111111111	16.8888888888889	16.8888888888889	16.8888888888889	16.8888888888889	0	0	0	0	0.444444444444444	0	0	0	56.4444444444444	16.8888888888889	3.55555555555556	44	44	0	0	0	0	74.1935483870968	0	38.7096774193548	38.7096774193548	38.7096774193548	0	38.7096774193548	74.1935483870968	38.7096774193548	35.4838709677419	58.0645161290323	58.0645161290323	22.5806451612903	22.5806451612903	22.5806451612903	0	0	0	0	3.2258064516129	0	0	0	38.7096774193548	22.5806451612903	12.9032258064516	16.1290322580645	16.1290322580645	6.66666666666667	7.55555555555556	0	0	0	0	0	0	0	0	0	0	0	0	0	0	31	0	0	0	0	100	0	0	0	0	100	0	3	2	2	2	0	4	5	2	0	6	3	0	0	0	0	0	0	0	0	0	13	41.9354838709677	0	0	0	75	0	0	0	0	0	0	0	0
"22-B-047_2022-10-21_1_First"	"BCG_CT_2015"	"bug01"	201	201	5.30330490805908	7	11	115	28	0	0	0	0	33	0	1	5	18	15	1	0	7	18	5	5	0	15	13	0	0	2	27	0	0	1	0	6	0	13	0	0	2	15	15	0	15	0	0	2	8	5	0	0	NA	NA	0	0	0	0.497512437810945	0	1.99004975124378	1.99004975124378	3.48258706467662	27.8606965174129	45.771144278607	0	0	0	0	0.497512437810945	0	5.4726368159204	14.9253731343284	45.771144278607	3.98009950248756	3.98009950248756	3.98009950248756	3.98009950248756	57.2139303482587	50.7462686567164	57.2139303482587	50.7462686567164	17.910447761194	0	0	6.46766169154229	11.304347826087	46.4285714285714	90.547263681592	0	0	0	0	0	0.497512437810945	0	9.45273631840796	0	17.910447761194	0	9.9502487562189	0	39.3034825870647	57.2139303482587	0	0	13.9303482587065	7.46268656716418	0	0	0	3.03030303030303	15.1515151515152	54.5454545454545	0	21.2121212121212	54.5454545454545	15.1515151515152	45.4545454545455	39.3939393939394	0	0	81.8181818181818	0	0	18.1818181818182	0	39.3939393939394	0	6.06060606060606	45.4545454545455	24.2424242424242	15.1515151515152	0	5	3.48258706467662	15.1515151515152	1.49253731343284	0.995024875621891	0	63.6363636363636	42.8571428571429	0	42.8571428571429	0	10.4477611940299	11.9402985074627	4	8.45771144278607	12.1212121212121	4	8.45771144278607	12.1212121212121	0	0	0	27.8606965174129	0	0	0	0	0	0	0	0	0	0	0	0	33	0	0	0	0	0	0	0	0	0	0	0	100	0	0	0	0	0	0	0	0	0	0	0	100	0	0	0	0	0	13	9	13	5	8	5	66.1691542288557	66.1691542288557	8.45771144278607	8.45771144278607	8.45771144278607	39.3939393939394	39.3939393939394	15.1515151515152	24.2424242424242	15.1515151515152	12	21	5	86.5671641791045	8.45771144278607	63.6363636363636	15.1515151515152	0	NA	NA	NA	0	0	3	8	4	0	0	0	0	0	15	3	0	0	1.99004975124378	30.3482587064677	41.2935323383085	0	0	0	0	0	0	0	0	9.09090909090909	24.2424242424242	12.1212121212121	0	0	0	0	0	NA	NA	NA	0	0	0	0	0	0	0	0	0	0	0	0	0	0	0	0	0	0	0	0	0	39.3034825870647	0	0	0	0	0	0	0	0	0	38.8059701492537	53.2338308457711	59.7014925373134	66.1691542288557	71.6417910447761	75.1243781094527	78.6069651741294	81.0945273631841	83.0845771144279	84.5771144278607	22	14	2.69897959183673	0	0	0	2.47171797356503	3.56593526293839	1.07345347674038	0.81740550976461	6.22253492343088	6.03397325908449	0.706910518599983	0	0	0	0	0	0	0	0	0	0	0	0	0	0	0	0	0	0	0	0	0	0	0	0	0	0	0	0	0	0	0	0	0	0	0	0	3	26	3	12	12	12	3	12	26	9	14	17	17	3	3	3	0	0	0	0	4	0	0	0	12	3	3	2	9	9	0	1	3	3	0	4	0	0	0	1.49253731343284	1.49253731343284	67.1641791044776	67.1641791044776	67.1641791044776	1.49253731343284	67.1641791044776	92.0398009950249	65.6716417910448	24.8756218905473	30.8457711442786	30.8457711442786	5.97014925373134	5.97014925373134	5.97014925373134	5.97014925373134	0	0	0	0	1.99004975124378	0	0	0	67.1641791044776	5.97014925373134	2.48756218905473	43.7810945273632	43.7810945273632	0	0	0	9.09090909090909	78.7878787878788	9.09090909090909	36.3636363636364	36.3636363636364	36.3636363636364	9.09090909090909	36.3636363636364	78.7878787878788	27.2727272727273	42.4242424242424	51.5151515151515	51.5151515151515	9.09090909090909	9.09090909090909	9.09090909090909	0	0	0	0	12.1212121212121	0	0	0	36.3636363636364	9.09090909090909	9.09090909090909	27.2727272727273	27.2727272727273	6.46766169154229	3.48258706467662	0	0	0	0	0	0	0	0	0	0	0	0	0	0	33	0	0	0	0	100	0	0	0	0	100	0	3	2	2	3	0	6	5	3	0	8	4	4	8.45771144278607	12.1212121212121	4	8.45771144278607	12.1212121212121	4	8.45771144278607	12.1212121212121	16	48.4848484848485	0	0	0	67	1	0	0	0	0	0	0	0
