"INDEX_NAME"	"INDEX_CLASS"	"METRIC_NAME"	"SAMPLEID"	"METRIC_VALUE"	"LEVEL"	"NUMERIC_RULES"	"SYMBOL"	"LOWER"	"UPPER"	"INCREASE"	"DESCRIPTION"	"RULE_TYPE"	"EXC_RULE"	"NOTE_RULE"	"INCLUDE_PARAMETER"	"INCLUDE_SYMBOL"	"INCLUDE_THRESHOLD"	"SITE_TYPE"	"INDEX_REGION"	"MEMBERSHIP"	"NAME_WIDE"
"BCG_CT_2015"	"bug01"	"ni_total"	"22-B-045_2022-10-19_1_First"	208	2	"> 110 (100-120)"	">"	100	120	TRUE	NA	"Rule0"	NA	NA	NA	NA	NA	"bug01"	"bug01"	1	"bug01_L2_Rule0_ni_total"
"BCG_CT_2015"	"bug01"	"ni_total"	"22-B-045_2022-10-19_1_First"	208	2	"> 110 (100-120)"	">"	100	120	TRUE	NA	"Rule1"	NA	NA	NA	NA	NA	"bug01"	"bug01"	1	"bug01_L2_Rule1_ni_total"
"BCG_CT_2015"	"bug01"	"ni_total"	"22-B-045_2022-10-19_1_First"	208	4	"> 110 (100-120)"	">"	100	120	TRUE	NA	"Rule0"	NA	NA	NA	NA	NA	"bug01"	"bug01"	1	"bug01_L4_Rule0_ni_total"
"BCG_CT_2015"	"bug01"	"ni_total"	"22-B-045_2022-10-19_1_First"	208	3	"> 110 (100-120)"	">"	100	120	TRUE	NA	"Rule0"	NA	NA	NA	NA	NA	"bug01"	"bug01"	1	"bug01_L3_Rule0_ni_total"
"BCG_CT_2015"	"bug01"	"ni_total"	"22-B-046_2022-10-19_1_First"	225	2	"> 110 (100-120)"	">"	100	120	TRUE	NA	"Rule0"	NA	NA	NA	NA	NA	"bug01"	"bug01"	1	"bug01_L2_Rule0_ni_total"
"BCG_CT_2015"	"bug01"	"ni_total"	"22-B-046_2022-10-19_1_First"	225	2	"> 110 (100-120)"	">"	100	120	TRUE	NA	"Rule1"	NA	NA	NA	NA	NA	"bug01"	"bug01"	1	"bug01_L2_Rule1_ni_total"
"BCG_CT_2015"	"bug01"	"ni_total"	"22-B-046_2022-10-19_1_First"	225	4	"> 110 (100-120)"	">"	100	120	TRUE	NA	"Rule0"	NA	NA	NA	NA	NA	"bug01"	"bug01"	1	"bug01_L4_Rule0_ni_total"
"BCG_CT_2015"	"bug01"	"ni_total"	"22-B-046_2022-10-19_1_First"	225	3	"> 110 (100-120)"	">"	100	120	TRUE	NA	"Rule0"	NA	NA	NA	NA	NA	"bug01"	"bug01"	1	"bug01_L3_Rule0_ni_total"
"BCG_CT_2015"	"bug01"	"ni_total"	"22-B-047_2022-10-21_1_First"	201	2	"> 110 (100-120)"	">"	100	120	TRUE	NA	"Rule0"	NA	NA	NA	NA	NA	"bug01"	"bug01"	1	"bug01_L2_Rule0_ni_total"
"BCG_CT_2015"	"bug01"	"ni_total"	"22-B-047_2022-10-21_1_First"	201	2	"> 110 (100-120)"	">"	100	120	TRUE	NA	"Rule1"	NA	NA	NA	NA	NA	"bug01"	"bug01"	1	"bug01_L2_Rule1_ni_total"
"BCG_CT_2015"	"bug01"	"ni_total"	"22-B-047_2022-10-21_1_First"	201	4	"> 110 (100-120)"	">"	100	120	TRUE	NA	"Rule0"	NA	NA	NA	NA	NA	"bug01"	"bug01"	1	"bug01_L4_Rule0_ni_total"
"BCG_CT_2015"	"bug01"	"ni_total"	"22-B-047_2022-10-21_1_First"	201	3	"> 110 (100-120)"	">"	100	120	TRUE	NA	"Rule0"	NA	NA	NA	NA	NA	"bug01"	"bug01"	1	"bug01_L3_Rule0_ni_total"
"BCG_CT_2015"	"bug01"	"ni_total"	"22-B-015_2022-10-11_1_First"	200	2	"> 110 (100-120)"	">"	100	120	TRUE	NA	"Rule0"	NA	NA	NA	NA	NA	"bug01"	"bug01"	1	"bug01_L2_Rule0_ni_total"
"BCG_CT_2015"	"bug01"	"ni_total"	"22-B-015_2022-10-11_1_First"	200	2	"> 110 (100-120)"	">"	100	120	TRUE	NA	"Rule1"	NA	NA	NA	NA	NA	"bug01"	"bug01"	1	"bug01_L2_Rule1_ni_total"
"BCG_CT_2015"	"bug01"	"ni_total"	"22-B-015_2022-10-11_1_First"	200	4	"> 110 (100-120)"	">"	100	120	TRUE	NA	"Rule0"	NA	NA	NA	NA	NA	"bug01"	"bug01"	1	"bug01_L4_Rule0_ni_total"
"BCG_CT_2015"	"bug01"	"ni_total"	"22-B-015_2022-10-11_1_First"	200	3	"> 110 (100-120)"	">"	100	120	TRUE	NA	"Rule0"	NA	NA	NA	NA	NA	"bug01"	"bug01"	1	"bug01_L3_Rule0_ni_total"
"BCG_CT_2015"	"bug01"	"ni_total"	"22-B-016_2022-10-11_1_First"	202	2	"> 110 (100-120)"	">"	100	120	TRUE	NA	"Rule0"	NA	NA	NA	NA	NA	"bug01"	"bug01"	1	"bug01_L2_Rule0_ni_total"
"BCG_CT_2015"	"bug01"	"ni_total"	"22-B-016_2022-10-11_1_First"	202	2	"> 110 (100-120)"	">"	100	120	TRUE	NA	"Rule1"	NA	NA	NA	NA	NA	"bug01"	"bug01"	1	"bug01_L2_Rule1_ni_total"
"BCG_CT_2015"	"bug01"	"ni_total"	"22-B-016_2022-10-11_1_First"	202	4	"> 110 (100-120)"	">"	100	120	TRUE	NA	"Rule0"	NA	NA	NA	NA	NA	"bug01"	"bug01"	1	"bug01_L4_Rule0_ni_total"
"BCG_CT_2015"	"bug01"	"ni_total"	"22-B-016_2022-10-11_1_First"	202	3	"> 110 (100-120)"	">"	100	120	TRUE	NA	"Rule0"	NA	NA	NA	NA	NA	"bug01"	"bug01"	1	"bug01_L3_Rule0_ni_total"
"BCG_CT_2015"	"bug01"	"ni_total"	"22-B-014_2022-10-11_1_First"	202	2	"> 110 (100-120)"	">"	100	120	TRUE	NA	"Rule0"	NA	NA	NA	NA	NA	"bug01"	"bug01"	1	"bug01_L2_Rule0_ni_total"
"BCG_CT_2015"	"bug01"	"ni_total"	"22-B-014_2022-10-11_1_First"	202	2	"> 110 (100-120)"	">"	100	120	TRUE	NA	"Rule1"	NA	NA	NA	NA	NA	"bug01"	"bug01"	1	"bug01_L2_Rule1_ni_total"
"BCG_CT_2015"	"bug01"	"ni_total"	"22-B-014_2022-10-11_1_First"	202	4	"> 110 (100-120)"	">"	100	120	TRUE	NA	"Rule0"	NA	NA	NA	NA	NA	"bug01"	"bug01"	1	"bug01_L4_Rule0_ni_total"
"BCG_CT_2015"	"bug01"	"ni_total"	"22-B-014_2022-10-11_1_First"	202	3	"> 110 (100-120)"	">"	100	120	TRUE	NA	"Rule0"	NA	NA	NA	NA	NA	"bug01"	"bug01"	1	"bug01_L3_Rule0_ni_total"
"BCG_CT_2015"	"bug01"	"ni_total"	"22-B-019_2022-10-12_1_First"	213	2	"> 110 (100-120)"	">"	100	120	TRUE	NA	"Rule0"	NA	NA	NA	NA	NA	"bug01"	"bug01"	1	"bug01_L2_Rule0_ni_total"
"BCG_CT_2015"	"bug01"	"ni_total"	"22-B-019_2022-10-12_1_First"	213	2	"> 110 (100-120)"	">"	100	120	TRUE	NA	"Rule1"	NA	NA	NA	NA	NA	"bug01"	"bug01"	1	"bug01_L2_Rule1_ni_total"
"BCG_CT_2015"	"bug01"	"ni_total"	"22-B-019_2022-10-12_1_First"	213	4	"> 110 (100-120)"	">"	100	120	TRUE	NA	"Rule0"	NA	NA	NA	NA	NA	"bug01"	"bug01"	1	"bug01_L4_Rule0_ni_total"
"BCG_CT_2015"	"bug01"	"ni_total"	"22-B-019_2022-10-12_1_First"	213	3	"> 110 (100-120)"	">"	100	120	TRUE	NA	"Rule0"	NA	NA	NA	NA	NA	"bug01"	"bug01"	1	"bug01_L3_Rule0_ni_total"
"BCG_CT_2015"	"bug01"	"ni_total"	"22-B-020_2022-10-12_1_First"	200	2	"> 110 (100-120)"	">"	100	120	TRUE	NA	"Rule0"	NA	NA	NA	NA	NA	"bug01"	"bug01"	1	"bug01_L2_Rule0_ni_total"
"BCG_CT_2015"	"bug01"	"ni_total"	"22-B-020_2022-10-12_1_First"	200	2	"> 110 (100-120)"	">"	100	120	TRUE	NA	"Rule1"	NA	NA	NA	NA	NA	"bug01"	"bug01"	1	"bug01_L2_Rule1_ni_total"
"BCG_CT_2015"	"bug01"	"ni_total"	"22-B-020_2022-10-12_1_First"	200	4	"> 110 (100-120)"	">"	100	120	TRUE	NA	"Rule0"	NA	NA	NA	NA	NA	"bug01"	"bug01"	1	"bug01_L4_Rule0_ni_total"
"BCG_CT_2015"	"bug01"	"ni_total"	"22-B-020_2022-10-12_1_First"	200	3	"> 110 (100-120)"	">"	100	120	TRUE	NA	"Rule0"	NA	NA	NA	NA	NA	"bug01"	"bug01"	1	"bug01_L3_Rule0_ni_total"
"BCG_CT_2015"	"bug01"	"ni_total"	"22-B-017_2022-10-11_2_First"	213	2	"> 110 (100-120)"	">"	100	120	TRUE	NA	"Rule0"	NA	NA	NA	NA	NA	"bug01"	"bug01"	1	"bug01_L2_Rule0_ni_total"
"BCG_CT_2015"	"bug01"	"ni_total"	"22-B-017_2022-10-11_2_First"	213	2	"> 110 (100-120)"	">"	100	120	TRUE	NA	"Rule1"	NA	NA	NA	NA	NA	"bug01"	"bug01"	1	"bug01_L2_Rule1_ni_total"
"BCG_CT_2015"	"bug01"	"ni_total"	"22-B-017_2022-10-11_2_First"	213	4	"> 110 (100-120)"	">"	100	120	TRUE	NA	"Rule0"	NA	NA	NA	NA	NA	"bug01"	"bug01"	1	"bug01_L4_Rule0_ni_total"
"BCG_CT_2015"	"bug01"	"ni_total"	"22-B-017_2022-10-11_2_First"	213	3	"> 110 (100-120)"	">"	100	120	TRUE	NA	"Rule0"	NA	NA	NA	NA	NA	"bug01"	"bug01"	1	"bug01_L3_Rule0_ni_total"
"BCG_CT_2015"	"bug01"	"ni_total"	"22-B-018_2022-10-12_1_First"	237	2	"> 110 (100-120)"	">"	100	120	TRUE	NA	"Rule0"	NA	NA	NA	NA	NA	"bug01"	"bug01"	1	"bug01_L2_Rule0_ni_total"
"BCG_CT_2015"	"bug01"	"ni_total"	"22-B-018_2022-10-12_1_First"	237	2	"> 110 (100-120)"	">"	100	120	TRUE	NA	"Rule1"	NA	NA	NA	NA	NA	"bug01"	"bug01"	1	"bug01_L2_Rule1_ni_total"
"BCG_CT_2015"	"bug01"	"ni_total"	"22-B-018_2022-10-12_1_First"	237	4	"> 110 (100-120)"	">"	100	120	TRUE	NA	"Rule0"	NA	NA	NA	NA	NA	"bug01"	"bug01"	1	"bug01_L4_Rule0_ni_total"
"BCG_CT_2015"	"bug01"	"ni_total"	"22-B-018_2022-10-12_1_First"	237	3	"> 110 (100-120)"	">"	100	120	TRUE	NA	"Rule0"	NA	NA	NA	NA	NA	"bug01"	"bug01"	1	"bug01_L3_Rule0_ni_total"
"BCG_CT_2015"	"bug01"	"ni_total"	"22-B-022_2022-10-13_2_First"	231	2	"> 110 (100-120)"	">"	100	120	TRUE	NA	"Rule0"	NA	NA	NA	NA	NA	"bug01"	"bug01"	1	"bug01_L2_Rule0_ni_total"
"BCG_CT_2015"	"bug01"	"ni_total"	"22-B-022_2022-10-13_2_First"	231	2	"> 110 (100-120)"	">"	100	120	TRUE	NA	"Rule1"	NA	NA	NA	NA	NA	"bug01"	"bug01"	1	"bug01_L2_Rule1_ni_total"
"BCG_CT_2015"	"bug01"	"ni_total"	"22-B-022_2022-10-13_2_First"	231	4	"> 110 (100-120)"	">"	100	120	TRUE	NA	"Rule0"	NA	NA	NA	NA	NA	"bug01"	"bug01"	1	"bug01_L4_Rule0_ni_total"
"BCG_CT_2015"	"bug01"	"ni_total"	"22-B-022_2022-10-13_2_First"	231	3	"> 110 (100-120)"	">"	100	120	TRUE	NA	"Rule0"	NA	NA	NA	NA	NA	"bug01"	"bug01"	1	"bug01_L3_Rule0_ni_total"
"BCG_CT_2015"	"bug01"	"ni_total"	"22-B-023_2022-10-13_1_First"	203	2	"> 110 (100-120)"	">"	100	120	TRUE	NA	"Rule0"	NA	NA	NA	NA	NA	"bug01"	"bug01"	1	"bug01_L2_Rule0_ni_total"
"BCG_CT_2015"	"bug01"	"ni_total"	"22-B-023_2022-10-13_1_First"	203	2	"> 110 (100-120)"	">"	100	120	TRUE	NA	"Rule1"	NA	NA	NA	NA	NA	"bug01"	"bug01"	1	"bug01_L2_Rule1_ni_total"
"BCG_CT_2015"	"bug01"	"ni_total"	"22-B-023_2022-10-13_1_First"	203	4	"> 110 (100-120)"	">"	100	120	TRUE	NA	"Rule0"	NA	NA	NA	NA	NA	"bug01"	"bug01"	1	"bug01_L4_Rule0_ni_total"
"BCG_CT_2015"	"bug01"	"ni_total"	"22-B-023_2022-10-13_1_First"	203	3	"> 110 (100-120)"	">"	100	120	TRUE	NA	"Rule0"	NA	NA	NA	NA	NA	"bug01"	"bug01"	1	"bug01_L3_Rule0_ni_total"
"BCG_CT_2015"	"bug01"	"ni_total"	"22-B-021_2022-10-13_1_First"	212	2	"> 110 (100-120)"	">"	100	120	TRUE	NA	"Rule0"	NA	NA	NA	NA	NA	"bug01"	"bug01"	1	"bug01_L2_Rule0_ni_total"
"BCG_CT_2015"	"bug01"	"ni_total"	"22-B-021_2022-10-13_1_First"	212	2	"> 110 (100-120)"	">"	100	120	TRUE	NA	"Rule1"	NA	NA	NA	NA	NA	"bug01"	"bug01"	1	"bug01_L2_Rule1_ni_total"
"BCG_CT_2015"	"bug01"	"ni_total"	"22-B-021_2022-10-13_1_First"	212	4	"> 110 (100-120)"	">"	100	120	TRUE	NA	"Rule0"	NA	NA	NA	NA	NA	"bug01"	"bug01"	1	"bug01_L4_Rule0_ni_total"
"BCG_CT_2015"	"bug01"	"ni_total"	"22-B-021_2022-10-13_1_First"	212	3	"> 110 (100-120)"	">"	100	120	TRUE	NA	"Rule0"	NA	NA	NA	NA	NA	"bug01"	"bug01"	1	"bug01_L3_Rule0_ni_total"
"BCG_CT_2015"	"bug01"	"ni_total"	"22-B-022_2022-10-13_1_Second"	217	2	"> 110 (100-120)"	">"	100	120	TRUE	NA	"Rule0"	NA	NA	NA	NA	NA	"bug01"	"bug01"	1	"bug01_L2_Rule0_ni_total"
"BCG_CT_2015"	"bug01"	"ni_total"	"22-B-022_2022-10-13_1_Second"	217	2	"> 110 (100-120)"	">"	100	120	TRUE	NA	"Rule1"	NA	NA	NA	NA	NA	"bug01"	"bug01"	1	"bug01_L2_Rule1_ni_total"
"BCG_CT_2015"	"bug01"	"ni_total"	"22-B-022_2022-10-13_1_Second"	217	4	"> 110 (100-120)"	">"	100	120	TRUE	NA	"Rule0"	NA	NA	NA	NA	NA	"bug01"	"bug01"	1	"bug01_L4_Rule0_ni_total"
"BCG_CT_2015"	"bug01"	"ni_total"	"22-B-022_2022-10-13_1_Second"	217	3	"> 110 (100-120)"	">"	100	120	TRUE	NA	"Rule0"	NA	NA	NA	NA	NA	"bug01"	"bug01"	1	"bug01_L3_Rule0_ni_total"
"BCG_CT_2015"	"bug01"	"ni_total"	"22-B-026_2022-10-13_1_First"	221	2	"> 110 (100-120)"	">"	100	120	TRUE	NA	"Rule0"	NA	NA	NA	NA	NA	"bug01"	"bug01"	1	"bug01_L2_Rule0_ni_total"
"BCG_CT_2015"	"bug01"	"ni_total"	"22-B-026_2022-10-13_1_First"	221	2	"> 110 (100-120)"	">"	100	120	TRUE	NA	"Rule1"	NA	NA	NA	NA	NA	"bug01"	"bug01"	1	"bug01_L2_Rule1_ni_total"
"BCG_CT_2015"	"bug01"	"ni_total"	"22-B-026_2022-10-13_1_First"	221	4	"> 110 (100-120)"	">"	100	120	TRUE	NA	"Rule0"	NA	NA	NA	NA	NA	"bug01"	"bug01"	1	"bug01_L4_Rule0_ni_total"
"BCG_CT_2015"	"bug01"	"ni_total"	"22-B-026_2022-10-13_1_First"	221	3	"> 110 (100-120)"	">"	100	120	TRUE	NA	"Rule0"	NA	NA	NA	NA	NA	"bug01"	"bug01"	1	"bug01_L3_Rule0_ni_total"
"BCG_CT_2015"	"bug01"	"ni_total"	"22-B-027_2022-10-13_1_First"	231	2	"> 110 (100-120)"	">"	100	120	TRUE	NA	"Rule0"	NA	NA	NA	NA	NA	"bug01"	"bug01"	1	"bug01_L2_Rule0_ni_total"
"BCG_CT_2015"	"bug01"	"ni_total"	"22-B-027_2022-10-13_1_First"	231	2	"> 110 (100-120)"	">"	100	120	TRUE	NA	"Rule1"	NA	NA	NA	NA	NA	"bug01"	"bug01"	1	"bug01_L2_Rule1_ni_total"
"BCG_CT_2015"	"bug01"	"ni_total"	"22-B-027_2022-10-13_1_First"	231	4	"> 110 (100-120)"	">"	100	120	TRUE	NA	"Rule0"	NA	NA	NA	NA	NA	"bug01"	"bug01"	1	"bug01_L4_Rule0_ni_total"
"BCG_CT_2015"	"bug01"	"ni_total"	"22-B-027_2022-10-13_1_First"	231	3	"> 110 (100-120)"	">"	100	120	TRUE	NA	"Rule0"	NA	NA	NA	NA	NA	"bug01"	"bug01"	1	"bug01_L3_Rule0_ni_total"
"BCG_CT_2015"	"bug01"	"ni_total"	"22-B-028_2022-10-14_1_First"	203	2	"> 110 (100-120)"	">"	100	120	TRUE	NA	"Rule0"	NA	NA	NA	NA	NA	"bug01"	"bug01"	1	"bug01_L2_Rule0_ni_total"
"BCG_CT_2015"	"bug01"	"ni_total"	"22-B-028_2022-10-14_1_First"	203	2	"> 110 (100-120)"	">"	100	120	TRUE	NA	"Rule1"	NA	NA	NA	NA	NA	"bug01"	"bug01"	1	"bug01_L2_Rule1_ni_total"
"BCG_CT_2015"	"bug01"	"ni_total"	"22-B-028_2022-10-14_1_First"	203	4	"> 110 (100-120)"	">"	100	120	TRUE	NA	"Rule0"	NA	NA	NA	NA	NA	"bug01"	"bug01"	1	"bug01_L4_Rule0_ni_total"
"BCG_CT_2015"	"bug01"	"ni_total"	"22-B-028_2022-10-14_1_First"	203	3	"> 110 (100-120)"	">"	100	120	TRUE	NA	"Rule0"	NA	NA	NA	NA	NA	"bug01"	"bug01"	1	"bug01_L3_Rule0_ni_total"
"BCG_CT_2015"	"bug01"	"ni_total"	"22-B-028_2022-10-14_1_Second"	200	2	"> 110 (100-120)"	">"	100	120	TRUE	NA	"Rule0"	NA	NA	NA	NA	NA	"bug01"	"bug01"	1	"bug01_L2_Rule0_ni_total"
"BCG_CT_2015"	"bug01"	"ni_total"	"22-B-028_2022-10-14_1_Second"	200	2	"> 110 (100-120)"	">"	100	120	TRUE	NA	"Rule1"	NA	NA	NA	NA	NA	"bug01"	"bug01"	1	"bug01_L2_Rule1_ni_total"
"BCG_CT_2015"	"bug01"	"ni_total"	"22-B-028_2022-10-14_1_Second"	200	4	"> 110 (100-120)"	">"	100	120	TRUE	NA	"Rule0"	NA	NA	NA	NA	NA	"bug01"	"bug01"	1	"bug01_L4_Rule0_ni_total"
"BCG_CT_2015"	"bug01"	"ni_total"	"22-B-028_2022-10-14_1_Second"	200	3	"> 110 (100-120)"	">"	100	120	TRUE	NA	"Rule0"	NA	NA	NA	NA	NA	"bug01"	"bug01"	1	"bug01_L3_Rule0_ni_total"
"BCG_CT_2015"	"bug01"	"ni_total"	"22-B-029_2022-10-14_2_First"	205	2	"> 110 (100-120)"	">"	100	120	TRUE	NA	"Rule0"	NA	NA	NA	NA	NA	"bug01"	"bug01"	1	"bug01_L2_Rule0_ni_total"
"BCG_CT_2015"	"bug01"	"ni_total"	"22-B-029_2022-10-14_2_First"	205	2	"> 110 (100-120)"	">"	100	120	TRUE	NA	"Rule1"	NA	NA	NA	NA	NA	"bug01"	"bug01"	1	"bug01_L2_Rule1_ni_total"
"BCG_CT_2015"	"bug01"	"ni_total"	"22-B-029_2022-10-14_2_First"	205	4	"> 110 (100-120)"	">"	100	120	TRUE	NA	"Rule0"	NA	NA	NA	NA	NA	"bug01"	"bug01"	1	"bug01_L4_Rule0_ni_total"
"BCG_CT_2015"	"bug01"	"ni_total"	"22-B-029_2022-10-14_2_First"	205	3	"> 110 (100-120)"	">"	100	120	TRUE	NA	"Rule0"	NA	NA	NA	NA	NA	"bug01"	"bug01"	1	"bug01_L3_Rule0_ni_total"
"BCG_CT_2015"	"bug01"	"ni_total"	"22-B-030_2022-10-14_1_First"	210	2	"> 110 (100-120)"	">"	100	120	TRUE	NA	"Rule0"	NA	NA	NA	NA	NA	"bug01"	"bug01"	1	"bug01_L2_Rule0_ni_total"
"BCG_CT_2015"	"bug01"	"ni_total"	"22-B-030_2022-10-14_1_First"	210	2	"> 110 (100-120)"	">"	100	120	TRUE	NA	"Rule1"	NA	NA	NA	NA	NA	"bug01"	"bug01"	1	"bug01_L2_Rule1_ni_total"
"BCG_CT_2015"	"bug01"	"ni_total"	"22-B-030_2022-10-14_1_First"	210	4	"> 110 (100-120)"	">"	100	120	TRUE	NA	"Rule0"	NA	NA	NA	NA	NA	"bug01"	"bug01"	1	"bug01_L4_Rule0_ni_total"
"BCG_CT_2015"	"bug01"	"ni_total"	"22-B-030_2022-10-14_1_First"	210	3	"> 110 (100-120)"	">"	100	120	TRUE	NA	"Rule0"	NA	NA	NA	NA	NA	"bug01"	"bug01"	1	"bug01_L3_Rule0_ni_total"
"BCG_CT_2015"	"bug01"	"ni_total"	"22-B-031_2022-10-14_1_First"	200	2	"> 110 (100-120)"	">"	100	120	TRUE	NA	"Rule0"	NA	NA	NA	NA	NA	"bug01"	"bug01"	1	"bug01_L2_Rule0_ni_total"
"BCG_CT_2015"	"bug01"	"ni_total"	"22-B-031_2022-10-14_1_First"	200	2	"> 110 (100-120)"	">"	100	120	TRUE	NA	"Rule1"	NA	NA	NA	NA	NA	"bug01"	"bug01"	1	"bug01_L2_Rule1_ni_total"
"BCG_CT_2015"	"bug01"	"ni_total"	"22-B-031_2022-10-14_1_First"	200	4	"> 110 (100-120)"	">"	100	120	TRUE	NA	"Rule0"	NA	NA	NA	NA	NA	"bug01"	"bug01"	1	"bug01_L4_Rule0_ni_total"
"BCG_CT_2015"	"bug01"	"ni_total"	"22-B-031_2022-10-14_1_First"	200	3	"> 110 (100-120)"	">"	100	120	TRUE	NA	"Rule0"	NA	NA	NA	NA	NA	"bug01"	"bug01"	1	"bug01_L3_Rule0_ni_total"
"BCG_CT_2015"	"bug01"	"ni_total"	"22-B-032_2022-10-14_1_First"	212	2	"> 110 (100-120)"	">"	100	120	TRUE	NA	"Rule0"	NA	NA	NA	NA	NA	"bug01"	"bug01"	1	"bug01_L2_Rule0_ni_total"
"BCG_CT_2015"	"bug01"	"ni_total"	"22-B-032_2022-10-14_1_First"	212	2	"> 110 (100-120)"	">"	100	120	TRUE	NA	"Rule1"	NA	NA	NA	NA	NA	"bug01"	"bug01"	1	"bug01_L2_Rule1_ni_total"
"BCG_CT_2015"	"bug01"	"ni_total"	"22-B-032_2022-10-14_1_First"	212	4	"> 110 (100-120)"	">"	100	120	TRUE	NA	"Rule0"	NA	NA	NA	NA	NA	"bug01"	"bug01"	1	"bug01_L4_Rule0_ni_total"
"BCG_CT_2015"	"bug01"	"ni_total"	"22-B-032_2022-10-14_1_First"	212	3	"> 110 (100-120)"	">"	100	120	TRUE	NA	"Rule0"	NA	NA	NA	NA	NA	"bug01"	"bug01"	1	"bug01_L3_Rule0_ni_total"
"BCG_CT_2015"	"bug01"	"ni_total"	"22-B-033_2022-10-14_1_First"	200	2	"> 110 (100-120)"	">"	100	120	TRUE	NA	"Rule0"	NA	NA	NA	NA	NA	"bug01"	"bug01"	1	"bug01_L2_Rule0_ni_total"
"BCG_CT_2015"	"bug01"	"ni_total"	"22-B-033_2022-10-14_1_First"	200	2	"> 110 (100-120)"	">"	100	120	TRUE	NA	"Rule1"	NA	NA	NA	NA	NA	"bug01"	"bug01"	1	"bug01_L2_Rule1_ni_total"
"BCG_CT_2015"	"bug01"	"ni_total"	"22-B-033_2022-10-14_1_First"	200	4	"> 110 (100-120)"	">"	100	120	TRUE	NA	"Rule0"	NA	NA	NA	NA	NA	"bug01"	"bug01"	1	"bug01_L4_Rule0_ni_total"
"BCG_CT_2015"	"bug01"	"ni_total"	"22-B-033_2022-10-14_1_First"	200	3	"> 110 (100-120)"	">"	100	120	TRUE	NA	"Rule0"	NA	NA	NA	NA	NA	"bug01"	"bug01"	1	"bug01_L3_Rule0_ni_total"
"BCG_CT_2015"	"bug01"	"ni_total"	"22-B-034_2022-10-17_1_First"	231	2	"> 110 (100-120)"	">"	100	120	TRUE	NA	"Rule0"	NA	NA	NA	NA	NA	"bug01"	"bug01"	1	"bug01_L2_Rule0_ni_total"
"BCG_CT_2015"	"bug01"	"ni_total"	"22-B-034_2022-10-17_1_First"	231	2	"> 110 (100-120)"	">"	100	120	TRUE	NA	"Rule1"	NA	NA	NA	NA	NA	"bug01"	"bug01"	1	"bug01_L2_Rule1_ni_total"
"BCG_CT_2015"	"bug01"	"ni_total"	"22-B-034_2022-10-17_1_First"	231	4	"> 110 (100-120)"	">"	100	120	TRUE	NA	"Rule0"	NA	NA	NA	NA	NA	"bug01"	"bug01"	1	"bug01_L4_Rule0_ni_total"
"BCG_CT_2015"	"bug01"	"ni_total"	"22-B-034_2022-10-17_1_First"	231	3	"> 110 (100-120)"	">"	100	120	TRUE	NA	"Rule0"	NA	NA	NA	NA	NA	"bug01"	"bug01"	1	"bug01_L3_Rule0_ni_total"
"BCG_CT_2015"	"bug01"	"ni_total"	"22-B-035_2022-10-17_2_First"	209	2	"> 110 (100-120)"	">"	100	120	TRUE	NA	"Rule0"	NA	NA	NA	NA	NA	"bug01"	"bug01"	1	"bug01_L2_Rule0_ni_total"
"BCG_CT_2015"	"bug01"	"ni_total"	"22-B-035_2022-10-17_2_First"	209	2	"> 110 (100-120)"	">"	100	120	TRUE	NA	"Rule1"	NA	NA	NA	NA	NA	"bug01"	"bug01"	1	"bug01_L2_Rule1_ni_total"
"BCG_CT_2015"	"bug01"	"ni_total"	"22-B-035_2022-10-17_2_First"	209	4	"> 110 (100-120)"	">"	100	120	TRUE	NA	"Rule0"	NA	NA	NA	NA	NA	"bug01"	"bug01"	1	"bug01_L4_Rule0_ni_total"
"BCG_CT_2015"	"bug01"	"ni_total"	"22-B-035_2022-10-17_2_First"	209	3	"> 110 (100-120)"	">"	100	120	TRUE	NA	"Rule0"	NA	NA	NA	NA	NA	"bug01"	"bug01"	1	"bug01_L3_Rule0_ni_total"
"BCG_CT_2015"	"bug01"	"ni_total"	"22-B-024_2022-10-13_2_First"	227	2	"> 110 (100-120)"	">"	100	120	TRUE	NA	"Rule0"	NA	NA	NA	NA	NA	"bug01"	"bug01"	1	"bug01_L2_Rule0_ni_total"
"BCG_CT_2015"	"bug01"	"ni_total"	"22-B-024_2022-10-13_2_First"	227	2	"> 110 (100-120)"	">"	100	120	TRUE	NA	"Rule1"	NA	NA	NA	NA	NA	"bug01"	"bug01"	1	"bug01_L2_Rule1_ni_total"
"BCG_CT_2015"	"bug01"	"ni_total"	"22-B-024_2022-10-13_2_First"	227	4	"> 110 (100-120)"	">"	100	120	TRUE	NA	"Rule0"	NA	NA	NA	NA	NA	"bug01"	"bug01"	1	"bug01_L4_Rule0_ni_total"
"BCG_CT_2015"	"bug01"	"ni_total"	"22-B-024_2022-10-13_2_First"	227	3	"> 110 (100-120)"	">"	100	120	TRUE	NA	"Rule0"	NA	NA	NA	NA	NA	"bug01"	"bug01"	1	"bug01_L3_Rule0_ni_total"
"BCG_CT_2015"	"bug01"	"ni_total"	"22-B-025_2022-10-13_1_First"	245	2	"> 110 (100-120)"	">"	100	120	TRUE	NA	"Rule0"	NA	NA	NA	NA	NA	"bug01"	"bug01"	1	"bug01_L2_Rule0_ni_total"
"BCG_CT_2015"	"bug01"	"ni_total"	"22-B-025_2022-10-13_1_First"	245	2	"> 110 (100-120)"	">"	100	120	TRUE	NA	"Rule1"	NA	NA	NA	NA	NA	"bug01"	"bug01"	1	"bug01_L2_Rule1_ni_total"
"BCG_CT_2015"	"bug01"	"ni_total"	"22-B-025_2022-10-13_1_First"	245	4	"> 110 (100-120)"	">"	100	120	TRUE	NA	"Rule0"	NA	NA	NA	NA	NA	"bug01"	"bug01"	1	"bug01_L4_Rule0_ni_total"
"BCG_CT_2015"	"bug01"	"ni_total"	"22-B-025_2022-10-13_1_First"	245	3	"> 110 (100-120)"	">"	100	120	TRUE	NA	"Rule0"	NA	NA	NA	NA	NA	"bug01"	"bug01"	1	"bug01_L3_Rule0_ni_total"
"BCG_CT_2015"	"bug01"	"ni_total"	"22-B-037_2022-10-17_1_Second"	217	2	"> 110 (100-120)"	">"	100	120	TRUE	NA	"Rule0"	NA	NA	NA	NA	NA	"bug01"	"bug01"	1	"bug01_L2_Rule0_ni_total"
"BCG_CT_2015"	"bug01"	"ni_total"	"22-B-037_2022-10-17_1_Second"	217	2	"> 110 (100-120)"	">"	100	120	TRUE	NA	"Rule1"	NA	NA	NA	NA	NA	"bug01"	"bug01"	1	"bug01_L2_Rule1_ni_total"
"BCG_CT_2015"	"bug01"	"ni_total"	"22-B-037_2022-10-17_1_Second"	217	4	"> 110 (100-120)"	">"	100	120	TRUE	NA	"Rule0"	NA	NA	NA	NA	NA	"bug01"	"bug01"	1	"bug01_L4_Rule0_ni_total"
"BCG_CT_2015"	"bug01"	"ni_total"	"22-B-037_2022-10-17_1_Second"	217	3	"> 110 (100-120)"	">"	100	120	TRUE	NA	"Rule0"	NA	NA	NA	NA	NA	"bug01"	"bug01"	1	"bug01_L3_Rule0_ni_total"
"BCG_CT_2015"	"bug01"	"ni_total"	"22-B-038_2022-10-17_1_First"	210	2	"> 110 (100-120)"	">"	100	120	TRUE	NA	"Rule0"	NA	NA	NA	NA	NA	"bug01"	"bug01"	1	"bug01_L2_Rule0_ni_total"
"BCG_CT_2015"	"bug01"	"ni_total"	"22-B-038_2022-10-17_1_First"	210	2	"> 110 (100-120)"	">"	100	120	TRUE	NA	"Rule1"	NA	NA	NA	NA	NA	"bug01"	"bug01"	1	"bug01_L2_Rule1_ni_total"
"BCG_CT_2015"	"bug01"	"ni_total"	"22-B-038_2022-10-17_1_First"	210	4	"> 110 (100-120)"	">"	100	120	TRUE	NA	"Rule0"	NA	NA	NA	NA	NA	"bug01"	"bug01"	1	"bug01_L4_Rule0_ni_total"
"BCG_CT_2015"	"bug01"	"ni_total"	"22-B-038_2022-10-17_1_First"	210	3	"> 110 (100-120)"	">"	100	120	TRUE	NA	"Rule0"	NA	NA	NA	NA	NA	"bug01"	"bug01"	1	"bug01_L3_Rule0_ni_total"
"BCG_CT_2015"	"bug01"	"ni_total"	"22-B-039_2022-10-18_1_First"	232	2	"> 110 (100-120)"	">"	100	120	TRUE	NA	"Rule0"	NA	NA	NA	NA	NA	"bug01"	"bug01"	1	"bug01_L2_Rule0_ni_total"
"BCG_CT_2015"	"bug01"	"ni_total"	"22-B-039_2022-10-18_1_First"	232	2	"> 110 (100-120)"	">"	100	120	TRUE	NA	"Rule1"	NA	NA	NA	NA	NA	"bug01"	"bug01"	1	"bug01_L2_Rule1_ni_total"
"BCG_CT_2015"	"bug01"	"ni_total"	"22-B-039_2022-10-18_1_First"	232	4	"> 110 (100-120)"	">"	100	120	TRUE	NA	"Rule0"	NA	NA	NA	NA	NA	"bug01"	"bug01"	1	"bug01_L4_Rule0_ni_total"
"BCG_CT_2015"	"bug01"	"ni_total"	"22-B-039_2022-10-18_1_First"	232	3	"> 110 (100-120)"	">"	100	120	TRUE	NA	"Rule0"	NA	NA	NA	NA	NA	"bug01"	"bug01"	1	"bug01_L3_Rule0_ni_total"
"BCG_CT_2015"	"bug01"	"ni_total"	"22-B-040_2022-10-18_1_First"	223	2	"> 110 (100-120)"	">"	100	120	TRUE	NA	"Rule0"	NA	NA	NA	NA	NA	"bug01"	"bug01"	1	"bug01_L2_Rule0_ni_total"
"BCG_CT_2015"	"bug01"	"ni_total"	"22-B-040_2022-10-18_1_First"	223	2	"> 110 (100-120)"	">"	100	120	TRUE	NA	"Rule1"	NA	NA	NA	NA	NA	"bug01"	"bug01"	1	"bug01_L2_Rule1_ni_total"
"BCG_CT_2015"	"bug01"	"ni_total"	"22-B-040_2022-10-18_1_First"	223	4	"> 110 (100-120)"	">"	100	120	TRUE	NA	"Rule0"	NA	NA	NA	NA	NA	"bug01"	"bug01"	1	"bug01_L4_Rule0_ni_total"
"BCG_CT_2015"	"bug01"	"ni_total"	"22-B-040_2022-10-18_1_First"	223	3	"> 110 (100-120)"	">"	100	120	TRUE	NA	"Rule0"	NA	NA	NA	NA	NA	"bug01"	"bug01"	1	"bug01_L3_Rule0_ni_total"
"BCG_CT_2015"	"bug01"	"ni_total"	"22-B-041_2022-10-18_1_First"	208	2	"> 110 (100-120)"	">"	100	120	TRUE	NA	"Rule0"	NA	NA	NA	NA	NA	"bug01"	"bug01"	1	"bug01_L2_Rule0_ni_total"
"BCG_CT_2015"	"bug01"	"ni_total"	"22-B-041_2022-10-18_1_First"	208	2	"> 110 (100-120)"	">"	100	120	TRUE	NA	"Rule1"	NA	NA	NA	NA	NA	"bug01"	"bug01"	1	"bug01_L2_Rule1_ni_total"
"BCG_CT_2015"	"bug01"	"ni_total"	"22-B-041_2022-10-18_1_First"	208	4	"> 110 (100-120)"	">"	100	120	TRUE	NA	"Rule0"	NA	NA	NA	NA	NA	"bug01"	"bug01"	1	"bug01_L4_Rule0_ni_total"
"BCG_CT_2015"	"bug01"	"ni_total"	"22-B-041_2022-10-18_1_First"	208	3	"> 110 (100-120)"	">"	100	120	TRUE	NA	"Rule0"	NA	NA	NA	NA	NA	"bug01"	"bug01"	1	"bug01_L3_Rule0_ni_total"
"BCG_CT_2015"	"bug01"	"ni_total"	"22-B-042_2022-10-19_1_First"	200	2	"> 110 (100-120)"	">"	100	120	TRUE	NA	"Rule0"	NA	NA	NA	NA	NA	"bug01"	"bug01"	1	"bug01_L2_Rule0_ni_total"
"BCG_CT_2015"	"bug01"	"ni_total"	"22-B-042_2022-10-19_1_First"	200	2	"> 110 (100-120)"	">"	100	120	TRUE	NA	"Rule1"	NA	NA	NA	NA	NA	"bug01"	"bug01"	1	"bug01_L2_Rule1_ni_total"
"BCG_CT_2015"	"bug01"	"ni_total"	"22-B-042_2022-10-19_1_First"	200	4	"> 110 (100-120)"	">"	100	120	TRUE	NA	"Rule0"	NA	NA	NA	NA	NA	"bug01"	"bug01"	1	"bug01_L4_Rule0_ni_total"
"BCG_CT_2015"	"bug01"	"ni_total"	"22-B-042_2022-10-19_1_First"	200	3	"> 110 (100-120)"	">"	100	120	TRUE	NA	"Rule0"	NA	NA	NA	NA	NA	"bug01"	"bug01"	1	"bug01_L3_Rule0_ni_total"
"BCG_CT_2015"	"bug01"	"ni_total"	"22-B-043_2022-10-19_1_First"	236	2	"> 110 (100-120)"	">"	100	120	TRUE	NA	"Rule0"	NA	NA	NA	NA	NA	"bug01"	"bug01"	1	"bug01_L2_Rule0_ni_total"
"BCG_CT_2015"	"bug01"	"ni_total"	"22-B-043_2022-10-19_1_First"	236	2	"> 110 (100-120)"	">"	100	120	TRUE	NA	"Rule1"	NA	NA	NA	NA	NA	"bug01"	"bug01"	1	"bug01_L2_Rule1_ni_total"
"BCG_CT_2015"	"bug01"	"ni_total"	"22-B-043_2022-10-19_1_First"	236	4	"> 110 (100-120)"	">"	100	120	TRUE	NA	"Rule0"	NA	NA	NA	NA	NA	"bug01"	"bug01"	1	"bug01_L4_Rule0_ni_total"
"BCG_CT_2015"	"bug01"	"ni_total"	"22-B-043_2022-10-19_1_First"	236	3	"> 110 (100-120)"	">"	100	120	TRUE	NA	"Rule0"	NA	NA	NA	NA	NA	"bug01"	"bug01"	1	"bug01_L3_Rule0_ni_total"
"BCG_CT_2015"	"bug01"	"ni_total"	"22-B-044_2022-10-19_1_First"	205	2	"> 110 (100-120)"	">"	100	120	TRUE	NA	"Rule0"	NA	NA	NA	NA	NA	"bug01"	"bug01"	1	"bug01_L2_Rule0_ni_total"
"BCG_CT_2015"	"bug01"	"ni_total"	"22-B-044_2022-10-19_1_First"	205	2	"> 110 (100-120)"	">"	100	120	TRUE	NA	"Rule1"	NA	NA	NA	NA	NA	"bug01"	"bug01"	1	"bug01_L2_Rule1_ni_total"
"BCG_CT_2015"	"bug01"	"ni_total"	"22-B-044_2022-10-19_1_First"	205	4	"> 110 (100-120)"	">"	100	120	TRUE	NA	"Rule0"	NA	NA	NA	NA	NA	"bug01"	"bug01"	1	"bug01_L4_Rule0_ni_total"
"BCG_CT_2015"	"bug01"	"ni_total"	"22-B-044_2022-10-19_1_First"	205	3	"> 110 (100-120)"	">"	100	120	TRUE	NA	"Rule0"	NA	NA	NA	NA	NA	"bug01"	"bug01"	1	"bug01_L3_Rule0_ni_total"
"BCG_CT_2015"	"bug01"	"ni_total"	"22-B-009_2022-10-06_1_First"	229	2	"> 110 (100-120)"	">"	100	120	TRUE	NA	"Rule0"	NA	NA	NA	NA	NA	"bug01"	"bug01"	1	"bug01_L2_Rule0_ni_total"
"BCG_CT_2015"	"bug01"	"ni_total"	"22-B-009_2022-10-06_1_First"	229	2	"> 110 (100-120)"	">"	100	120	TRUE	NA	"Rule1"	NA	NA	NA	NA	NA	"bug01"	"bug01"	1	"bug01_L2_Rule1_ni_total"
"BCG_CT_2015"	"bug01"	"ni_total"	"22-B-009_2022-10-06_1_First"	229	4	"> 110 (100-120)"	">"	100	120	TRUE	NA	"Rule0"	NA	NA	NA	NA	NA	"bug01"	"bug01"	1	"bug01_L4_Rule0_ni_total"
"BCG_CT_2015"	"bug01"	"ni_total"	"22-B-009_2022-10-06_1_First"	229	3	"> 110 (100-120)"	">"	100	120	TRUE	NA	"Rule0"	NA	NA	NA	NA	NA	"bug01"	"bug01"	1	"bug01_L3_Rule0_ni_total"
"BCG_CT_2015"	"bug01"	"ni_total"	"21-B-001_2021-09-29_1_First"	201	2	"> 110 (100-120)"	">"	100	120	TRUE	NA	"Rule0"	NA	NA	NA	NA	NA	"bug01"	"bug01"	1	"bug01_L2_Rule0_ni_total"
"BCG_CT_2015"	"bug01"	"ni_total"	"21-B-001_2021-09-29_1_First"	201	2	"> 110 (100-120)"	">"	100	120	TRUE	NA	"Rule1"	NA	NA	NA	NA	NA	"bug01"	"bug01"	1	"bug01_L2_Rule1_ni_total"
"BCG_CT_2015"	"bug01"	"ni_total"	"21-B-001_2021-09-29_1_First"	201	4	"> 110 (100-120)"	">"	100	120	TRUE	NA	"Rule0"	NA	NA	NA	NA	NA	"bug01"	"bug01"	1	"bug01_L4_Rule0_ni_total"
"BCG_CT_2015"	"bug01"	"ni_total"	"21-B-001_2021-09-29_1_First"	201	3	"> 110 (100-120)"	">"	100	120	TRUE	NA	"Rule0"	NA	NA	NA	NA	NA	"bug01"	"bug01"	1	"bug01_L3_Rule0_ni_total"
"BCG_CT_2015"	"bug01"	"ni_total"	"21-B-004_2021-09-30_1_First"	319	2	"> 110 (100-120)"	">"	100	120	TRUE	NA	"Rule0"	NA	NA	NA	NA	NA	"bug01"	"bug01"	1	"bug01_L2_Rule0_ni_total"
"BCG_CT_2015"	"bug01"	"ni_total"	"21-B-004_2021-09-30_1_First"	319	2	"> 110 (100-120)"	">"	100	120	TRUE	NA	"Rule1"	NA	NA	NA	NA	NA	"bug01"	"bug01"	1	"bug01_L2_Rule1_ni_total"
"BCG_CT_2015"	"bug01"	"ni_total"	"21-B-004_2021-09-30_1_First"	319	4	"> 110 (100-120)"	">"	100	120	TRUE	NA	"Rule0"	NA	NA	NA	NA	NA	"bug01"	"bug01"	1	"bug01_L4_Rule0_ni_total"
"BCG_CT_2015"	"bug01"	"ni_total"	"21-B-004_2021-09-30_1_First"	319	3	"> 110 (100-120)"	">"	100	120	TRUE	NA	"Rule0"	NA	NA	NA	NA	NA	"bug01"	"bug01"	1	"bug01_L3_Rule0_ni_total"
"BCG_CT_2015"	"bug01"	"ni_total"	"22-B-036_2022-10-17_1_First"	200	2	"> 110 (100-120)"	">"	100	120	TRUE	NA	"Rule0"	NA	NA	NA	NA	NA	"bug01"	"bug01"	1	"bug01_L2_Rule0_ni_total"
"BCG_CT_2015"	"bug01"	"ni_total"	"22-B-036_2022-10-17_1_First"	200	2	"> 110 (100-120)"	">"	100	120	TRUE	NA	"Rule1"	NA	NA	NA	NA	NA	"bug01"	"bug01"	1	"bug01_L2_Rule1_ni_total"
"BCG_CT_2015"	"bug01"	"ni_total"	"22-B-036_2022-10-17_1_First"	200	4	"> 110 (100-120)"	">"	100	120	TRUE	NA	"Rule0"	NA	NA	NA	NA	NA	"bug01"	"bug01"	1	"bug01_L4_Rule0_ni_total"
"BCG_CT_2015"	"bug01"	"ni_total"	"22-B-036_2022-10-17_1_First"	200	3	"> 110 (100-120)"	">"	100	120	TRUE	NA	"Rule0"	NA	NA	NA	NA	NA	"bug01"	"bug01"	1	"bug01_L3_Rule0_ni_total"
"BCG_CT_2015"	"bug01"	"ni_total"	"22-B-037_2022-10-17_1_First"	207	2	"> 110 (100-120)"	">"	100	120	TRUE	NA	"Rule0"	NA	NA	NA	NA	NA	"bug01"	"bug01"	1	"bug01_L2_Rule0_ni_total"
"BCG_CT_2015"	"bug01"	"ni_total"	"22-B-037_2022-10-17_1_First"	207	2	"> 110 (100-120)"	">"	100	120	TRUE	NA	"Rule1"	NA	NA	NA	NA	NA	"bug01"	"bug01"	1	"bug01_L2_Rule1_ni_total"
"BCG_CT_2015"	"bug01"	"ni_total"	"22-B-037_2022-10-17_1_First"	207	4	"> 110 (100-120)"	">"	100	120	TRUE	NA	"Rule0"	NA	NA	NA	NA	NA	"bug01"	"bug01"	1	"bug01_L4_Rule0_ni_total"
"BCG_CT_2015"	"bug01"	"ni_total"	"22-B-037_2022-10-17_1_First"	207	3	"> 110 (100-120)"	">"	100	120	TRUE	NA	"Rule0"	NA	NA	NA	NA	NA	"bug01"	"bug01"	1	"bug01_L3_Rule0_ni_total"
"BCG_CT_2015"	"bug01"	"ni_total"	"22-B-013_2022-10-07_1_First"	217	2	"> 110 (100-120)"	">"	100	120	TRUE	NA	"Rule0"	NA	NA	NA	NA	NA	"bug01"	"bug01"	1	"bug01_L2_Rule0_ni_total"
"BCG_CT_2015"	"bug01"	"ni_total"	"22-B-013_2022-10-07_1_First"	217	2	"> 110 (100-120)"	">"	100	120	TRUE	NA	"Rule1"	NA	NA	NA	NA	NA	"bug01"	"bug01"	1	"bug01_L2_Rule1_ni_total"
"BCG_CT_2015"	"bug01"	"ni_total"	"22-B-013_2022-10-07_1_First"	217	4	"> 110 (100-120)"	">"	100	120	TRUE	NA	"Rule0"	NA	NA	NA	NA	NA	"bug01"	"bug01"	1	"bug01_L4_Rule0_ni_total"
"BCG_CT_2015"	"bug01"	"ni_total"	"22-B-013_2022-10-07_1_First"	217	3	"> 110 (100-120)"	">"	100	120	TRUE	NA	"Rule0"	NA	NA	NA	NA	NA	"bug01"	"bug01"	1	"bug01_L3_Rule0_ni_total"
"BCG_CT_2015"	"bug01"	"ni_total"	"21-B-007_2021-09-30_1_First"	259	2	"> 110 (100-120)"	">"	100	120	TRUE	NA	"Rule0"	NA	NA	NA	NA	NA	"bug01"	"bug01"	1	"bug01_L2_Rule0_ni_total"
"BCG_CT_2015"	"bug01"	"ni_total"	"21-B-007_2021-09-30_1_First"	259	2	"> 110 (100-120)"	">"	100	120	TRUE	NA	"Rule1"	NA	NA	NA	NA	NA	"bug01"	"bug01"	1	"bug01_L2_Rule1_ni_total"
"BCG_CT_2015"	"bug01"	"ni_total"	"21-B-007_2021-09-30_1_First"	259	4	"> 110 (100-120)"	">"	100	120	TRUE	NA	"Rule0"	NA	NA	NA	NA	NA	"bug01"	"bug01"	1	"bug01_L4_Rule0_ni_total"
"BCG_CT_2015"	"bug01"	"ni_total"	"21-B-007_2021-09-30_1_First"	259	3	"> 110 (100-120)"	">"	100	120	TRUE	NA	"Rule0"	NA	NA	NA	NA	NA	"bug01"	"bug01"	1	"bug01_L3_Rule0_ni_total"
"BCG_CT_2015"	"bug01"	"ni_total"	"21-B-007_2021-09-30_1_Second"	208	2	"> 110 (100-120)"	">"	100	120	TRUE	NA	"Rule0"	NA	NA	NA	NA	NA	"bug01"	"bug01"	1	"bug01_L2_Rule0_ni_total"
"BCG_CT_2015"	"bug01"	"ni_total"	"21-B-007_2021-09-30_1_Second"	208	2	"> 110 (100-120)"	">"	100	120	TRUE	NA	"Rule1"	NA	NA	NA	NA	NA	"bug01"	"bug01"	1	"bug01_L2_Rule1_ni_total"
"BCG_CT_2015"	"bug01"	"ni_total"	"21-B-007_2021-09-30_1_Second"	208	4	"> 110 (100-120)"	">"	100	120	TRUE	NA	"Rule0"	NA	NA	NA	NA	NA	"bug01"	"bug01"	1	"bug01_L4_Rule0_ni_total"
"BCG_CT_2015"	"bug01"	"ni_total"	"21-B-007_2021-09-30_1_Second"	208	3	"> 110 (100-120)"	">"	100	120	TRUE	NA	"Rule0"	NA	NA	NA	NA	NA	"bug01"	"bug01"	1	"bug01_L3_Rule0_ni_total"
"BCG_CT_2015"	"bug01"	"ni_total"	"21-B-008_2021-09-30_1_First"	212	2	"> 110 (100-120)"	">"	100	120	TRUE	NA	"Rule0"	NA	NA	NA	NA	NA	"bug01"	"bug01"	1	"bug01_L2_Rule0_ni_total"
"BCG_CT_2015"	"bug01"	"ni_total"	"21-B-008_2021-09-30_1_First"	212	2	"> 110 (100-120)"	">"	100	120	TRUE	NA	"Rule1"	NA	NA	NA	NA	NA	"bug01"	"bug01"	1	"bug01_L2_Rule1_ni_total"
"BCG_CT_2015"	"bug01"	"ni_total"	"21-B-008_2021-09-30_1_First"	212	4	"> 110 (100-120)"	">"	100	120	TRUE	NA	"Rule0"	NA	NA	NA	NA	NA	"bug01"	"bug01"	1	"bug01_L4_Rule0_ni_total"
"BCG_CT_2015"	"bug01"	"ni_total"	"21-B-008_2021-09-30_1_First"	212	3	"> 110 (100-120)"	">"	100	120	TRUE	NA	"Rule0"	NA	NA	NA	NA	NA	"bug01"	"bug01"	1	"bug01_L3_Rule0_ni_total"
"BCG_CT_2015"	"bug01"	"ni_total"	"21-B-009_2021-09-30_1_First"	286	2	"> 110 (100-120)"	">"	100	120	TRUE	NA	"Rule0"	NA	NA	NA	NA	NA	"bug01"	"bug01"	1	"bug01_L2_Rule0_ni_total"
"BCG_CT_2015"	"bug01"	"ni_total"	"21-B-009_2021-09-30_1_First"	286	2	"> 110 (100-120)"	">"	100	120	TRUE	NA	"Rule1"	NA	NA	NA	NA	NA	"bug01"	"bug01"	1	"bug01_L2_Rule1_ni_total"
"BCG_CT_2015"	"bug01"	"ni_total"	"21-B-009_2021-09-30_1_First"	286	4	"> 110 (100-120)"	">"	100	120	TRUE	NA	"Rule0"	NA	NA	NA	NA	NA	"bug01"	"bug01"	1	"bug01_L4_Rule0_ni_total"
"BCG_CT_2015"	"bug01"	"ni_total"	"21-B-009_2021-09-30_1_First"	286	3	"> 110 (100-120)"	">"	100	120	TRUE	NA	"Rule0"	NA	NA	NA	NA	NA	"bug01"	"bug01"	1	"bug01_L3_Rule0_ni_total"
"BCG_CT_2015"	"bug01"	"ni_total"	"21-B-013_2021-10-04_1_First"	247	2	"> 110 (100-120)"	">"	100	120	TRUE	NA	"Rule0"	NA	NA	NA	NA	NA	"bug01"	"bug01"	1	"bug01_L2_Rule0_ni_total"
"BCG_CT_2015"	"bug01"	"ni_total"	"21-B-013_2021-10-04_1_First"	247	2	"> 110 (100-120)"	">"	100	120	TRUE	NA	"Rule1"	NA	NA	NA	NA	NA	"bug01"	"bug01"	1	"bug01_L2_Rule1_ni_total"
"BCG_CT_2015"	"bug01"	"ni_total"	"21-B-013_2021-10-04_1_First"	247	4	"> 110 (100-120)"	">"	100	120	TRUE	NA	"Rule0"	NA	NA	NA	NA	NA	"bug01"	"bug01"	1	"bug01_L4_Rule0_ni_total"
"BCG_CT_2015"	"bug01"	"ni_total"	"21-B-013_2021-10-04_1_First"	247	3	"> 110 (100-120)"	">"	100	120	TRUE	NA	"Rule0"	NA	NA	NA	NA	NA	"bug01"	"bug01"	1	"bug01_L3_Rule0_ni_total"
"BCG_CT_2015"	"bug01"	"ni_total"	"21-B-014_2021-10-06_1_First"	218	2	"> 110 (100-120)"	">"	100	120	TRUE	NA	"Rule0"	NA	NA	NA	NA	NA	"bug01"	"bug01"	1	"bug01_L2_Rule0_ni_total"
"BCG_CT_2015"	"bug01"	"ni_total"	"21-B-014_2021-10-06_1_First"	218	2	"> 110 (100-120)"	">"	100	120	TRUE	NA	"Rule1"	NA	NA	NA	NA	NA	"bug01"	"bug01"	1	"bug01_L2_Rule1_ni_total"
"BCG_CT_2015"	"bug01"	"ni_total"	"21-B-014_2021-10-06_1_First"	218	4	"> 110 (100-120)"	">"	100	120	TRUE	NA	"Rule0"	NA	NA	NA	NA	NA	"bug01"	"bug01"	1	"bug01_L4_Rule0_ni_total"
"BCG_CT_2015"	"bug01"	"ni_total"	"21-B-014_2021-10-06_1_First"	218	3	"> 110 (100-120)"	">"	100	120	TRUE	NA	"Rule0"	NA	NA	NA	NA	NA	"bug01"	"bug01"	1	"bug01_L3_Rule0_ni_total"
"BCG_CT_2015"	"bug01"	"ni_total"	"21-B-014_2021-10-06_1_Second"	211	2	"> 110 (100-120)"	">"	100	120	TRUE	NA	"Rule0"	NA	NA	NA	NA	NA	"bug01"	"bug01"	1	"bug01_L2_Rule0_ni_total"
"BCG_CT_2015"	"bug01"	"ni_total"	"21-B-014_2021-10-06_1_Second"	211	2	"> 110 (100-120)"	">"	100	120	TRUE	NA	"Rule1"	NA	NA	NA	NA	NA	"bug01"	"bug01"	1	"bug01_L2_Rule1_ni_total"
"BCG_CT_2015"	"bug01"	"ni_total"	"21-B-014_2021-10-06_1_Second"	211	4	"> 110 (100-120)"	">"	100	120	TRUE	NA	"Rule0"	NA	NA	NA	NA	NA	"bug01"	"bug01"	1	"bug01_L4_Rule0_ni_total"
"BCG_CT_2015"	"bug01"	"ni_total"	"21-B-014_2021-10-06_1_Second"	211	3	"> 110 (100-120)"	">"	100	120	TRUE	NA	"Rule0"	NA	NA	NA	NA	NA	"bug01"	"bug01"	1	"bug01_L3_Rule0_ni_total"
"BCG_CT_2015"	"bug01"	"ni_total"	"21-B-015_2021-10-06_1_First"	202	2	"> 110 (100-120)"	">"	100	120	TRUE	NA	"Rule0"	NA	NA	NA	NA	NA	"bug01"	"bug01"	1	"bug01_L2_Rule0_ni_total"
"BCG_CT_2015"	"bug01"	"ni_total"	"21-B-015_2021-10-06_1_First"	202	2	"> 110 (100-120)"	">"	100	120	TRUE	NA	"Rule1"	NA	NA	NA	NA	NA	"bug01"	"bug01"	1	"bug01_L2_Rule1_ni_total"
"BCG_CT_2015"	"bug01"	"ni_total"	"21-B-015_2021-10-06_1_First"	202	4	"> 110 (100-120)"	">"	100	120	TRUE	NA	"Rule0"	NA	NA	NA	NA	NA	"bug01"	"bug01"	1	"bug01_L4_Rule0_ni_total"
"BCG_CT_2015"	"bug01"	"ni_total"	"21-B-015_2021-10-06_1_First"	202	3	"> 110 (100-120)"	">"	100	120	TRUE	NA	"Rule0"	NA	NA	NA	NA	NA	"bug01"	"bug01"	1	"bug01_L3_Rule0_ni_total"
"BCG_CT_2015"	"bug01"	"ni_total"	"21-B-016_2021-10-06_1_First"	221	2	"> 110 (100-120)"	">"	100	120	TRUE	NA	"Rule0"	NA	NA	NA	NA	NA	"bug01"	"bug01"	1	"bug01_L2_Rule0_ni_total"
"BCG_CT_2015"	"bug01"	"ni_total"	"21-B-016_2021-10-06_1_First"	221	2	"> 110 (100-120)"	">"	100	120	TRUE	NA	"Rule1"	NA	NA	NA	NA	NA	"bug01"	"bug01"	1	"bug01_L2_Rule1_ni_total"
"BCG_CT_2015"	"bug01"	"ni_total"	"21-B-016_2021-10-06_1_First"	221	4	"> 110 (100-120)"	">"	100	120	TRUE	NA	"Rule0"	NA	NA	NA	NA	NA	"bug01"	"bug01"	1	"bug01_L4_Rule0_ni_total"
"BCG_CT_2015"	"bug01"	"ni_total"	"21-B-016_2021-10-06_1_First"	221	3	"> 110 (100-120)"	">"	100	120	TRUE	NA	"Rule0"	NA	NA	NA	NA	NA	"bug01"	"bug01"	1	"bug01_L3_Rule0_ni_total"
"BCG_CT_2015"	"bug01"	"ni_total"	"21-B-017_2021-10-06_1_First"	226	2	"> 110 (100-120)"	">"	100	120	TRUE	NA	"Rule0"	NA	NA	NA	NA	NA	"bug01"	"bug01"	1	"bug01_L2_Rule0_ni_total"
"BCG_CT_2015"	"bug01"	"ni_total"	"21-B-017_2021-10-06_1_First"	226	2	"> 110 (100-120)"	">"	100	120	TRUE	NA	"Rule1"	NA	NA	NA	NA	NA	"bug01"	"bug01"	1	"bug01_L2_Rule1_ni_total"
"BCG_CT_2015"	"bug01"	"ni_total"	"21-B-017_2021-10-06_1_First"	226	4	"> 110 (100-120)"	">"	100	120	TRUE	NA	"Rule0"	NA	NA	NA	NA	NA	"bug01"	"bug01"	1	"bug01_L4_Rule0_ni_total"
"BCG_CT_2015"	"bug01"	"ni_total"	"21-B-017_2021-10-06_1_First"	226	3	"> 110 (100-120)"	">"	100	120	TRUE	NA	"Rule0"	NA	NA	NA	NA	NA	"bug01"	"bug01"	1	"bug01_L3_Rule0_ni_total"
"BCG_CT_2015"	"bug01"	"ni_total"	"21-B-018_2021-10-07_1_First"	271	2	"> 110 (100-120)"	">"	100	120	TRUE	NA	"Rule0"	NA	NA	NA	NA	NA	"bug01"	"bug01"	1	"bug01_L2_Rule0_ni_total"
"BCG_CT_2015"	"bug01"	"ni_total"	"21-B-018_2021-10-07_1_First"	271	2	"> 110 (100-120)"	">"	100	120	TRUE	NA	"Rule1"	NA	NA	NA	NA	NA	"bug01"	"bug01"	1	"bug01_L2_Rule1_ni_total"
"BCG_CT_2015"	"bug01"	"ni_total"	"21-B-018_2021-10-07_1_First"	271	4	"> 110 (100-120)"	">"	100	120	TRUE	NA	"Rule0"	NA	NA	NA	NA	NA	"bug01"	"bug01"	1	"bug01_L4_Rule0_ni_total"
"BCG_CT_2015"	"bug01"	"ni_total"	"21-B-018_2021-10-07_1_First"	271	3	"> 110 (100-120)"	">"	100	120	TRUE	NA	"Rule0"	NA	NA	NA	NA	NA	"bug01"	"bug01"	1	"bug01_L3_Rule0_ni_total"
"BCG_CT_2015"	"bug01"	"ni_total"	"21-B-018_2021-10-07_1_Second"	261	2	"> 110 (100-120)"	">"	100	120	TRUE	NA	"Rule0"	NA	NA	NA	NA	NA	"bug01"	"bug01"	1	"bug01_L2_Rule0_ni_total"
"BCG_CT_2015"	"bug01"	"ni_total"	"21-B-018_2021-10-07_1_Second"	261	2	"> 110 (100-120)"	">"	100	120	TRUE	NA	"Rule1"	NA	NA	NA	NA	NA	"bug01"	"bug01"	1	"bug01_L2_Rule1_ni_total"
"BCG_CT_2015"	"bug01"	"ni_total"	"21-B-018_2021-10-07_1_Second"	261	4	"> 110 (100-120)"	">"	100	120	TRUE	NA	"Rule0"	NA	NA	NA	NA	NA	"bug01"	"bug01"	1	"bug01_L4_Rule0_ni_total"
"BCG_CT_2015"	"bug01"	"ni_total"	"21-B-018_2021-10-07_1_Second"	261	3	"> 110 (100-120)"	">"	100	120	TRUE	NA	"Rule0"	NA	NA	NA	NA	NA	"bug01"	"bug01"	1	"bug01_L3_Rule0_ni_total"
"BCG_CT_2015"	"bug01"	"ni_total"	"21-B-019_2021-10-07_1_First"	204	2	"> 110 (100-120)"	">"	100	120	TRUE	NA	"Rule0"	NA	NA	NA	NA	NA	"bug01"	"bug01"	1	"bug01_L2_Rule0_ni_total"
"BCG_CT_2015"	"bug01"	"ni_total"	"21-B-019_2021-10-07_1_First"	204	2	"> 110 (100-120)"	">"	100	120	TRUE	NA	"Rule1"	NA	NA	NA	NA	NA	"bug01"	"bug01"	1	"bug01_L2_Rule1_ni_total"
"BCG_CT_2015"	"bug01"	"ni_total"	"21-B-019_2021-10-07_1_First"	204	4	"> 110 (100-120)"	">"	100	120	TRUE	NA	"Rule0"	NA	NA	NA	NA	NA	"bug01"	"bug01"	1	"bug01_L4_Rule0_ni_total"
"BCG_CT_2015"	"bug01"	"ni_total"	"21-B-019_2021-10-07_1_First"	204	3	"> 110 (100-120)"	">"	100	120	TRUE	NA	"Rule0"	NA	NA	NA	NA	NA	"bug01"	"bug01"	1	"bug01_L3_Rule0_ni_total"
"BCG_CT_2015"	"bug01"	"ni_total"	"21-B-020_2021-10-07_1_First"	218	2	"> 110 (100-120)"	">"	100	120	TRUE	NA	"Rule0"	NA	NA	NA	NA	NA	"bug01"	"bug01"	1	"bug01_L2_Rule0_ni_total"
"BCG_CT_2015"	"bug01"	"ni_total"	"21-B-020_2021-10-07_1_First"	218	2	"> 110 (100-120)"	">"	100	120	TRUE	NA	"Rule1"	NA	NA	NA	NA	NA	"bug01"	"bug01"	1	"bug01_L2_Rule1_ni_total"
"BCG_CT_2015"	"bug01"	"ni_total"	"21-B-020_2021-10-07_1_First"	218	4	"> 110 (100-120)"	">"	100	120	TRUE	NA	"Rule0"	NA	NA	NA	NA	NA	"bug01"	"bug01"	1	"bug01_L4_Rule0_ni_total"
"BCG_CT_2015"	"bug01"	"ni_total"	"21-B-020_2021-10-07_1_First"	218	3	"> 110 (100-120)"	">"	100	120	TRUE	NA	"Rule0"	NA	NA	NA	NA	NA	"bug01"	"bug01"	1	"bug01_L3_Rule0_ni_total"
"BCG_CT_2015"	"bug01"	"ni_total"	"21-B-021_2021-10-07_2_First"	232	2	"> 110 (100-120)"	">"	100	120	TRUE	NA	"Rule0"	NA	NA	NA	NA	NA	"bug01"	"bug01"	1	"bug01_L2_Rule0_ni_total"
"BCG_CT_2015"	"bug01"	"ni_total"	"21-B-021_2021-10-07_2_First"	232	2	"> 110 (100-120)"	">"	100	120	TRUE	NA	"Rule1"	NA	NA	NA	NA	NA	"bug01"	"bug01"	1	"bug01_L2_Rule1_ni_total"
"BCG_CT_2015"	"bug01"	"ni_total"	"21-B-021_2021-10-07_2_First"	232	4	"> 110 (100-120)"	">"	100	120	TRUE	NA	"Rule0"	NA	NA	NA	NA	NA	"bug01"	"bug01"	1	"bug01_L4_Rule0_ni_total"
"BCG_CT_2015"	"bug01"	"ni_total"	"21-B-021_2021-10-07_2_First"	232	3	"> 110 (100-120)"	">"	100	120	TRUE	NA	"Rule0"	NA	NA	NA	NA	NA	"bug01"	"bug01"	1	"bug01_L3_Rule0_ni_total"
"BCG_CT_2015"	"bug01"	"ni_total"	"21-B-023_2021-10-07_1_First"	219	2	"> 110 (100-120)"	">"	100	120	TRUE	NA	"Rule0"	NA	NA	NA	NA	NA	"bug01"	"bug01"	1	"bug01_L2_Rule0_ni_total"
"BCG_CT_2015"	"bug01"	"ni_total"	"21-B-023_2021-10-07_1_First"	219	2	"> 110 (100-120)"	">"	100	120	TRUE	NA	"Rule1"	NA	NA	NA	NA	NA	"bug01"	"bug01"	1	"bug01_L2_Rule1_ni_total"
"BCG_CT_2015"	"bug01"	"ni_total"	"21-B-023_2021-10-07_1_First"	219	4	"> 110 (100-120)"	">"	100	120	TRUE	NA	"Rule0"	NA	NA	NA	NA	NA	"bug01"	"bug01"	1	"bug01_L4_Rule0_ni_total"
"BCG_CT_2015"	"bug01"	"ni_total"	"21-B-023_2021-10-07_1_First"	219	3	"> 110 (100-120)"	">"	100	120	TRUE	NA	"Rule0"	NA	NA	NA	NA	NA	"bug01"	"bug01"	1	"bug01_L3_Rule0_ni_total"
"BCG_CT_2015"	"bug01"	"ni_total"	"21-B-028_2021-10-12_1_First"	229	2	"> 110 (100-120)"	">"	100	120	TRUE	NA	"Rule0"	NA	NA	NA	NA	NA	"bug01"	"bug01"	1	"bug01_L2_Rule0_ni_total"
"BCG_CT_2015"	"bug01"	"ni_total"	"21-B-028_2021-10-12_1_First"	229	2	"> 110 (100-120)"	">"	100	120	TRUE	NA	"Rule1"	NA	NA	NA	NA	NA	"bug01"	"bug01"	1	"bug01_L2_Rule1_ni_total"
"BCG_CT_2015"	"bug01"	"ni_total"	"21-B-028_2021-10-12_1_First"	229	4	"> 110 (100-120)"	">"	100	120	TRUE	NA	"Rule0"	NA	NA	NA	NA	NA	"bug01"	"bug01"	1	"bug01_L4_Rule0_ni_total"
"BCG_CT_2015"	"bug01"	"ni_total"	"21-B-028_2021-10-12_1_First"	229	3	"> 110 (100-120)"	">"	100	120	TRUE	NA	"Rule0"	NA	NA	NA	NA	NA	"bug01"	"bug01"	1	"bug01_L3_Rule0_ni_total"
"BCG_CT_2015"	"bug01"	"ni_total"	"21-B-029_2021-10-12_1_First"	206	2	"> 110 (100-120)"	">"	100	120	TRUE	NA	"Rule0"	NA	NA	NA	NA	NA	"bug01"	"bug01"	1	"bug01_L2_Rule0_ni_total"
"BCG_CT_2015"	"bug01"	"ni_total"	"21-B-029_2021-10-12_1_First"	206	2	"> 110 (100-120)"	">"	100	120	TRUE	NA	"Rule1"	NA	NA	NA	NA	NA	"bug01"	"bug01"	1	"bug01_L2_Rule1_ni_total"
"BCG_CT_2015"	"bug01"	"ni_total"	"21-B-029_2021-10-12_1_First"	206	4	"> 110 (100-120)"	">"	100	120	TRUE	NA	"Rule0"	NA	NA	NA	NA	NA	"bug01"	"bug01"	1	"bug01_L4_Rule0_ni_total"
"BCG_CT_2015"	"bug01"	"ni_total"	"21-B-029_2021-10-12_1_First"	206	3	"> 110 (100-120)"	">"	100	120	TRUE	NA	"Rule0"	NA	NA	NA	NA	NA	"bug01"	"bug01"	1	"bug01_L3_Rule0_ni_total"
"BCG_CT_2015"	"bug01"	"ni_total"	"21-B-031_2021-10-12_1_First"	201	2	"> 110 (100-120)"	">"	100	120	TRUE	NA	"Rule0"	NA	NA	NA	NA	NA	"bug01"	"bug01"	1	"bug01_L2_Rule0_ni_total"
"BCG_CT_2015"	"bug01"	"ni_total"	"21-B-031_2021-10-12_1_First"	201	2	"> 110 (100-120)"	">"	100	120	TRUE	NA	"Rule1"	NA	NA	NA	NA	NA	"bug01"	"bug01"	1	"bug01_L2_Rule1_ni_total"
"BCG_CT_2015"	"bug01"	"ni_total"	"21-B-031_2021-10-12_1_First"	201	4	"> 110 (100-120)"	">"	100	120	TRUE	NA	"Rule0"	NA	NA	NA	NA	NA	"bug01"	"bug01"	1	"bug01_L4_Rule0_ni_total"
"BCG_CT_2015"	"bug01"	"ni_total"	"21-B-031_2021-10-12_1_First"	201	3	"> 110 (100-120)"	">"	100	120	TRUE	NA	"Rule0"	NA	NA	NA	NA	NA	"bug01"	"bug01"	1	"bug01_L3_Rule0_ni_total"
"BCG_CT_2015"	"bug01"	"ni_total"	"21-B-032_2021-10-13_1_First"	230	2	"> 110 (100-120)"	">"	100	120	TRUE	NA	"Rule0"	NA	NA	NA	NA	NA	"bug01"	"bug01"	1	"bug01_L2_Rule0_ni_total"
"BCG_CT_2015"	"bug01"	"ni_total"	"21-B-032_2021-10-13_1_First"	230	2	"> 110 (100-120)"	">"	100	120	TRUE	NA	"Rule1"	NA	NA	NA	NA	NA	"bug01"	"bug01"	1	"bug01_L2_Rule1_ni_total"
"BCG_CT_2015"	"bug01"	"ni_total"	"21-B-032_2021-10-13_1_First"	230	4	"> 110 (100-120)"	">"	100	120	TRUE	NA	"Rule0"	NA	NA	NA	NA	NA	"bug01"	"bug01"	1	"bug01_L4_Rule0_ni_total"
"BCG_CT_2015"	"bug01"	"ni_total"	"21-B-032_2021-10-13_1_First"	230	3	"> 110 (100-120)"	">"	100	120	TRUE	NA	"Rule0"	NA	NA	NA	NA	NA	"bug01"	"bug01"	1	"bug01_L3_Rule0_ni_total"
"BCG_CT_2015"	"bug01"	"ni_total"	"21-B-033_2021-10-13_2_First"	251	2	"> 110 (100-120)"	">"	100	120	TRUE	NA	"Rule0"	NA	NA	NA	NA	NA	"bug01"	"bug01"	1	"bug01_L2_Rule0_ni_total"
"BCG_CT_2015"	"bug01"	"ni_total"	"21-B-033_2021-10-13_2_First"	251	2	"> 110 (100-120)"	">"	100	120	TRUE	NA	"Rule1"	NA	NA	NA	NA	NA	"bug01"	"bug01"	1	"bug01_L2_Rule1_ni_total"
"BCG_CT_2015"	"bug01"	"ni_total"	"21-B-033_2021-10-13_2_First"	251	4	"> 110 (100-120)"	">"	100	120	TRUE	NA	"Rule0"	NA	NA	NA	NA	NA	"bug01"	"bug01"	1	"bug01_L4_Rule0_ni_total"
"BCG_CT_2015"	"bug01"	"ni_total"	"21-B-033_2021-10-13_2_First"	251	3	"> 110 (100-120)"	">"	100	120	TRUE	NA	"Rule0"	NA	NA	NA	NA	NA	"bug01"	"bug01"	1	"bug01_L3_Rule0_ni_total"
"BCG_CT_2015"	"bug01"	"ni_total"	"21-B-034_2021-10-13_1_First"	219	2	"> 110 (100-120)"	">"	100	120	TRUE	NA	"Rule0"	NA	NA	NA	NA	NA	"bug01"	"bug01"	1	"bug01_L2_Rule0_ni_total"
"BCG_CT_2015"	"bug01"	"ni_total"	"21-B-034_2021-10-13_1_First"	219	2	"> 110 (100-120)"	">"	100	120	TRUE	NA	"Rule1"	NA	NA	NA	NA	NA	"bug01"	"bug01"	1	"bug01_L2_Rule1_ni_total"
"BCG_CT_2015"	"bug01"	"ni_total"	"21-B-034_2021-10-13_1_First"	219	4	"> 110 (100-120)"	">"	100	120	TRUE	NA	"Rule0"	NA	NA	NA	NA	NA	"bug01"	"bug01"	1	"bug01_L4_Rule0_ni_total"
"BCG_CT_2015"	"bug01"	"ni_total"	"21-B-034_2021-10-13_1_First"	219	3	"> 110 (100-120)"	">"	100	120	TRUE	NA	"Rule0"	NA	NA	NA	NA	NA	"bug01"	"bug01"	1	"bug01_L3_Rule0_ni_total"
"BCG_CT_2015"	"bug01"	"ni_total"	"21-B-035_2021-10-13_1_First"	209	2	"> 110 (100-120)"	">"	100	120	TRUE	NA	"Rule0"	NA	NA	NA	NA	NA	"bug01"	"bug01"	1	"bug01_L2_Rule0_ni_total"
"BCG_CT_2015"	"bug01"	"ni_total"	"21-B-035_2021-10-13_1_First"	209	2	"> 110 (100-120)"	">"	100	120	TRUE	NA	"Rule1"	NA	NA	NA	NA	NA	"bug01"	"bug01"	1	"bug01_L2_Rule1_ni_total"
"BCG_CT_2015"	"bug01"	"ni_total"	"21-B-035_2021-10-13_1_First"	209	4	"> 110 (100-120)"	">"	100	120	TRUE	NA	"Rule0"	NA	NA	NA	NA	NA	"bug01"	"bug01"	1	"bug01_L4_Rule0_ni_total"
"BCG_CT_2015"	"bug01"	"ni_total"	"21-B-035_2021-10-13_1_First"	209	3	"> 110 (100-120)"	">"	100	120	TRUE	NA	"Rule0"	NA	NA	NA	NA	NA	"bug01"	"bug01"	1	"bug01_L3_Rule0_ni_total"
"BCG_CT_2015"	"bug01"	"ni_total"	"21-B-036_2021-10-13_1_First"	203	2	"> 110 (100-120)"	">"	100	120	TRUE	NA	"Rule0"	NA	NA	NA	NA	NA	"bug01"	"bug01"	1	"bug01_L2_Rule0_ni_total"
"BCG_CT_2015"	"bug01"	"ni_total"	"21-B-036_2021-10-13_1_First"	203	2	"> 110 (100-120)"	">"	100	120	TRUE	NA	"Rule1"	NA	NA	NA	NA	NA	"bug01"	"bug01"	1	"bug01_L2_Rule1_ni_total"
"BCG_CT_2015"	"bug01"	"ni_total"	"21-B-036_2021-10-13_1_First"	203	4	"> 110 (100-120)"	">"	100	120	TRUE	NA	"Rule0"	NA	NA	NA	NA	NA	"bug01"	"bug01"	1	"bug01_L4_Rule0_ni_total"
"BCG_CT_2015"	"bug01"	"ni_total"	"21-B-036_2021-10-13_1_First"	203	3	"> 110 (100-120)"	">"	100	120	TRUE	NA	"Rule0"	NA	NA	NA	NA	NA	"bug01"	"bug01"	1	"bug01_L3_Rule0_ni_total"
"BCG_CT_2015"	"bug01"	"ni_total"	"21-B-037_2021-10-14_1_First"	206	2	"> 110 (100-120)"	">"	100	120	TRUE	NA	"Rule0"	NA	NA	NA	NA	NA	"bug01"	"bug01"	1	"bug01_L2_Rule0_ni_total"
"BCG_CT_2015"	"bug01"	"ni_total"	"21-B-037_2021-10-14_1_First"	206	2	"> 110 (100-120)"	">"	100	120	TRUE	NA	"Rule1"	NA	NA	NA	NA	NA	"bug01"	"bug01"	1	"bug01_L2_Rule1_ni_total"
"BCG_CT_2015"	"bug01"	"ni_total"	"21-B-037_2021-10-14_1_First"	206	4	"> 110 (100-120)"	">"	100	120	TRUE	NA	"Rule0"	NA	NA	NA	NA	NA	"bug01"	"bug01"	1	"bug01_L4_Rule0_ni_total"
"BCG_CT_2015"	"bug01"	"ni_total"	"21-B-037_2021-10-14_1_First"	206	3	"> 110 (100-120)"	">"	100	120	TRUE	NA	"Rule0"	NA	NA	NA	NA	NA	"bug01"	"bug01"	1	"bug01_L3_Rule0_ni_total"
"BCG_CT_2015"	"bug01"	"ni_total"	"22-B-001_2022-09-21_1_First"	201	2	"> 110 (100-120)"	">"	100	120	TRUE	NA	"Rule0"	NA	NA	NA	NA	NA	"bug01"	"bug01"	1	"bug01_L2_Rule0_ni_total"
"BCG_CT_2015"	"bug01"	"ni_total"	"22-B-001_2022-09-21_1_First"	201	2	"> 110 (100-120)"	">"	100	120	TRUE	NA	"Rule1"	NA	NA	NA	NA	NA	"bug01"	"bug01"	1	"bug01_L2_Rule1_ni_total"
"BCG_CT_2015"	"bug01"	"ni_total"	"22-B-001_2022-09-21_1_First"	201	4	"> 110 (100-120)"	">"	100	120	TRUE	NA	"Rule0"	NA	NA	NA	NA	NA	"bug01"	"bug01"	1	"bug01_L4_Rule0_ni_total"
"BCG_CT_2015"	"bug01"	"ni_total"	"22-B-001_2022-09-21_1_First"	201	3	"> 110 (100-120)"	">"	100	120	TRUE	NA	"Rule0"	NA	NA	NA	NA	NA	"bug01"	"bug01"	1	"bug01_L3_Rule0_ni_total"
"BCG_CT_2015"	"bug01"	"ni_total"	"22-B-002_2022-09-29_1_First"	212	2	"> 110 (100-120)"	">"	100	120	TRUE	NA	"Rule0"	NA	NA	NA	NA	NA	"bug01"	"bug01"	1	"bug01_L2_Rule0_ni_total"
"BCG_CT_2015"	"bug01"	"ni_total"	"22-B-002_2022-09-29_1_First"	212	2	"> 110 (100-120)"	">"	100	120	TRUE	NA	"Rule1"	NA	NA	NA	NA	NA	"bug01"	"bug01"	1	"bug01_L2_Rule1_ni_total"
"BCG_CT_2015"	"bug01"	"ni_total"	"22-B-002_2022-09-29_1_First"	212	4	"> 110 (100-120)"	">"	100	120	TRUE	NA	"Rule0"	NA	NA	NA	NA	NA	"bug01"	"bug01"	1	"bug01_L4_Rule0_ni_total"
"BCG_CT_2015"	"bug01"	"ni_total"	"22-B-002_2022-09-29_1_First"	212	3	"> 110 (100-120)"	">"	100	120	TRUE	NA	"Rule0"	NA	NA	NA	NA	NA	"bug01"	"bug01"	1	"bug01_L3_Rule0_ni_total"
"BCG_CT_2015"	"bug01"	"ni_total"	"22-B-003_2022-09-29_1_First"	200	2	"> 110 (100-120)"	">"	100	120	TRUE	NA	"Rule0"	NA	NA	NA	NA	NA	"bug01"	"bug01"	1	"bug01_L2_Rule0_ni_total"
"BCG_CT_2015"	"bug01"	"ni_total"	"22-B-003_2022-09-29_1_First"	200	2	"> 110 (100-120)"	">"	100	120	TRUE	NA	"Rule1"	NA	NA	NA	NA	NA	"bug01"	"bug01"	1	"bug01_L2_Rule1_ni_total"
"BCG_CT_2015"	"bug01"	"ni_total"	"22-B-003_2022-09-29_1_First"	200	4	"> 110 (100-120)"	">"	100	120	TRUE	NA	"Rule0"	NA	NA	NA	NA	NA	"bug01"	"bug01"	1	"bug01_L4_Rule0_ni_total"
"BCG_CT_2015"	"bug01"	"ni_total"	"22-B-003_2022-09-29_1_First"	200	3	"> 110 (100-120)"	">"	100	120	TRUE	NA	"Rule0"	NA	NA	NA	NA	NA	"bug01"	"bug01"	1	"bug01_L3_Rule0_ni_total"
"BCG_CT_2015"	"bug01"	"ni_total"	"22-B-004_2022-09-29_1_First"	200	2	"> 110 (100-120)"	">"	100	120	TRUE	NA	"Rule0"	NA	NA	NA	NA	NA	"bug01"	"bug01"	1	"bug01_L2_Rule0_ni_total"
"BCG_CT_2015"	"bug01"	"ni_total"	"22-B-004_2022-09-29_1_First"	200	2	"> 110 (100-120)"	">"	100	120	TRUE	NA	"Rule1"	NA	NA	NA	NA	NA	"bug01"	"bug01"	1	"bug01_L2_Rule1_ni_total"
"BCG_CT_2015"	"bug01"	"ni_total"	"22-B-004_2022-09-29_1_First"	200	4	"> 110 (100-120)"	">"	100	120	TRUE	NA	"Rule0"	NA	NA	NA	NA	NA	"bug01"	"bug01"	1	"bug01_L4_Rule0_ni_total"
"BCG_CT_2015"	"bug01"	"ni_total"	"22-B-004_2022-09-29_1_First"	200	3	"> 110 (100-120)"	">"	100	120	TRUE	NA	"Rule0"	NA	NA	NA	NA	NA	"bug01"	"bug01"	1	"bug01_L3_Rule0_ni_total"
"BCG_CT_2015"	"bug01"	"ni_total"	"22-B-005_2022-09-30_1_First"	206	2	"> 110 (100-120)"	">"	100	120	TRUE	NA	"Rule0"	NA	NA	NA	NA	NA	"bug01"	"bug01"	1	"bug01_L2_Rule0_ni_total"
"BCG_CT_2015"	"bug01"	"ni_total"	"22-B-005_2022-09-30_1_First"	206	2	"> 110 (100-120)"	">"	100	120	TRUE	NA	"Rule1"	NA	NA	NA	NA	NA	"bug01"	"bug01"	1	"bug01_L2_Rule1_ni_total"
"BCG_CT_2015"	"bug01"	"ni_total"	"22-B-005_2022-09-30_1_First"	206	4	"> 110 (100-120)"	">"	100	120	TRUE	NA	"Rule0"	NA	NA	NA	NA	NA	"bug01"	"bug01"	1	"bug01_L4_Rule0_ni_total"
"BCG_CT_2015"	"bug01"	"ni_total"	"22-B-005_2022-09-30_1_First"	206	3	"> 110 (100-120)"	">"	100	120	TRUE	NA	"Rule0"	NA	NA	NA	NA	NA	"bug01"	"bug01"	1	"bug01_L3_Rule0_ni_total"
"BCG_CT_2015"	"bug01"	"ni_total"	"22-B-006_2022-09-30_1_First"	200	2	"> 110 (100-120)"	">"	100	120	TRUE	NA	"Rule0"	NA	NA	NA	NA	NA	"bug01"	"bug01"	1	"bug01_L2_Rule0_ni_total"
"BCG_CT_2015"	"bug01"	"ni_total"	"22-B-006_2022-09-30_1_First"	200	2	"> 110 (100-120)"	">"	100	120	TRUE	NA	"Rule1"	NA	NA	NA	NA	NA	"bug01"	"bug01"	1	"bug01_L2_Rule1_ni_total"
"BCG_CT_2015"	"bug01"	"ni_total"	"22-B-006_2022-09-30_1_First"	200	4	"> 110 (100-120)"	">"	100	120	TRUE	NA	"Rule0"	NA	NA	NA	NA	NA	"bug01"	"bug01"	1	"bug01_L4_Rule0_ni_total"
"BCG_CT_2015"	"bug01"	"ni_total"	"22-B-006_2022-09-30_1_First"	200	3	"> 110 (100-120)"	">"	100	120	TRUE	NA	"Rule0"	NA	NA	NA	NA	NA	"bug01"	"bug01"	1	"bug01_L3_Rule0_ni_total"
"BCG_CT_2015"	"bug01"	"ni_total"	"22-B-006_2022-09-30_1_Second"	201	2	"> 110 (100-120)"	">"	100	120	TRUE	NA	"Rule0"	NA	NA	NA	NA	NA	"bug01"	"bug01"	1	"bug01_L2_Rule0_ni_total"
"BCG_CT_2015"	"bug01"	"ni_total"	"22-B-006_2022-09-30_1_Second"	201	2	"> 110 (100-120)"	">"	100	120	TRUE	NA	"Rule1"	NA	NA	NA	NA	NA	"bug01"	"bug01"	1	"bug01_L2_Rule1_ni_total"
"BCG_CT_2015"	"bug01"	"ni_total"	"22-B-006_2022-09-30_1_Second"	201	4	"> 110 (100-120)"	">"	100	120	TRUE	NA	"Rule0"	NA	NA	NA	NA	NA	"bug01"	"bug01"	1	"bug01_L4_Rule0_ni_total"
"BCG_CT_2015"	"bug01"	"ni_total"	"22-B-006_2022-09-30_1_Second"	201	3	"> 110 (100-120)"	">"	100	120	TRUE	NA	"Rule0"	NA	NA	NA	NA	NA	"bug01"	"bug01"	1	"bug01_L3_Rule0_ni_total"
"BCG_CT_2015"	"bug01"	"ni_total"	"22-B-007_2022-09-30_1_First"	211	2	"> 110 (100-120)"	">"	100	120	TRUE	NA	"Rule0"	NA	NA	NA	NA	NA	"bug01"	"bug01"	1	"bug01_L2_Rule0_ni_total"
"BCG_CT_2015"	"bug01"	"ni_total"	"22-B-007_2022-09-30_1_First"	211	2	"> 110 (100-120)"	">"	100	120	TRUE	NA	"Rule1"	NA	NA	NA	NA	NA	"bug01"	"bug01"	1	"bug01_L2_Rule1_ni_total"
"BCG_CT_2015"	"bug01"	"ni_total"	"22-B-007_2022-09-30_1_First"	211	4	"> 110 (100-120)"	">"	100	120	TRUE	NA	"Rule0"	NA	NA	NA	NA	NA	"bug01"	"bug01"	1	"bug01_L4_Rule0_ni_total"
"BCG_CT_2015"	"bug01"	"ni_total"	"22-B-007_2022-09-30_1_First"	211	3	"> 110 (100-120)"	">"	100	120	TRUE	NA	"Rule0"	NA	NA	NA	NA	NA	"bug01"	"bug01"	1	"bug01_L3_Rule0_ni_total"
"BCG_CT_2015"	"bug01"	"ni_total"	"22-B-008_2022-10-06_1_First"	207	2	"> 110 (100-120)"	">"	100	120	TRUE	NA	"Rule0"	NA	NA	NA	NA	NA	"bug01"	"bug01"	1	"bug01_L2_Rule0_ni_total"
"BCG_CT_2015"	"bug01"	"ni_total"	"22-B-008_2022-10-06_1_First"	207	2	"> 110 (100-120)"	">"	100	120	TRUE	NA	"Rule1"	NA	NA	NA	NA	NA	"bug01"	"bug01"	1	"bug01_L2_Rule1_ni_total"
"BCG_CT_2015"	"bug01"	"ni_total"	"22-B-008_2022-10-06_1_First"	207	4	"> 110 (100-120)"	">"	100	120	TRUE	NA	"Rule0"	NA	NA	NA	NA	NA	"bug01"	"bug01"	1	"bug01_L4_Rule0_ni_total"
"BCG_CT_2015"	"bug01"	"ni_total"	"22-B-008_2022-10-06_1_First"	207	3	"> 110 (100-120)"	">"	100	120	TRUE	NA	"Rule0"	NA	NA	NA	NA	NA	"bug01"	"bug01"	1	"bug01_L3_Rule0_ni_total"
"BCG_CT_2015"	"bug01"	"ni_total"	"21-B-006_2021-09-30_2_First"	251	2	"> 110 (100-120)"	">"	100	120	TRUE	NA	"Rule0"	NA	NA	NA	NA	NA	"bug01"	"bug01"	1	"bug01_L2_Rule0_ni_total"
"BCG_CT_2015"	"bug01"	"ni_total"	"21-B-006_2021-09-30_2_First"	251	2	"> 110 (100-120)"	">"	100	120	TRUE	NA	"Rule1"	NA	NA	NA	NA	NA	"bug01"	"bug01"	1	"bug01_L2_Rule1_ni_total"
"BCG_CT_2015"	"bug01"	"ni_total"	"21-B-006_2021-09-30_2_First"	251	4	"> 110 (100-120)"	">"	100	120	TRUE	NA	"Rule0"	NA	NA	NA	NA	NA	"bug01"	"bug01"	1	"bug01_L4_Rule0_ni_total"
"BCG_CT_2015"	"bug01"	"ni_total"	"21-B-006_2021-09-30_2_First"	251	3	"> 110 (100-120)"	">"	100	120	TRUE	NA	"Rule0"	NA	NA	NA	NA	NA	"bug01"	"bug01"	1	"bug01_L3_Rule0_ni_total"
"BCG_CT_2015"	"bug01"	"ni_total"	"22-B-009_2022-10-06_1_Second"	207	2	"> 110 (100-120)"	">"	100	120	TRUE	NA	"Rule0"	NA	NA	NA	NA	NA	"bug01"	"bug01"	1	"bug01_L2_Rule0_ni_total"
"BCG_CT_2015"	"bug01"	"ni_total"	"22-B-009_2022-10-06_1_Second"	207	2	"> 110 (100-120)"	">"	100	120	TRUE	NA	"Rule1"	NA	NA	NA	NA	NA	"bug01"	"bug01"	1	"bug01_L2_Rule1_ni_total"
"BCG_CT_2015"	"bug01"	"ni_total"	"22-B-009_2022-10-06_1_Second"	207	4	"> 110 (100-120)"	">"	100	120	TRUE	NA	"Rule0"	NA	NA	NA	NA	NA	"bug01"	"bug01"	1	"bug01_L4_Rule0_ni_total"
"BCG_CT_2015"	"bug01"	"ni_total"	"22-B-009_2022-10-06_1_Second"	207	3	"> 110 (100-120)"	">"	100	120	TRUE	NA	"Rule0"	NA	NA	NA	NA	NA	"bug01"	"bug01"	1	"bug01_L3_Rule0_ni_total"
"BCG_CT_2015"	"bug01"	"ni_total"	"22-B-010_2022-10-06_1_First"	227	2	"> 110 (100-120)"	">"	100	120	TRUE	NA	"Rule0"	NA	NA	NA	NA	NA	"bug01"	"bug01"	1	"bug01_L2_Rule0_ni_total"
"BCG_CT_2015"	"bug01"	"ni_total"	"22-B-010_2022-10-06_1_First"	227	2	"> 110 (100-120)"	">"	100	120	TRUE	NA	"Rule1"	NA	NA	NA	NA	NA	"bug01"	"bug01"	1	"bug01_L2_Rule1_ni_total"
"BCG_CT_2015"	"bug01"	"ni_total"	"22-B-010_2022-10-06_1_First"	227	4	"> 110 (100-120)"	">"	100	120	TRUE	NA	"Rule0"	NA	NA	NA	NA	NA	"bug01"	"bug01"	1	"bug01_L4_Rule0_ni_total"
"BCG_CT_2015"	"bug01"	"ni_total"	"22-B-010_2022-10-06_1_First"	227	3	"> 110 (100-120)"	">"	100	120	TRUE	NA	"Rule0"	NA	NA	NA	NA	NA	"bug01"	"bug01"	1	"bug01_L3_Rule0_ni_total"
"BCG_CT_2015"	"bug01"	"ni_total"	"21-B-005_2021-09-30_1_First"	287	2	"> 110 (100-120)"	">"	100	120	TRUE	NA	"Rule0"	NA	NA	NA	NA	NA	"bug01"	"bug01"	1	"bug01_L2_Rule0_ni_total"
"BCG_CT_2015"	"bug01"	"ni_total"	"21-B-005_2021-09-30_1_First"	287	2	"> 110 (100-120)"	">"	100	120	TRUE	NA	"Rule1"	NA	NA	NA	NA	NA	"bug01"	"bug01"	1	"bug01_L2_Rule1_ni_total"
"BCG_CT_2015"	"bug01"	"ni_total"	"21-B-005_2021-09-30_1_First"	287	4	"> 110 (100-120)"	">"	100	120	TRUE	NA	"Rule0"	NA	NA	NA	NA	NA	"bug01"	"bug01"	1	"bug01_L4_Rule0_ni_total"
"BCG_CT_2015"	"bug01"	"ni_total"	"21-B-005_2021-09-30_1_First"	287	3	"> 110 (100-120)"	">"	100	120	TRUE	NA	"Rule0"	NA	NA	NA	NA	NA	"bug01"	"bug01"	1	"bug01_L3_Rule0_ni_total"
"BCG_CT_2015"	"bug01"	"ni_total"	"22-B-011_2022-10-07_1_First"	211	2	"> 110 (100-120)"	">"	100	120	TRUE	NA	"Rule0"	NA	NA	NA	NA	NA	"bug01"	"bug01"	1	"bug01_L2_Rule0_ni_total"
"BCG_CT_2015"	"bug01"	"ni_total"	"22-B-011_2022-10-07_1_First"	211	2	"> 110 (100-120)"	">"	100	120	TRUE	NA	"Rule1"	NA	NA	NA	NA	NA	"bug01"	"bug01"	1	"bug01_L2_Rule1_ni_total"
"BCG_CT_2015"	"bug01"	"ni_total"	"22-B-011_2022-10-07_1_First"	211	4	"> 110 (100-120)"	">"	100	120	TRUE	NA	"Rule0"	NA	NA	NA	NA	NA	"bug01"	"bug01"	1	"bug01_L4_Rule0_ni_total"
"BCG_CT_2015"	"bug01"	"ni_total"	"22-B-011_2022-10-07_1_First"	211	3	"> 110 (100-120)"	">"	100	120	TRUE	NA	"Rule0"	NA	NA	NA	NA	NA	"bug01"	"bug01"	1	"bug01_L3_Rule0_ni_total"
"BCG_CT_2015"	"bug01"	"ni_total"	"22-B-012_2022-10-07_1_First"	214	2	"> 110 (100-120)"	">"	100	120	TRUE	NA	"Rule0"	NA	NA	NA	NA	NA	"bug01"	"bug01"	1	"bug01_L2_Rule0_ni_total"
"BCG_CT_2015"	"bug01"	"ni_total"	"22-B-012_2022-10-07_1_First"	214	2	"> 110 (100-120)"	">"	100	120	TRUE	NA	"Rule1"	NA	NA	NA	NA	NA	"bug01"	"bug01"	1	"bug01_L2_Rule1_ni_total"
"BCG_CT_2015"	"bug01"	"ni_total"	"22-B-012_2022-10-07_1_First"	214	4	"> 110 (100-120)"	">"	100	120	TRUE	NA	"Rule0"	NA	NA	NA	NA	NA	"bug01"	"bug01"	1	"bug01_L4_Rule0_ni_total"
"BCG_CT_2015"	"bug01"	"ni_total"	"22-B-012_2022-10-07_1_First"	214	3	"> 110 (100-120)"	">"	100	120	TRUE	NA	"Rule0"	NA	NA	NA	NA	NA	"bug01"	"bug01"	1	"bug01_L3_Rule0_ni_total"
"BCG_CT_2015"	"bug01"	"nt_BCG_att12"	"22-B-010_2022-10-06_1_First"	4	2	"> 4 (3-5)"	">"	3	5	TRUE	NA	"Rule1"	NA	NA	NA	NA	NA	"bug01"	"bug01"	0.5	"bug01_L2_Rule1_nt_BCG_att12"
"BCG_CT_2015"	"bug01"	"nt_BCG_att12"	"22-B-010_2022-10-06_1_First"	4	2	"> 1 (3-5)"	">"	3	5	TRUE	NA	"Rule0"	NA	NA	NA	NA	NA	"bug01"	"bug01"	0.5	"bug01_L2_Rule0_nt_BCG_att12"
"BCG_CT_2015"	"bug01"	"nt_BCG_att12"	"22-B-013_2022-10-07_1_First"	0	2	"> 4 (3-5)"	">"	3	5	TRUE	NA	"Rule1"	NA	NA	NA	NA	NA	"bug01"	"bug01"	0	"bug01_L2_Rule1_nt_BCG_att12"
"BCG_CT_2015"	"bug01"	"nt_BCG_att12"	"22-B-013_2022-10-07_1_First"	0	2	"> 1 (3-5)"	">"	3	5	TRUE	NA	"Rule0"	NA	NA	NA	NA	NA	"bug01"	"bug01"	0	"bug01_L2_Rule0_nt_BCG_att12"
"BCG_CT_2015"	"bug01"	"nt_BCG_att12"	"22-B-018_2022-10-12_1_First"	1	2	"> 4 (3-5)"	">"	3	5	TRUE	NA	"Rule1"	NA	NA	NA	NA	NA	"bug01"	"bug01"	0	"bug01_L2_Rule1_nt_BCG_att12"
"BCG_CT_2015"	"bug01"	"nt_BCG_att12"	"22-B-018_2022-10-12_1_First"	1	2	"> 1 (3-5)"	">"	3	5	TRUE	NA	"Rule0"	NA	NA	NA	NA	NA	"bug01"	"bug01"	0	"bug01_L2_Rule0_nt_BCG_att12"
"BCG_CT_2015"	"bug01"	"nt_BCG_att12"	"22-B-019_2022-10-12_1_First"	2	2	"> 4 (3-5)"	">"	3	5	TRUE	NA	"Rule1"	NA	NA	NA	NA	NA	"bug01"	"bug01"	0	"bug01_L2_Rule1_nt_BCG_att12"
"BCG_CT_2015"	"bug01"	"nt_BCG_att12"	"22-B-019_2022-10-12_1_First"	2	2	"> 1 (3-5)"	">"	3	5	TRUE	NA	"Rule0"	NA	NA	NA	NA	NA	"bug01"	"bug01"	0	"bug01_L2_Rule0_nt_BCG_att12"
"BCG_CT_2015"	"bug01"	"nt_BCG_att12"	"22-B-020_2022-10-12_1_First"	4	2	"> 4 (3-5)"	">"	3	5	TRUE	NA	"Rule1"	NA	NA	NA	NA	NA	"bug01"	"bug01"	0.5	"bug01_L2_Rule1_nt_BCG_att12"
"BCG_CT_2015"	"bug01"	"nt_BCG_att12"	"22-B-020_2022-10-12_1_First"	4	2	"> 1 (3-5)"	">"	3	5	TRUE	NA	"Rule0"	NA	NA	NA	NA	NA	"bug01"	"bug01"	0.5	"bug01_L2_Rule0_nt_BCG_att12"
"BCG_CT_2015"	"bug01"	"nt_BCG_att12"	"22-B-017_2022-10-11_2_First"	3	2	"> 4 (3-5)"	">"	3	5	TRUE	NA	"Rule1"	NA	NA	NA	NA	NA	"bug01"	"bug01"	0	"bug01_L2_Rule1_nt_BCG_att12"
"BCG_CT_2015"	"bug01"	"nt_BCG_att12"	"22-B-017_2022-10-11_2_First"	3	2	"> 1 (3-5)"	">"	3	5	TRUE	NA	"Rule0"	NA	NA	NA	NA	NA	"bug01"	"bug01"	0	"bug01_L2_Rule0_nt_BCG_att12"
"BCG_CT_2015"	"bug01"	"nt_BCG_att12"	"22-B-022_2022-10-13_1_Second"	0	2	"> 4 (3-5)"	">"	3	5	TRUE	NA	"Rule1"	NA	NA	NA	NA	NA	"bug01"	"bug01"	0	"bug01_L2_Rule1_nt_BCG_att12"
"BCG_CT_2015"	"bug01"	"nt_BCG_att12"	"22-B-022_2022-10-13_1_Second"	0	2	"> 1 (3-5)"	">"	3	5	TRUE	NA	"Rule0"	NA	NA	NA	NA	NA	"bug01"	"bug01"	0	"bug01_L2_Rule0_nt_BCG_att12"
"BCG_CT_2015"	"bug01"	"nt_BCG_att12"	"22-B-022_2022-10-13_2_First"	0	2	"> 4 (3-5)"	">"	3	5	TRUE	NA	"Rule1"	NA	NA	NA	NA	NA	"bug01"	"bug01"	0	"bug01_L2_Rule1_nt_BCG_att12"
"BCG_CT_2015"	"bug01"	"nt_BCG_att12"	"22-B-022_2022-10-13_2_First"	0	2	"> 1 (3-5)"	">"	3	5	TRUE	NA	"Rule0"	NA	NA	NA	NA	NA	"bug01"	"bug01"	0	"bug01_L2_Rule0_nt_BCG_att12"
"BCG_CT_2015"	"bug01"	"nt_BCG_att12"	"22-B-023_2022-10-13_1_First"	0	2	"> 4 (3-5)"	">"	3	5	TRUE	NA	"Rule1"	NA	NA	NA	NA	NA	"bug01"	"bug01"	0	"bug01_L2_Rule1_nt_BCG_att12"
"BCG_CT_2015"	"bug01"	"nt_BCG_att12"	"22-B-023_2022-10-13_1_First"	0	2	"> 1 (3-5)"	">"	3	5	TRUE	NA	"Rule0"	NA	NA	NA	NA	NA	"bug01"	"bug01"	0	"bug01_L2_Rule0_nt_BCG_att12"
"BCG_CT_2015"	"bug01"	"nt_BCG_att12"	"22-B-021_2022-10-13_1_First"	1	2	"> 4 (3-5)"	">"	3	5	TRUE	NA	"Rule1"	NA	NA	NA	NA	NA	"bug01"	"bug01"	0	"bug01_L2_Rule1_nt_BCG_att12"
"BCG_CT_2015"	"bug01"	"nt_BCG_att12"	"22-B-021_2022-10-13_1_First"	1	2	"> 1 (3-5)"	">"	3	5	TRUE	NA	"Rule0"	NA	NA	NA	NA	NA	"bug01"	"bug01"	0	"bug01_L2_Rule0_nt_BCG_att12"
"BCG_CT_2015"	"bug01"	"nt_BCG_att12"	"22-B-025_2022-10-13_1_First"	7	2	"> 4 (3-5)"	">"	3	5	TRUE	NA	"Rule1"	NA	NA	NA	NA	NA	"bug01"	"bug01"	1	"bug01_L2_Rule1_nt_BCG_att12"
"BCG_CT_2015"	"bug01"	"nt_BCG_att12"	"22-B-025_2022-10-13_1_First"	7	2	"> 1 (3-5)"	">"	3	5	TRUE	NA	"Rule0"	NA	NA	NA	NA	NA	"bug01"	"bug01"	1	"bug01_L2_Rule0_nt_BCG_att12"
"BCG_CT_2015"	"bug01"	"nt_BCG_att12"	"22-B-026_2022-10-13_1_First"	1	2	"> 4 (3-5)"	">"	3	5	TRUE	NA	"Rule1"	NA	NA	NA	NA	NA	"bug01"	"bug01"	0	"bug01_L2_Rule1_nt_BCG_att12"
"BCG_CT_2015"	"bug01"	"nt_BCG_att12"	"22-B-026_2022-10-13_1_First"	1	2	"> 1 (3-5)"	">"	3	5	TRUE	NA	"Rule0"	NA	NA	NA	NA	NA	"bug01"	"bug01"	0	"bug01_L2_Rule0_nt_BCG_att12"
"BCG_CT_2015"	"bug01"	"nt_BCG_att12"	"22-B-027_2022-10-13_1_First"	4	2	"> 4 (3-5)"	">"	3	5	TRUE	NA	"Rule1"	NA	NA	NA	NA	NA	"bug01"	"bug01"	0.5	"bug01_L2_Rule1_nt_BCG_att12"
"BCG_CT_2015"	"bug01"	"nt_BCG_att12"	"22-B-027_2022-10-13_1_First"	4	2	"> 1 (3-5)"	">"	3	5	TRUE	NA	"Rule0"	NA	NA	NA	NA	NA	"bug01"	"bug01"	0.5	"bug01_L2_Rule0_nt_BCG_att12"
"BCG_CT_2015"	"bug01"	"nt_BCG_att12"	"22-B-024_2022-10-13_2_First"	0	2	"> 4 (3-5)"	">"	3	5	TRUE	NA	"Rule1"	NA	NA	NA	NA	NA	"bug01"	"bug01"	0	"bug01_L2_Rule1_nt_BCG_att12"
"BCG_CT_2015"	"bug01"	"nt_BCG_att12"	"22-B-024_2022-10-13_2_First"	0	2	"> 1 (3-5)"	">"	3	5	TRUE	NA	"Rule0"	NA	NA	NA	NA	NA	"bug01"	"bug01"	0	"bug01_L2_Rule0_nt_BCG_att12"
"BCG_CT_2015"	"bug01"	"nt_BCG_att12"	"22-B-028_2022-10-14_1_Second"	6	2	"> 4 (3-5)"	">"	3	5	TRUE	NA	"Rule1"	NA	NA	NA	NA	NA	"bug01"	"bug01"	1	"bug01_L2_Rule1_nt_BCG_att12"
"BCG_CT_2015"	"bug01"	"nt_BCG_att12"	"22-B-028_2022-10-14_1_Second"	6	2	"> 1 (3-5)"	">"	3	5	TRUE	NA	"Rule0"	NA	NA	NA	NA	NA	"bug01"	"bug01"	1	"bug01_L2_Rule0_nt_BCG_att12"
"BCG_CT_2015"	"bug01"	"nt_BCG_att12"	"22-B-029_2022-10-14_2_First"	5	2	"> 4 (3-5)"	">"	3	5	TRUE	NA	"Rule1"	NA	NA	NA	NA	NA	"bug01"	"bug01"	1	"bug01_L2_Rule1_nt_BCG_att12"
"BCG_CT_2015"	"bug01"	"nt_BCG_att12"	"22-B-029_2022-10-14_2_First"	5	2	"> 1 (3-5)"	">"	3	5	TRUE	NA	"Rule0"	NA	NA	NA	NA	NA	"bug01"	"bug01"	1	"bug01_L2_Rule0_nt_BCG_att12"
"BCG_CT_2015"	"bug01"	"nt_BCG_att12"	"22-B-030_2022-10-14_1_First"	5	2	"> 4 (3-5)"	">"	3	5	TRUE	NA	"Rule1"	NA	NA	NA	NA	NA	"bug01"	"bug01"	1	"bug01_L2_Rule1_nt_BCG_att12"
"BCG_CT_2015"	"bug01"	"nt_BCG_att12"	"22-B-030_2022-10-14_1_First"	5	2	"> 1 (3-5)"	">"	3	5	TRUE	NA	"Rule0"	NA	NA	NA	NA	NA	"bug01"	"bug01"	1	"bug01_L2_Rule0_nt_BCG_att12"
"BCG_CT_2015"	"bug01"	"nt_BCG_att12"	"22-B-031_2022-10-14_1_First"	2	2	"> 4 (3-5)"	">"	3	5	TRUE	NA	"Rule1"	NA	NA	NA	NA	NA	"bug01"	"bug01"	0	"bug01_L2_Rule1_nt_BCG_att12"
"BCG_CT_2015"	"bug01"	"nt_BCG_att12"	"22-B-031_2022-10-14_1_First"	2	2	"> 1 (3-5)"	">"	3	5	TRUE	NA	"Rule0"	NA	NA	NA	NA	NA	"bug01"	"bug01"	0	"bug01_L2_Rule0_nt_BCG_att12"
"BCG_CT_2015"	"bug01"	"nt_BCG_att12"	"22-B-032_2022-10-14_1_First"	1	2	"> 4 (3-5)"	">"	3	5	TRUE	NA	"Rule1"	NA	NA	NA	NA	NA	"bug01"	"bug01"	0	"bug01_L2_Rule1_nt_BCG_att12"
"BCG_CT_2015"	"bug01"	"nt_BCG_att12"	"22-B-032_2022-10-14_1_First"	1	2	"> 1 (3-5)"	">"	3	5	TRUE	NA	"Rule0"	NA	NA	NA	NA	NA	"bug01"	"bug01"	0	"bug01_L2_Rule0_nt_BCG_att12"
"BCG_CT_2015"	"bug01"	"nt_BCG_att12"	"22-B-033_2022-10-14_1_First"	5	2	"> 4 (3-5)"	">"	3	5	TRUE	NA	"Rule1"	NA	NA	NA	NA	NA	"bug01"	"bug01"	1	"bug01_L2_Rule1_nt_BCG_att12"
"BCG_CT_2015"	"bug01"	"nt_BCG_att12"	"22-B-033_2022-10-14_1_First"	5	2	"> 1 (3-5)"	">"	3	5	TRUE	NA	"Rule0"	NA	NA	NA	NA	NA	"bug01"	"bug01"	1	"bug01_L2_Rule0_nt_BCG_att12"
"BCG_CT_2015"	"bug01"	"nt_BCG_att12"	"22-B-034_2022-10-17_1_First"	2	2	"> 4 (3-5)"	">"	3	5	TRUE	NA	"Rule1"	NA	NA	NA	NA	NA	"bug01"	"bug01"	0	"bug01_L2_Rule1_nt_BCG_att12"
"BCG_CT_2015"	"bug01"	"nt_BCG_att12"	"22-B-034_2022-10-17_1_First"	2	2	"> 1 (3-5)"	">"	3	5	TRUE	NA	"Rule0"	NA	NA	NA	NA	NA	"bug01"	"bug01"	0	"bug01_L2_Rule0_nt_BCG_att12"
"BCG_CT_2015"	"bug01"	"nt_BCG_att12"	"22-B-035_2022-10-17_2_First"	3	2	"> 4 (3-5)"	">"	3	5	TRUE	NA	"Rule1"	NA	NA	NA	NA	NA	"bug01"	"bug01"	0	"bug01_L2_Rule1_nt_BCG_att12"
"BCG_CT_2015"	"bug01"	"nt_BCG_att12"	"22-B-035_2022-10-17_2_First"	3	2	"> 1 (3-5)"	">"	3	5	TRUE	NA	"Rule0"	NA	NA	NA	NA	NA	"bug01"	"bug01"	0	"bug01_L2_Rule0_nt_BCG_att12"
"BCG_CT_2015"	"bug01"	"nt_BCG_att12"	"22-B-036_2022-10-17_1_First"	2	2	"> 4 (3-5)"	">"	3	5	TRUE	NA	"Rule1"	NA	NA	NA	NA	NA	"bug01"	"bug01"	0	"bug01_L2_Rule1_nt_BCG_att12"
"BCG_CT_2015"	"bug01"	"nt_BCG_att12"	"22-B-036_2022-10-17_1_First"	2	2	"> 1 (3-5)"	">"	3	5	TRUE	NA	"Rule0"	NA	NA	NA	NA	NA	"bug01"	"bug01"	0	"bug01_L2_Rule0_nt_BCG_att12"
"BCG_CT_2015"	"bug01"	"nt_BCG_att12"	"22-B-037_2022-10-17_1_First"	4	2	"> 4 (3-5)"	">"	3	5	TRUE	NA	"Rule1"	NA	NA	NA	NA	NA	"bug01"	"bug01"	0.5	"bug01_L2_Rule1_nt_BCG_att12"
"BCG_CT_2015"	"bug01"	"nt_BCG_att12"	"22-B-037_2022-10-17_1_First"	4	2	"> 1 (3-5)"	">"	3	5	TRUE	NA	"Rule0"	NA	NA	NA	NA	NA	"bug01"	"bug01"	0.5	"bug01_L2_Rule0_nt_BCG_att12"
"BCG_CT_2015"	"bug01"	"nt_BCG_att12"	"22-B-037_2022-10-17_1_Second"	4	2	"> 4 (3-5)"	">"	3	5	TRUE	NA	"Rule1"	NA	NA	NA	NA	NA	"bug01"	"bug01"	0.5	"bug01_L2_Rule1_nt_BCG_att12"
"BCG_CT_2015"	"bug01"	"nt_BCG_att12"	"22-B-037_2022-10-17_1_Second"	4	2	"> 1 (3-5)"	">"	3	5	TRUE	NA	"Rule0"	NA	NA	NA	NA	NA	"bug01"	"bug01"	0.5	"bug01_L2_Rule0_nt_BCG_att12"
"BCG_CT_2015"	"bug01"	"nt_BCG_att12"	"22-B-038_2022-10-17_1_First"	5	2	"> 4 (3-5)"	">"	3	5	TRUE	NA	"Rule1"	NA	NA	NA	NA	NA	"bug01"	"bug01"	1	"bug01_L2_Rule1_nt_BCG_att12"
"BCG_CT_2015"	"bug01"	"nt_BCG_att12"	"22-B-038_2022-10-17_1_First"	5	2	"> 1 (3-5)"	">"	3	5	TRUE	NA	"Rule0"	NA	NA	NA	NA	NA	"bug01"	"bug01"	1	"bug01_L2_Rule0_nt_BCG_att12"
"BCG_CT_2015"	"bug01"	"nt_BCG_att12"	"22-B-028_2022-10-14_1_First"	6	2	"> 4 (3-5)"	">"	3	5	TRUE	NA	"Rule1"	NA	NA	NA	NA	NA	"bug01"	"bug01"	1	"bug01_L2_Rule1_nt_BCG_att12"
"BCG_CT_2015"	"bug01"	"nt_BCG_att12"	"22-B-028_2022-10-14_1_First"	6	2	"> 1 (3-5)"	">"	3	5	TRUE	NA	"Rule0"	NA	NA	NA	NA	NA	"bug01"	"bug01"	1	"bug01_L2_Rule0_nt_BCG_att12"
"BCG_CT_2015"	"bug01"	"nt_BCG_att12"	"22-B-040_2022-10-18_1_First"	2	2	"> 4 (3-5)"	">"	3	5	TRUE	NA	"Rule1"	NA	NA	NA	NA	NA	"bug01"	"bug01"	0	"bug01_L2_Rule1_nt_BCG_att12"
"BCG_CT_2015"	"bug01"	"nt_BCG_att12"	"22-B-040_2022-10-18_1_First"	2	2	"> 1 (3-5)"	">"	3	5	TRUE	NA	"Rule0"	NA	NA	NA	NA	NA	"bug01"	"bug01"	0	"bug01_L2_Rule0_nt_BCG_att12"
"BCG_CT_2015"	"bug01"	"nt_BCG_att12"	"22-B-041_2022-10-18_1_First"	2	2	"> 4 (3-5)"	">"	3	5	TRUE	NA	"Rule1"	NA	NA	NA	NA	NA	"bug01"	"bug01"	0	"bug01_L2_Rule1_nt_BCG_att12"
"BCG_CT_2015"	"bug01"	"nt_BCG_att12"	"22-B-041_2022-10-18_1_First"	2	2	"> 1 (3-5)"	">"	3	5	TRUE	NA	"Rule0"	NA	NA	NA	NA	NA	"bug01"	"bug01"	0	"bug01_L2_Rule0_nt_BCG_att12"
"BCG_CT_2015"	"bug01"	"nt_BCG_att12"	"22-B-042_2022-10-19_1_First"	1	2	"> 4 (3-5)"	">"	3	5	TRUE	NA	"Rule1"	NA	NA	NA	NA	NA	"bug01"	"bug01"	0	"bug01_L2_Rule1_nt_BCG_att12"
"BCG_CT_2015"	"bug01"	"nt_BCG_att12"	"22-B-042_2022-10-19_1_First"	1	2	"> 1 (3-5)"	">"	3	5	TRUE	NA	"Rule0"	NA	NA	NA	NA	NA	"bug01"	"bug01"	0	"bug01_L2_Rule0_nt_BCG_att12"
"BCG_CT_2015"	"bug01"	"nt_BCG_att12"	"22-B-043_2022-10-19_1_First"	1	2	"> 4 (3-5)"	">"	3	5	TRUE	NA	"Rule1"	NA	NA	NA	NA	NA	"bug01"	"bug01"	0	"bug01_L2_Rule1_nt_BCG_att12"
"BCG_CT_2015"	"bug01"	"nt_BCG_att12"	"22-B-043_2022-10-19_1_First"	1	2	"> 1 (3-5)"	">"	3	5	TRUE	NA	"Rule0"	NA	NA	NA	NA	NA	"bug01"	"bug01"	0	"bug01_L2_Rule0_nt_BCG_att12"
"BCG_CT_2015"	"bug01"	"nt_BCG_att12"	"22-B-044_2022-10-19_1_First"	0	2	"> 4 (3-5)"	">"	3	5	TRUE	NA	"Rule1"	NA	NA	NA	NA	NA	"bug01"	"bug01"	0	"bug01_L2_Rule1_nt_BCG_att12"
"BCG_CT_2015"	"bug01"	"nt_BCG_att12"	"22-B-044_2022-10-19_1_First"	0	2	"> 1 (3-5)"	">"	3	5	TRUE	NA	"Rule0"	NA	NA	NA	NA	NA	"bug01"	"bug01"	0	"bug01_L2_Rule0_nt_BCG_att12"
"BCG_CT_2015"	"bug01"	"nt_BCG_att12"	"22-B-045_2022-10-19_1_First"	1	2	"> 4 (3-5)"	">"	3	5	TRUE	NA	"Rule1"	NA	NA	NA	NA	NA	"bug01"	"bug01"	0	"bug01_L2_Rule1_nt_BCG_att12"
"BCG_CT_2015"	"bug01"	"nt_BCG_att12"	"22-B-045_2022-10-19_1_First"	1	2	"> 1 (3-5)"	">"	3	5	TRUE	NA	"Rule0"	NA	NA	NA	NA	NA	"bug01"	"bug01"	0	"bug01_L2_Rule0_nt_BCG_att12"
"BCG_CT_2015"	"bug01"	"nt_BCG_att12"	"22-B-046_2022-10-19_1_First"	0	2	"> 4 (3-5)"	">"	3	5	TRUE	NA	"Rule1"	NA	NA	NA	NA	NA	"bug01"	"bug01"	0	"bug01_L2_Rule1_nt_BCG_att12"
"BCG_CT_2015"	"bug01"	"nt_BCG_att12"	"22-B-046_2022-10-19_1_First"	0	2	"> 1 (3-5)"	">"	3	5	TRUE	NA	"Rule0"	NA	NA	NA	NA	NA	"bug01"	"bug01"	0	"bug01_L2_Rule0_nt_BCG_att12"
"BCG_CT_2015"	"bug01"	"nt_BCG_att12"	"22-B-047_2022-10-21_1_First"	3	2	"> 4 (3-5)"	">"	3	5	TRUE	NA	"Rule1"	NA	NA	NA	NA	NA	"bug01"	"bug01"	0	"bug01_L2_Rule1_nt_BCG_att12"
"BCG_CT_2015"	"bug01"	"nt_BCG_att12"	"22-B-047_2022-10-21_1_First"	3	2	"> 1 (3-5)"	">"	3	5	TRUE	NA	"Rule0"	NA	NA	NA	NA	NA	"bug01"	"bug01"	0	"bug01_L2_Rule0_nt_BCG_att12"
"BCG_CT_2015"	"bug01"	"nt_BCG_att12"	"22-B-011_2022-10-07_1_First"	1	2	"> 4 (3-5)"	">"	3	5	TRUE	NA	"Rule1"	NA	NA	NA	NA	NA	"bug01"	"bug01"	0	"bug01_L2_Rule1_nt_BCG_att12"
"BCG_CT_2015"	"bug01"	"nt_BCG_att12"	"22-B-011_2022-10-07_1_First"	1	2	"> 1 (3-5)"	">"	3	5	TRUE	NA	"Rule0"	NA	NA	NA	NA	NA	"bug01"	"bug01"	0	"bug01_L2_Rule0_nt_BCG_att12"
"BCG_CT_2015"	"bug01"	"nt_BCG_att12"	"22-B-012_2022-10-07_1_First"	1	2	"> 4 (3-5)"	">"	3	5	TRUE	NA	"Rule1"	NA	NA	NA	NA	NA	"bug01"	"bug01"	0	"bug01_L2_Rule1_nt_BCG_att12"
"BCG_CT_2015"	"bug01"	"nt_BCG_att12"	"22-B-012_2022-10-07_1_First"	1	2	"> 1 (3-5)"	">"	3	5	TRUE	NA	"Rule0"	NA	NA	NA	NA	NA	"bug01"	"bug01"	0	"bug01_L2_Rule0_nt_BCG_att12"
"BCG_CT_2015"	"bug01"	"nt_BCG_att12"	"22-B-009_2022-10-06_1_Second"	4	2	"> 4 (3-5)"	">"	3	5	TRUE	NA	"Rule1"	NA	NA	NA	NA	NA	"bug01"	"bug01"	0.5	"bug01_L2_Rule1_nt_BCG_att12"
"BCG_CT_2015"	"bug01"	"nt_BCG_att12"	"22-B-009_2022-10-06_1_Second"	4	2	"> 1 (3-5)"	">"	3	5	TRUE	NA	"Rule0"	NA	NA	NA	NA	NA	"bug01"	"bug01"	0.5	"bug01_L2_Rule0_nt_BCG_att12"
"BCG_CT_2015"	"bug01"	"nt_BCG_att12"	"21-B-017_2021-10-06_1_First"	4	2	"> 4 (3-5)"	">"	3	5	TRUE	NA	"Rule1"	NA	NA	NA	NA	NA	"bug01"	"bug01"	0.5	"bug01_L2_Rule1_nt_BCG_att12"
"BCG_CT_2015"	"bug01"	"nt_BCG_att12"	"21-B-017_2021-10-06_1_First"	4	2	"> 1 (3-5)"	">"	3	5	TRUE	NA	"Rule0"	NA	NA	NA	NA	NA	"bug01"	"bug01"	0.5	"bug01_L2_Rule0_nt_BCG_att12"
"BCG_CT_2015"	"bug01"	"nt_BCG_att12"	"22-B-039_2022-10-18_1_First"	7	2	"> 4 (3-5)"	">"	3	5	TRUE	NA	"Rule1"	NA	NA	NA	NA	NA	"bug01"	"bug01"	1	"bug01_L2_Rule1_nt_BCG_att12"
"BCG_CT_2015"	"bug01"	"nt_BCG_att12"	"22-B-039_2022-10-18_1_First"	7	2	"> 1 (3-5)"	">"	3	5	TRUE	NA	"Rule0"	NA	NA	NA	NA	NA	"bug01"	"bug01"	1	"bug01_L2_Rule0_nt_BCG_att12"
"BCG_CT_2015"	"bug01"	"nt_BCG_att12"	"22-B-016_2022-10-11_1_First"	0	2	"> 4 (3-5)"	">"	3	5	TRUE	NA	"Rule1"	NA	NA	NA	NA	NA	"bug01"	"bug01"	0	"bug01_L2_Rule1_nt_BCG_att12"
"BCG_CT_2015"	"bug01"	"nt_BCG_att12"	"22-B-016_2022-10-11_1_First"	0	2	"> 1 (3-5)"	">"	3	5	TRUE	NA	"Rule0"	NA	NA	NA	NA	NA	"bug01"	"bug01"	0	"bug01_L2_Rule0_nt_BCG_att12"
"BCG_CT_2015"	"bug01"	"nt_BCG_att12"	"21-B-006_2021-09-30_2_First"	1	2	"> 4 (3-5)"	">"	3	5	TRUE	NA	"Rule1"	NA	NA	NA	NA	NA	"bug01"	"bug01"	0	"bug01_L2_Rule1_nt_BCG_att12"
"BCG_CT_2015"	"bug01"	"nt_BCG_att12"	"21-B-006_2021-09-30_2_First"	1	2	"> 1 (3-5)"	">"	3	5	TRUE	NA	"Rule0"	NA	NA	NA	NA	NA	"bug01"	"bug01"	0	"bug01_L2_Rule0_nt_BCG_att12"
"BCG_CT_2015"	"bug01"	"nt_BCG_att12"	"21-B-007_2021-09-30_1_First"	1	2	"> 4 (3-5)"	">"	3	5	TRUE	NA	"Rule1"	NA	NA	NA	NA	NA	"bug01"	"bug01"	0	"bug01_L2_Rule1_nt_BCG_att12"
"BCG_CT_2015"	"bug01"	"nt_BCG_att12"	"21-B-007_2021-09-30_1_First"	1	2	"> 1 (3-5)"	">"	3	5	TRUE	NA	"Rule0"	NA	NA	NA	NA	NA	"bug01"	"bug01"	0	"bug01_L2_Rule0_nt_BCG_att12"
"BCG_CT_2015"	"bug01"	"nt_BCG_att12"	"21-B-007_2021-09-30_1_Second"	2	2	"> 4 (3-5)"	">"	3	5	TRUE	NA	"Rule1"	NA	NA	NA	NA	NA	"bug01"	"bug01"	0	"bug01_L2_Rule1_nt_BCG_att12"
"BCG_CT_2015"	"bug01"	"nt_BCG_att12"	"21-B-007_2021-09-30_1_Second"	2	2	"> 1 (3-5)"	">"	3	5	TRUE	NA	"Rule0"	NA	NA	NA	NA	NA	"bug01"	"bug01"	0	"bug01_L2_Rule0_nt_BCG_att12"
"BCG_CT_2015"	"bug01"	"nt_BCG_att12"	"21-B-008_2021-09-30_1_First"	1	2	"> 4 (3-5)"	">"	3	5	TRUE	NA	"Rule1"	NA	NA	NA	NA	NA	"bug01"	"bug01"	0	"bug01_L2_Rule1_nt_BCG_att12"
"BCG_CT_2015"	"bug01"	"nt_BCG_att12"	"21-B-008_2021-09-30_1_First"	1	2	"> 1 (3-5)"	">"	3	5	TRUE	NA	"Rule0"	NA	NA	NA	NA	NA	"bug01"	"bug01"	0	"bug01_L2_Rule0_nt_BCG_att12"
"BCG_CT_2015"	"bug01"	"nt_BCG_att12"	"21-B-009_2021-09-30_1_First"	0	2	"> 4 (3-5)"	">"	3	5	TRUE	NA	"Rule1"	NA	NA	NA	NA	NA	"bug01"	"bug01"	0	"bug01_L2_Rule1_nt_BCG_att12"
"BCG_CT_2015"	"bug01"	"nt_BCG_att12"	"21-B-009_2021-09-30_1_First"	0	2	"> 1 (3-5)"	">"	3	5	TRUE	NA	"Rule0"	NA	NA	NA	NA	NA	"bug01"	"bug01"	0	"bug01_L2_Rule0_nt_BCG_att12"
"BCG_CT_2015"	"bug01"	"nt_BCG_att12"	"21-B-013_2021-10-04_1_First"	1	2	"> 4 (3-5)"	">"	3	5	TRUE	NA	"Rule1"	NA	NA	NA	NA	NA	"bug01"	"bug01"	0	"bug01_L2_Rule1_nt_BCG_att12"
"BCG_CT_2015"	"bug01"	"nt_BCG_att12"	"21-B-013_2021-10-04_1_First"	1	2	"> 1 (3-5)"	">"	3	5	TRUE	NA	"Rule0"	NA	NA	NA	NA	NA	"bug01"	"bug01"	0	"bug01_L2_Rule0_nt_BCG_att12"
"BCG_CT_2015"	"bug01"	"nt_BCG_att12"	"21-B-014_2021-10-06_1_First"	5	2	"> 4 (3-5)"	">"	3	5	TRUE	NA	"Rule1"	NA	NA	NA	NA	NA	"bug01"	"bug01"	1	"bug01_L2_Rule1_nt_BCG_att12"
"BCG_CT_2015"	"bug01"	"nt_BCG_att12"	"21-B-014_2021-10-06_1_First"	5	2	"> 1 (3-5)"	">"	3	5	TRUE	NA	"Rule0"	NA	NA	NA	NA	NA	"bug01"	"bug01"	1	"bug01_L2_Rule0_nt_BCG_att12"
"BCG_CT_2015"	"bug01"	"nt_BCG_att12"	"21-B-014_2021-10-06_1_Second"	4	2	"> 4 (3-5)"	">"	3	5	TRUE	NA	"Rule1"	NA	NA	NA	NA	NA	"bug01"	"bug01"	0.5	"bug01_L2_Rule1_nt_BCG_att12"
"BCG_CT_2015"	"bug01"	"nt_BCG_att12"	"21-B-014_2021-10-06_1_Second"	4	2	"> 1 (3-5)"	">"	3	5	TRUE	NA	"Rule0"	NA	NA	NA	NA	NA	"bug01"	"bug01"	0.5	"bug01_L2_Rule0_nt_BCG_att12"
"BCG_CT_2015"	"bug01"	"nt_BCG_att12"	"21-B-015_2021-10-06_1_First"	4	2	"> 4 (3-5)"	">"	3	5	TRUE	NA	"Rule1"	NA	NA	NA	NA	NA	"bug01"	"bug01"	0.5	"bug01_L2_Rule1_nt_BCG_att12"
"BCG_CT_2015"	"bug01"	"nt_BCG_att12"	"21-B-015_2021-10-06_1_First"	4	2	"> 1 (3-5)"	">"	3	5	TRUE	NA	"Rule0"	NA	NA	NA	NA	NA	"bug01"	"bug01"	0.5	"bug01_L2_Rule0_nt_BCG_att12"
"BCG_CT_2015"	"bug01"	"nt_BCG_att12"	"21-B-016_2021-10-06_1_First"	2	2	"> 4 (3-5)"	">"	3	5	TRUE	NA	"Rule1"	NA	NA	NA	NA	NA	"bug01"	"bug01"	0	"bug01_L2_Rule1_nt_BCG_att12"
"BCG_CT_2015"	"bug01"	"nt_BCG_att12"	"21-B-016_2021-10-06_1_First"	2	2	"> 1 (3-5)"	">"	3	5	TRUE	NA	"Rule0"	NA	NA	NA	NA	NA	"bug01"	"bug01"	0	"bug01_L2_Rule0_nt_BCG_att12"
"BCG_CT_2015"	"bug01"	"nt_BCG_att12"	"21-B-035_2021-10-13_1_First"	5	2	"> 4 (3-5)"	">"	3	5	TRUE	NA	"Rule1"	NA	NA	NA	NA	NA	"bug01"	"bug01"	1	"bug01_L2_Rule1_nt_BCG_att12"
"BCG_CT_2015"	"bug01"	"nt_BCG_att12"	"21-B-035_2021-10-13_1_First"	5	2	"> 1 (3-5)"	">"	3	5	TRUE	NA	"Rule0"	NA	NA	NA	NA	NA	"bug01"	"bug01"	1	"bug01_L2_Rule0_nt_BCG_att12"
"BCG_CT_2015"	"bug01"	"nt_BCG_att12"	"21-B-018_2021-10-07_1_First"	0	2	"> 4 (3-5)"	">"	3	5	TRUE	NA	"Rule1"	NA	NA	NA	NA	NA	"bug01"	"bug01"	0	"bug01_L2_Rule1_nt_BCG_att12"
"BCG_CT_2015"	"bug01"	"nt_BCG_att12"	"21-B-018_2021-10-07_1_First"	0	2	"> 1 (3-5)"	">"	3	5	TRUE	NA	"Rule0"	NA	NA	NA	NA	NA	"bug01"	"bug01"	0	"bug01_L2_Rule0_nt_BCG_att12"
"BCG_CT_2015"	"bug01"	"nt_BCG_att12"	"21-B-018_2021-10-07_1_Second"	1	2	"> 4 (3-5)"	">"	3	5	TRUE	NA	"Rule1"	NA	NA	NA	NA	NA	"bug01"	"bug01"	0	"bug01_L2_Rule1_nt_BCG_att12"
"BCG_CT_2015"	"bug01"	"nt_BCG_att12"	"21-B-018_2021-10-07_1_Second"	1	2	"> 1 (3-5)"	">"	3	5	TRUE	NA	"Rule0"	NA	NA	NA	NA	NA	"bug01"	"bug01"	0	"bug01_L2_Rule0_nt_BCG_att12"
"BCG_CT_2015"	"bug01"	"nt_BCG_att12"	"21-B-019_2021-10-07_1_First"	0	2	"> 4 (3-5)"	">"	3	5	TRUE	NA	"Rule1"	NA	NA	NA	NA	NA	"bug01"	"bug01"	0	"bug01_L2_Rule1_nt_BCG_att12"
"BCG_CT_2015"	"bug01"	"nt_BCG_att12"	"21-B-019_2021-10-07_1_First"	0	2	"> 1 (3-5)"	">"	3	5	TRUE	NA	"Rule0"	NA	NA	NA	NA	NA	"bug01"	"bug01"	0	"bug01_L2_Rule0_nt_BCG_att12"
"BCG_CT_2015"	"bug01"	"nt_BCG_att12"	"21-B-020_2021-10-07_1_First"	1	2	"> 4 (3-5)"	">"	3	5	TRUE	NA	"Rule1"	NA	NA	NA	NA	NA	"bug01"	"bug01"	0	"bug01_L2_Rule1_nt_BCG_att12"
"BCG_CT_2015"	"bug01"	"nt_BCG_att12"	"21-B-020_2021-10-07_1_First"	1	2	"> 1 (3-5)"	">"	3	5	TRUE	NA	"Rule0"	NA	NA	NA	NA	NA	"bug01"	"bug01"	0	"bug01_L2_Rule0_nt_BCG_att12"
"BCG_CT_2015"	"bug01"	"nt_BCG_att12"	"21-B-021_2021-10-07_2_First"	0	2	"> 4 (3-5)"	">"	3	5	TRUE	NA	"Rule1"	NA	NA	NA	NA	NA	"bug01"	"bug01"	0	"bug01_L2_Rule1_nt_BCG_att12"
"BCG_CT_2015"	"bug01"	"nt_BCG_att12"	"21-B-021_2021-10-07_2_First"	0	2	"> 1 (3-5)"	">"	3	5	TRUE	NA	"Rule0"	NA	NA	NA	NA	NA	"bug01"	"bug01"	0	"bug01_L2_Rule0_nt_BCG_att12"
"BCG_CT_2015"	"bug01"	"nt_BCG_att12"	"21-B-023_2021-10-07_1_First"	2	2	"> 4 (3-5)"	">"	3	5	TRUE	NA	"Rule1"	NA	NA	NA	NA	NA	"bug01"	"bug01"	0	"bug01_L2_Rule1_nt_BCG_att12"
"BCG_CT_2015"	"bug01"	"nt_BCG_att12"	"21-B-023_2021-10-07_1_First"	2	2	"> 1 (3-5)"	">"	3	5	TRUE	NA	"Rule0"	NA	NA	NA	NA	NA	"bug01"	"bug01"	0	"bug01_L2_Rule0_nt_BCG_att12"
"BCG_CT_2015"	"bug01"	"nt_BCG_att12"	"21-B-028_2021-10-12_1_First"	7	2	"> 4 (3-5)"	">"	3	5	TRUE	NA	"Rule1"	NA	NA	NA	NA	NA	"bug01"	"bug01"	1	"bug01_L2_Rule1_nt_BCG_att12"
"BCG_CT_2015"	"bug01"	"nt_BCG_att12"	"21-B-028_2021-10-12_1_First"	7	2	"> 1 (3-5)"	">"	3	5	TRUE	NA	"Rule0"	NA	NA	NA	NA	NA	"bug01"	"bug01"	1	"bug01_L2_Rule0_nt_BCG_att12"
"BCG_CT_2015"	"bug01"	"nt_BCG_att12"	"21-B-029_2021-10-12_1_First"	0	2	"> 4 (3-5)"	">"	3	5	TRUE	NA	"Rule1"	NA	NA	NA	NA	NA	"bug01"	"bug01"	0	"bug01_L2_Rule1_nt_BCG_att12"
"BCG_CT_2015"	"bug01"	"nt_BCG_att12"	"21-B-029_2021-10-12_1_First"	0	2	"> 1 (3-5)"	">"	3	5	TRUE	NA	"Rule0"	NA	NA	NA	NA	NA	"bug01"	"bug01"	0	"bug01_L2_Rule0_nt_BCG_att12"
"BCG_CT_2015"	"bug01"	"nt_BCG_att12"	"21-B-031_2021-10-12_1_First"	1	2	"> 4 (3-5)"	">"	3	5	TRUE	NA	"Rule1"	NA	NA	NA	NA	NA	"bug01"	"bug01"	0	"bug01_L2_Rule1_nt_BCG_att12"
"BCG_CT_2015"	"bug01"	"nt_BCG_att12"	"21-B-031_2021-10-12_1_First"	1	2	"> 1 (3-5)"	">"	3	5	TRUE	NA	"Rule0"	NA	NA	NA	NA	NA	"bug01"	"bug01"	0	"bug01_L2_Rule0_nt_BCG_att12"
"BCG_CT_2015"	"bug01"	"nt_BCG_att12"	"21-B-032_2021-10-13_1_First"	6	2	"> 4 (3-5)"	">"	3	5	TRUE	NA	"Rule1"	NA	NA	NA	NA	NA	"bug01"	"bug01"	1	"bug01_L2_Rule1_nt_BCG_att12"
"BCG_CT_2015"	"bug01"	"nt_BCG_att12"	"21-B-032_2021-10-13_1_First"	6	2	"> 1 (3-5)"	">"	3	5	TRUE	NA	"Rule0"	NA	NA	NA	NA	NA	"bug01"	"bug01"	1	"bug01_L2_Rule0_nt_BCG_att12"
"BCG_CT_2015"	"bug01"	"nt_BCG_att12"	"21-B-033_2021-10-13_2_First"	6	2	"> 4 (3-5)"	">"	3	5	TRUE	NA	"Rule1"	NA	NA	NA	NA	NA	"bug01"	"bug01"	1	"bug01_L2_Rule1_nt_BCG_att12"
"BCG_CT_2015"	"bug01"	"nt_BCG_att12"	"21-B-033_2021-10-13_2_First"	6	2	"> 1 (3-5)"	">"	3	5	TRUE	NA	"Rule0"	NA	NA	NA	NA	NA	"bug01"	"bug01"	1	"bug01_L2_Rule0_nt_BCG_att12"
"BCG_CT_2015"	"bug01"	"nt_BCG_att12"	"21-B-034_2021-10-13_1_First"	1	2	"> 4 (3-5)"	">"	3	5	TRUE	NA	"Rule1"	NA	NA	NA	NA	NA	"bug01"	"bug01"	0	"bug01_L2_Rule1_nt_BCG_att12"
"BCG_CT_2015"	"bug01"	"nt_BCG_att12"	"21-B-034_2021-10-13_1_First"	1	2	"> 1 (3-5)"	">"	3	5	TRUE	NA	"Rule0"	NA	NA	NA	NA	NA	"bug01"	"bug01"	0	"bug01_L2_Rule0_nt_BCG_att12"
"BCG_CT_2015"	"bug01"	"nt_BCG_att12"	"22-B-002_2022-09-29_1_First"	3	2	"> 4 (3-5)"	">"	3	5	TRUE	NA	"Rule1"	NA	NA	NA	NA	NA	"bug01"	"bug01"	0	"bug01_L2_Rule1_nt_BCG_att12"
"BCG_CT_2015"	"bug01"	"nt_BCG_att12"	"22-B-002_2022-09-29_1_First"	3	2	"> 1 (3-5)"	">"	3	5	TRUE	NA	"Rule0"	NA	NA	NA	NA	NA	"bug01"	"bug01"	0	"bug01_L2_Rule0_nt_BCG_att12"
"BCG_CT_2015"	"bug01"	"nt_BCG_att12"	"21-B-036_2021-10-13_1_First"	4	2	"> 4 (3-5)"	">"	3	5	TRUE	NA	"Rule1"	NA	NA	NA	NA	NA	"bug01"	"bug01"	0.5	"bug01_L2_Rule1_nt_BCG_att12"
"BCG_CT_2015"	"bug01"	"nt_BCG_att12"	"21-B-036_2021-10-13_1_First"	4	2	"> 1 (3-5)"	">"	3	5	TRUE	NA	"Rule0"	NA	NA	NA	NA	NA	"bug01"	"bug01"	0.5	"bug01_L2_Rule0_nt_BCG_att12"
"BCG_CT_2015"	"bug01"	"nt_BCG_att12"	"21-B-037_2021-10-14_1_First"	4	2	"> 4 (3-5)"	">"	3	5	TRUE	NA	"Rule1"	NA	NA	NA	NA	NA	"bug01"	"bug01"	0.5	"bug01_L2_Rule1_nt_BCG_att12"
"BCG_CT_2015"	"bug01"	"nt_BCG_att12"	"21-B-037_2021-10-14_1_First"	4	2	"> 1 (3-5)"	">"	3	5	TRUE	NA	"Rule0"	NA	NA	NA	NA	NA	"bug01"	"bug01"	0.5	"bug01_L2_Rule0_nt_BCG_att12"
"BCG_CT_2015"	"bug01"	"nt_BCG_att12"	"22-B-001_2022-09-21_1_First"	4	2	"> 4 (3-5)"	">"	3	5	TRUE	NA	"Rule1"	NA	NA	NA	NA	NA	"bug01"	"bug01"	0.5	"bug01_L2_Rule1_nt_BCG_att12"
"BCG_CT_2015"	"bug01"	"nt_BCG_att12"	"22-B-001_2022-09-21_1_First"	4	2	"> 1 (3-5)"	">"	3	5	TRUE	NA	"Rule0"	NA	NA	NA	NA	NA	"bug01"	"bug01"	0.5	"bug01_L2_Rule0_nt_BCG_att12"
"BCG_CT_2015"	"bug01"	"nt_BCG_att12"	"22-B-006_2022-09-30_1_First"	0	2	"> 4 (3-5)"	">"	3	5	TRUE	NA	"Rule1"	NA	NA	NA	NA	NA	"bug01"	"bug01"	0	"bug01_L2_Rule1_nt_BCG_att12"
"BCG_CT_2015"	"bug01"	"nt_BCG_att12"	"22-B-006_2022-09-30_1_First"	0	2	"> 1 (3-5)"	">"	3	5	TRUE	NA	"Rule0"	NA	NA	NA	NA	NA	"bug01"	"bug01"	0	"bug01_L2_Rule0_nt_BCG_att12"
"BCG_CT_2015"	"bug01"	"nt_BCG_att12"	"22-B-003_2022-09-29_1_First"	3	2	"> 4 (3-5)"	">"	3	5	TRUE	NA	"Rule1"	NA	NA	NA	NA	NA	"bug01"	"bug01"	0	"bug01_L2_Rule1_nt_BCG_att12"
"BCG_CT_2015"	"bug01"	"nt_BCG_att12"	"22-B-003_2022-09-29_1_First"	3	2	"> 1 (3-5)"	">"	3	5	TRUE	NA	"Rule0"	NA	NA	NA	NA	NA	"bug01"	"bug01"	0	"bug01_L2_Rule0_nt_BCG_att12"
"BCG_CT_2015"	"bug01"	"nt_BCG_att12"	"22-B-004_2022-09-29_1_First"	5	2	"> 4 (3-5)"	">"	3	5	TRUE	NA	"Rule1"	NA	NA	NA	NA	NA	"bug01"	"bug01"	1	"bug01_L2_Rule1_nt_BCG_att12"
"BCG_CT_2015"	"bug01"	"nt_BCG_att12"	"22-B-004_2022-09-29_1_First"	5	2	"> 1 (3-5)"	">"	3	5	TRUE	NA	"Rule0"	NA	NA	NA	NA	NA	"bug01"	"bug01"	1	"bug01_L2_Rule0_nt_BCG_att12"
"BCG_CT_2015"	"bug01"	"nt_BCG_att12"	"22-B-005_2022-09-30_1_First"	6	2	"> 4 (3-5)"	">"	3	5	TRUE	NA	"Rule1"	NA	NA	NA	NA	NA	"bug01"	"bug01"	1	"bug01_L2_Rule1_nt_BCG_att12"
"BCG_CT_2015"	"bug01"	"nt_BCG_att12"	"22-B-005_2022-09-30_1_First"	6	2	"> 1 (3-5)"	">"	3	5	TRUE	NA	"Rule0"	NA	NA	NA	NA	NA	"bug01"	"bug01"	1	"bug01_L2_Rule0_nt_BCG_att12"
"BCG_CT_2015"	"bug01"	"nt_BCG_att12"	"22-B-009_2022-10-06_1_First"	3	2	"> 4 (3-5)"	">"	3	5	TRUE	NA	"Rule1"	NA	NA	NA	NA	NA	"bug01"	"bug01"	0	"bug01_L2_Rule1_nt_BCG_att12"
"BCG_CT_2015"	"bug01"	"nt_BCG_att12"	"22-B-009_2022-10-06_1_First"	3	2	"> 1 (3-5)"	">"	3	5	TRUE	NA	"Rule0"	NA	NA	NA	NA	NA	"bug01"	"bug01"	0	"bug01_L2_Rule0_nt_BCG_att12"
"BCG_CT_2015"	"bug01"	"nt_BCG_att12"	"22-B-006_2022-09-30_1_Second"	0	2	"> 4 (3-5)"	">"	3	5	TRUE	NA	"Rule1"	NA	NA	NA	NA	NA	"bug01"	"bug01"	0	"bug01_L2_Rule1_nt_BCG_att12"
"BCG_CT_2015"	"bug01"	"nt_BCG_att12"	"22-B-006_2022-09-30_1_Second"	0	2	"> 1 (3-5)"	">"	3	5	TRUE	NA	"Rule0"	NA	NA	NA	NA	NA	"bug01"	"bug01"	0	"bug01_L2_Rule0_nt_BCG_att12"
"BCG_CT_2015"	"bug01"	"nt_BCG_att12"	"22-B-007_2022-09-30_1_First"	7	2	"> 4 (3-5)"	">"	3	5	TRUE	NA	"Rule1"	NA	NA	NA	NA	NA	"bug01"	"bug01"	1	"bug01_L2_Rule1_nt_BCG_att12"
"BCG_CT_2015"	"bug01"	"nt_BCG_att12"	"22-B-007_2022-09-30_1_First"	7	2	"> 1 (3-5)"	">"	3	5	TRUE	NA	"Rule0"	NA	NA	NA	NA	NA	"bug01"	"bug01"	1	"bug01_L2_Rule0_nt_BCG_att12"
"BCG_CT_2015"	"bug01"	"nt_BCG_att12"	"22-B-008_2022-10-06_1_First"	4	2	"> 4 (3-5)"	">"	3	5	TRUE	NA	"Rule1"	NA	NA	NA	NA	NA	"bug01"	"bug01"	0.5	"bug01_L2_Rule1_nt_BCG_att12"
"BCG_CT_2015"	"bug01"	"nt_BCG_att12"	"22-B-008_2022-10-06_1_First"	4	2	"> 1 (3-5)"	">"	3	5	TRUE	NA	"Rule0"	NA	NA	NA	NA	NA	"bug01"	"bug01"	0.5	"bug01_L2_Rule0_nt_BCG_att12"
"BCG_CT_2015"	"bug01"	"nt_BCG_att12"	"21-B-005_2021-09-30_1_First"	1	2	"> 4 (3-5)"	">"	3	5	TRUE	NA	"Rule1"	NA	NA	NA	NA	NA	"bug01"	"bug01"	0	"bug01_L2_Rule1_nt_BCG_att12"
"BCG_CT_2015"	"bug01"	"nt_BCG_att12"	"21-B-005_2021-09-30_1_First"	1	2	"> 1 (3-5)"	">"	3	5	TRUE	NA	"Rule0"	NA	NA	NA	NA	NA	"bug01"	"bug01"	0	"bug01_L2_Rule0_nt_BCG_att12"
"BCG_CT_2015"	"bug01"	"nt_BCG_att12"	"21-B-004_2021-09-30_1_First"	4	2	"> 4 (3-5)"	">"	3	5	TRUE	NA	"Rule1"	NA	NA	NA	NA	NA	"bug01"	"bug01"	0.5	"bug01_L2_Rule1_nt_BCG_att12"
"BCG_CT_2015"	"bug01"	"nt_BCG_att12"	"21-B-004_2021-09-30_1_First"	4	2	"> 1 (3-5)"	">"	3	5	TRUE	NA	"Rule0"	NA	NA	NA	NA	NA	"bug01"	"bug01"	0.5	"bug01_L2_Rule0_nt_BCG_att12"
"BCG_CT_2015"	"bug01"	"nt_BCG_att12"	"21-B-001_2021-09-29_1_First"	1	2	"> 4 (3-5)"	">"	3	5	TRUE	NA	"Rule1"	NA	NA	NA	NA	NA	"bug01"	"bug01"	0	"bug01_L2_Rule1_nt_BCG_att12"
"BCG_CT_2015"	"bug01"	"nt_BCG_att12"	"21-B-001_2021-09-29_1_First"	1	2	"> 1 (3-5)"	">"	3	5	TRUE	NA	"Rule0"	NA	NA	NA	NA	NA	"bug01"	"bug01"	0	"bug01_L2_Rule0_nt_BCG_att12"
"BCG_CT_2015"	"bug01"	"nt_BCG_att12"	"22-B-015_2022-10-11_1_First"	0	2	"> 4 (3-5)"	">"	3	5	TRUE	NA	"Rule1"	NA	NA	NA	NA	NA	"bug01"	"bug01"	0	"bug01_L2_Rule1_nt_BCG_att12"
"BCG_CT_2015"	"bug01"	"nt_BCG_att12"	"22-B-015_2022-10-11_1_First"	0	2	"> 1 (3-5)"	">"	3	5	TRUE	NA	"Rule0"	NA	NA	NA	NA	NA	"bug01"	"bug01"	0	"bug01_L2_Rule0_nt_BCG_att12"
"BCG_CT_2015"	"bug01"	"nt_BCG_att12"	"22-B-014_2022-10-11_1_First"	0	2	"> 4 (3-5)"	">"	3	5	TRUE	NA	"Rule1"	NA	NA	NA	NA	NA	"bug01"	"bug01"	0	"bug01_L2_Rule1_nt_BCG_att12"
"BCG_CT_2015"	"bug01"	"nt_BCG_att12"	"22-B-014_2022-10-11_1_First"	0	2	"> 1 (3-5)"	">"	3	5	TRUE	NA	"Rule0"	NA	NA	NA	NA	NA	"bug01"	"bug01"	0	"bug01_L2_Rule0_nt_BCG_att12"
"BCG_CT_2015"	"bug01"	"nt_BCG_att123"	"22-B-047_2022-10-21_1_First"	12	3	"> 1 (8-10)"	">"	8	10	TRUE	NA	"Rule0"	NA	NA	NA	NA	NA	"bug01"	"bug01"	1	"bug01_L3_Rule0_nt_BCG_att123"
"BCG_CT_2015"	"bug01"	"nt_BCG_att123"	"22-B-047_2022-10-21_1_First"	12	4	"> 1 (3-5)"	">"	3	5	TRUE	NA	"Rule0"	NA	NA	NA	NA	NA	"bug01"	"bug01"	1	"bug01_L4_Rule0_nt_BCG_att123"
"BCG_CT_2015"	"bug01"	"nt_BCG_att123"	"22-B-010_2022-10-06_1_First"	24	3	"> 1 (8-10)"	">"	8	10	TRUE	NA	"Rule0"	NA	NA	NA	NA	NA	"bug01"	"bug01"	1	"bug01_L3_Rule0_nt_BCG_att123"
"BCG_CT_2015"	"bug01"	"nt_BCG_att123"	"22-B-010_2022-10-06_1_First"	24	4	"> 1 (3-5)"	">"	3	5	TRUE	NA	"Rule0"	NA	NA	NA	NA	NA	"bug01"	"bug01"	1	"bug01_L4_Rule0_nt_BCG_att123"
"BCG_CT_2015"	"bug01"	"nt_BCG_att123"	"22-B-014_2022-10-11_1_First"	5	3	"> 1 (8-10)"	">"	8	10	TRUE	NA	"Rule0"	NA	NA	NA	NA	NA	"bug01"	"bug01"	0	"bug01_L3_Rule0_nt_BCG_att123"
"BCG_CT_2015"	"bug01"	"nt_BCG_att123"	"22-B-014_2022-10-11_1_First"	5	4	"> 1 (3-5)"	">"	3	5	TRUE	NA	"Rule0"	NA	NA	NA	NA	NA	"bug01"	"bug01"	1	"bug01_L4_Rule0_nt_BCG_att123"
"BCG_CT_2015"	"bug01"	"nt_BCG_att123"	"22-B-015_2022-10-11_1_First"	3	3	"> 1 (8-10)"	">"	8	10	TRUE	NA	"Rule0"	NA	NA	NA	NA	NA	"bug01"	"bug01"	0	"bug01_L3_Rule0_nt_BCG_att123"
"BCG_CT_2015"	"bug01"	"nt_BCG_att123"	"22-B-015_2022-10-11_1_First"	3	4	"> 1 (3-5)"	">"	3	5	TRUE	NA	"Rule0"	NA	NA	NA	NA	NA	"bug01"	"bug01"	0	"bug01_L4_Rule0_nt_BCG_att123"
"BCG_CT_2015"	"bug01"	"nt_BCG_att123"	"21-B-001_2021-09-29_1_First"	14	3	"> 1 (8-10)"	">"	8	10	TRUE	NA	"Rule0"	NA	NA	NA	NA	NA	"bug01"	"bug01"	1	"bug01_L3_Rule0_nt_BCG_att123"
"BCG_CT_2015"	"bug01"	"nt_BCG_att123"	"21-B-001_2021-09-29_1_First"	14	4	"> 1 (3-5)"	">"	3	5	TRUE	NA	"Rule0"	NA	NA	NA	NA	NA	"bug01"	"bug01"	1	"bug01_L4_Rule0_nt_BCG_att123"
"BCG_CT_2015"	"bug01"	"nt_BCG_att123"	"22-B-017_2022-10-11_2_First"	16	3	"> 1 (8-10)"	">"	8	10	TRUE	NA	"Rule0"	NA	NA	NA	NA	NA	"bug01"	"bug01"	1	"bug01_L3_Rule0_nt_BCG_att123"
"BCG_CT_2015"	"bug01"	"nt_BCG_att123"	"22-B-017_2022-10-11_2_First"	16	4	"> 1 (3-5)"	">"	3	5	TRUE	NA	"Rule0"	NA	NA	NA	NA	NA	"bug01"	"bug01"	1	"bug01_L4_Rule0_nt_BCG_att123"
"BCG_CT_2015"	"bug01"	"nt_BCG_att123"	"22-B-018_2022-10-12_1_First"	13	3	"> 1 (8-10)"	">"	8	10	TRUE	NA	"Rule0"	NA	NA	NA	NA	NA	"bug01"	"bug01"	1	"bug01_L3_Rule0_nt_BCG_att123"
"BCG_CT_2015"	"bug01"	"nt_BCG_att123"	"22-B-018_2022-10-12_1_First"	13	4	"> 1 (3-5)"	">"	3	5	TRUE	NA	"Rule0"	NA	NA	NA	NA	NA	"bug01"	"bug01"	1	"bug01_L4_Rule0_nt_BCG_att123"
"BCG_CT_2015"	"bug01"	"nt_BCG_att123"	"22-B-019_2022-10-12_1_First"	13	3	"> 1 (8-10)"	">"	8	10	TRUE	NA	"Rule0"	NA	NA	NA	NA	NA	"bug01"	"bug01"	1	"bug01_L3_Rule0_nt_BCG_att123"
"BCG_CT_2015"	"bug01"	"nt_BCG_att123"	"22-B-019_2022-10-12_1_First"	13	4	"> 1 (3-5)"	">"	3	5	TRUE	NA	"Rule0"	NA	NA	NA	NA	NA	"bug01"	"bug01"	1	"bug01_L4_Rule0_nt_BCG_att123"
"BCG_CT_2015"	"bug01"	"nt_BCG_att123"	"22-B-016_2022-10-11_1_First"	16	3	"> 1 (8-10)"	">"	8	10	TRUE	NA	"Rule0"	NA	NA	NA	NA	NA	"bug01"	"bug01"	1	"bug01_L3_Rule0_nt_BCG_att123"
"BCG_CT_2015"	"bug01"	"nt_BCG_att123"	"22-B-016_2022-10-11_1_First"	16	4	"> 1 (3-5)"	">"	3	5	TRUE	NA	"Rule0"	NA	NA	NA	NA	NA	"bug01"	"bug01"	1	"bug01_L4_Rule0_nt_BCG_att123"
"BCG_CT_2015"	"bug01"	"nt_BCG_att123"	"22-B-021_2022-10-13_1_First"	3	3	"> 1 (8-10)"	">"	8	10	TRUE	NA	"Rule0"	NA	NA	NA	NA	NA	"bug01"	"bug01"	0	"bug01_L3_Rule0_nt_BCG_att123"
"BCG_CT_2015"	"bug01"	"nt_BCG_att123"	"22-B-021_2022-10-13_1_First"	3	4	"> 1 (3-5)"	">"	3	5	TRUE	NA	"Rule0"	NA	NA	NA	NA	NA	"bug01"	"bug01"	0	"bug01_L4_Rule0_nt_BCG_att123"
"BCG_CT_2015"	"bug01"	"nt_BCG_att123"	"22-B-022_2022-10-13_1_Second"	7	3	"> 1 (8-10)"	">"	8	10	TRUE	NA	"Rule0"	NA	NA	NA	NA	NA	"bug01"	"bug01"	0	"bug01_L3_Rule0_nt_BCG_att123"
"BCG_CT_2015"	"bug01"	"nt_BCG_att123"	"22-B-022_2022-10-13_1_Second"	7	4	"> 1 (3-5)"	">"	3	5	TRUE	NA	"Rule0"	NA	NA	NA	NA	NA	"bug01"	"bug01"	1	"bug01_L4_Rule0_nt_BCG_att123"
"BCG_CT_2015"	"bug01"	"nt_BCG_att123"	"22-B-022_2022-10-13_2_First"	6	3	"> 1 (8-10)"	">"	8	10	TRUE	NA	"Rule0"	NA	NA	NA	NA	NA	"bug01"	"bug01"	0	"bug01_L3_Rule0_nt_BCG_att123"
"BCG_CT_2015"	"bug01"	"nt_BCG_att123"	"22-B-022_2022-10-13_2_First"	6	4	"> 1 (3-5)"	">"	3	5	TRUE	NA	"Rule0"	NA	NA	NA	NA	NA	"bug01"	"bug01"	1	"bug01_L4_Rule0_nt_BCG_att123"
"BCG_CT_2015"	"bug01"	"nt_BCG_att123"	"22-B-020_2022-10-12_1_First"	22	3	"> 1 (8-10)"	">"	8	10	TRUE	NA	"Rule0"	NA	NA	NA	NA	NA	"bug01"	"bug01"	1	"bug01_L3_Rule0_nt_BCG_att123"
"BCG_CT_2015"	"bug01"	"nt_BCG_att123"	"22-B-020_2022-10-12_1_First"	22	4	"> 1 (3-5)"	">"	3	5	TRUE	NA	"Rule0"	NA	NA	NA	NA	NA	"bug01"	"bug01"	1	"bug01_L4_Rule0_nt_BCG_att123"
"BCG_CT_2015"	"bug01"	"nt_BCG_att123"	"22-B-024_2022-10-13_2_First"	0	3	"> 1 (8-10)"	">"	8	10	TRUE	NA	"Rule0"	NA	NA	NA	NA	NA	"bug01"	"bug01"	0	"bug01_L3_Rule0_nt_BCG_att123"
"BCG_CT_2015"	"bug01"	"nt_BCG_att123"	"22-B-024_2022-10-13_2_First"	0	4	"> 1 (3-5)"	">"	3	5	TRUE	NA	"Rule0"	NA	NA	NA	NA	NA	"bug01"	"bug01"	0	"bug01_L4_Rule0_nt_BCG_att123"
"BCG_CT_2015"	"bug01"	"nt_BCG_att123"	"22-B-025_2022-10-13_1_First"	30	3	"> 1 (8-10)"	">"	8	10	TRUE	NA	"Rule0"	NA	NA	NA	NA	NA	"bug01"	"bug01"	1	"bug01_L3_Rule0_nt_BCG_att123"
"BCG_CT_2015"	"bug01"	"nt_BCG_att123"	"22-B-025_2022-10-13_1_First"	30	4	"> 1 (3-5)"	">"	3	5	TRUE	NA	"Rule0"	NA	NA	NA	NA	NA	"bug01"	"bug01"	1	"bug01_L4_Rule0_nt_BCG_att123"
"BCG_CT_2015"	"bug01"	"nt_BCG_att123"	"22-B-026_2022-10-13_1_First"	16	3	"> 1 (8-10)"	">"	8	10	TRUE	NA	"Rule0"	NA	NA	NA	NA	NA	"bug01"	"bug01"	1	"bug01_L3_Rule0_nt_BCG_att123"
"BCG_CT_2015"	"bug01"	"nt_BCG_att123"	"22-B-026_2022-10-13_1_First"	16	4	"> 1 (3-5)"	">"	3	5	TRUE	NA	"Rule0"	NA	NA	NA	NA	NA	"bug01"	"bug01"	1	"bug01_L4_Rule0_nt_BCG_att123"
"BCG_CT_2015"	"bug01"	"nt_BCG_att123"	"22-B-027_2022-10-13_1_First"	29	3	"> 1 (8-10)"	">"	8	10	TRUE	NA	"Rule0"	NA	NA	NA	NA	NA	"bug01"	"bug01"	1	"bug01_L3_Rule0_nt_BCG_att123"
"BCG_CT_2015"	"bug01"	"nt_BCG_att123"	"22-B-027_2022-10-13_1_First"	29	4	"> 1 (3-5)"	">"	3	5	TRUE	NA	"Rule0"	NA	NA	NA	NA	NA	"bug01"	"bug01"	1	"bug01_L4_Rule0_nt_BCG_att123"
"BCG_CT_2015"	"bug01"	"nt_BCG_att123"	"22-B-028_2022-10-14_1_First"	19	3	"> 1 (8-10)"	">"	8	10	TRUE	NA	"Rule0"	NA	NA	NA	NA	NA	"bug01"	"bug01"	1	"bug01_L3_Rule0_nt_BCG_att123"
"BCG_CT_2015"	"bug01"	"nt_BCG_att123"	"22-B-028_2022-10-14_1_First"	19	4	"> 1 (3-5)"	">"	3	5	TRUE	NA	"Rule0"	NA	NA	NA	NA	NA	"bug01"	"bug01"	1	"bug01_L4_Rule0_nt_BCG_att123"
"BCG_CT_2015"	"bug01"	"nt_BCG_att123"	"22-B-028_2022-10-14_1_Second"	19	3	"> 1 (8-10)"	">"	8	10	TRUE	NA	"Rule0"	NA	NA	NA	NA	NA	"bug01"	"bug01"	1	"bug01_L3_Rule0_nt_BCG_att123"
"BCG_CT_2015"	"bug01"	"nt_BCG_att123"	"22-B-028_2022-10-14_1_Second"	19	4	"> 1 (3-5)"	">"	3	5	TRUE	NA	"Rule0"	NA	NA	NA	NA	NA	"bug01"	"bug01"	1	"bug01_L4_Rule0_nt_BCG_att123"
"BCG_CT_2015"	"bug01"	"nt_BCG_att123"	"22-B-029_2022-10-14_2_First"	22	3	"> 1 (8-10)"	">"	8	10	TRUE	NA	"Rule0"	NA	NA	NA	NA	NA	"bug01"	"bug01"	1	"bug01_L3_Rule0_nt_BCG_att123"
"BCG_CT_2015"	"bug01"	"nt_BCG_att123"	"22-B-029_2022-10-14_2_First"	22	4	"> 1 (3-5)"	">"	3	5	TRUE	NA	"Rule0"	NA	NA	NA	NA	NA	"bug01"	"bug01"	1	"bug01_L4_Rule0_nt_BCG_att123"
"BCG_CT_2015"	"bug01"	"nt_BCG_att123"	"22-B-030_2022-10-14_1_First"	21	3	"> 1 (8-10)"	">"	8	10	TRUE	NA	"Rule0"	NA	NA	NA	NA	NA	"bug01"	"bug01"	1	"bug01_L3_Rule0_nt_BCG_att123"
"BCG_CT_2015"	"bug01"	"nt_BCG_att123"	"22-B-030_2022-10-14_1_First"	21	4	"> 1 (3-5)"	">"	3	5	TRUE	NA	"Rule0"	NA	NA	NA	NA	NA	"bug01"	"bug01"	1	"bug01_L4_Rule0_nt_BCG_att123"
"BCG_CT_2015"	"bug01"	"nt_BCG_att123"	"22-B-031_2022-10-14_1_First"	19	3	"> 1 (8-10)"	">"	8	10	TRUE	NA	"Rule0"	NA	NA	NA	NA	NA	"bug01"	"bug01"	1	"bug01_L3_Rule0_nt_BCG_att123"
"BCG_CT_2015"	"bug01"	"nt_BCG_att123"	"22-B-031_2022-10-14_1_First"	19	4	"> 1 (3-5)"	">"	3	5	TRUE	NA	"Rule0"	NA	NA	NA	NA	NA	"bug01"	"bug01"	1	"bug01_L4_Rule0_nt_BCG_att123"
"BCG_CT_2015"	"bug01"	"nt_BCG_att123"	"22-B-032_2022-10-14_1_First"	11	3	"> 1 (8-10)"	">"	8	10	TRUE	NA	"Rule0"	NA	NA	NA	NA	NA	"bug01"	"bug01"	1	"bug01_L3_Rule0_nt_BCG_att123"
"BCG_CT_2015"	"bug01"	"nt_BCG_att123"	"22-B-032_2022-10-14_1_First"	11	4	"> 1 (3-5)"	">"	3	5	TRUE	NA	"Rule0"	NA	NA	NA	NA	NA	"bug01"	"bug01"	1	"bug01_L4_Rule0_nt_BCG_att123"
"BCG_CT_2015"	"bug01"	"nt_BCG_att123"	"22-B-033_2022-10-14_1_First"	22	3	"> 1 (8-10)"	">"	8	10	TRUE	NA	"Rule0"	NA	NA	NA	NA	NA	"bug01"	"bug01"	1	"bug01_L3_Rule0_nt_BCG_att123"
"BCG_CT_2015"	"bug01"	"nt_BCG_att123"	"22-B-033_2022-10-14_1_First"	22	4	"> 1 (3-5)"	">"	3	5	TRUE	NA	"Rule0"	NA	NA	NA	NA	NA	"bug01"	"bug01"	1	"bug01_L4_Rule0_nt_BCG_att123"
"BCG_CT_2015"	"bug01"	"nt_BCG_att123"	"22-B-034_2022-10-17_1_First"	25	3	"> 1 (8-10)"	">"	8	10	TRUE	NA	"Rule0"	NA	NA	NA	NA	NA	"bug01"	"bug01"	1	"bug01_L3_Rule0_nt_BCG_att123"
"BCG_CT_2015"	"bug01"	"nt_BCG_att123"	"22-B-034_2022-10-17_1_First"	25	4	"> 1 (3-5)"	">"	3	5	TRUE	NA	"Rule0"	NA	NA	NA	NA	NA	"bug01"	"bug01"	1	"bug01_L4_Rule0_nt_BCG_att123"
"BCG_CT_2015"	"bug01"	"nt_BCG_att123"	"22-B-023_2022-10-13_1_First"	3	3	"> 1 (8-10)"	">"	8	10	TRUE	NA	"Rule0"	NA	NA	NA	NA	NA	"bug01"	"bug01"	0	"bug01_L3_Rule0_nt_BCG_att123"
"BCG_CT_2015"	"bug01"	"nt_BCG_att123"	"22-B-023_2022-10-13_1_First"	3	4	"> 1 (3-5)"	">"	3	5	TRUE	NA	"Rule0"	NA	NA	NA	NA	NA	"bug01"	"bug01"	0	"bug01_L4_Rule0_nt_BCG_att123"
"BCG_CT_2015"	"bug01"	"nt_BCG_att123"	"22-B-036_2022-10-17_1_First"	16	3	"> 1 (8-10)"	">"	8	10	TRUE	NA	"Rule0"	NA	NA	NA	NA	NA	"bug01"	"bug01"	1	"bug01_L3_Rule0_nt_BCG_att123"
"BCG_CT_2015"	"bug01"	"nt_BCG_att123"	"22-B-036_2022-10-17_1_First"	16	4	"> 1 (3-5)"	">"	3	5	TRUE	NA	"Rule0"	NA	NA	NA	NA	NA	"bug01"	"bug01"	1	"bug01_L4_Rule0_nt_BCG_att123"
"BCG_CT_2015"	"bug01"	"nt_BCG_att123"	"22-B-037_2022-10-17_1_First"	16	3	"> 1 (8-10)"	">"	8	10	TRUE	NA	"Rule0"	NA	NA	NA	NA	NA	"bug01"	"bug01"	1	"bug01_L3_Rule0_nt_BCG_att123"
"BCG_CT_2015"	"bug01"	"nt_BCG_att123"	"22-B-037_2022-10-17_1_First"	16	4	"> 1 (3-5)"	">"	3	5	TRUE	NA	"Rule0"	NA	NA	NA	NA	NA	"bug01"	"bug01"	1	"bug01_L4_Rule0_nt_BCG_att123"
"BCG_CT_2015"	"bug01"	"nt_BCG_att123"	"22-B-037_2022-10-17_1_Second"	21	3	"> 1 (8-10)"	">"	8	10	TRUE	NA	"Rule0"	NA	NA	NA	NA	NA	"bug01"	"bug01"	1	"bug01_L3_Rule0_nt_BCG_att123"
"BCG_CT_2015"	"bug01"	"nt_BCG_att123"	"22-B-037_2022-10-17_1_Second"	21	4	"> 1 (3-5)"	">"	3	5	TRUE	NA	"Rule0"	NA	NA	NA	NA	NA	"bug01"	"bug01"	1	"bug01_L4_Rule0_nt_BCG_att123"
"BCG_CT_2015"	"bug01"	"nt_BCG_att123"	"22-B-038_2022-10-17_1_First"	21	3	"> 1 (8-10)"	">"	8	10	TRUE	NA	"Rule0"	NA	NA	NA	NA	NA	"bug01"	"bug01"	1	"bug01_L3_Rule0_nt_BCG_att123"
"BCG_CT_2015"	"bug01"	"nt_BCG_att123"	"22-B-038_2022-10-17_1_First"	21	4	"> 1 (3-5)"	">"	3	5	TRUE	NA	"Rule0"	NA	NA	NA	NA	NA	"bug01"	"bug01"	1	"bug01_L4_Rule0_nt_BCG_att123"
"BCG_CT_2015"	"bug01"	"nt_BCG_att123"	"22-B-039_2022-10-18_1_First"	31	3	"> 1 (8-10)"	">"	8	10	TRUE	NA	"Rule0"	NA	NA	NA	NA	NA	"bug01"	"bug01"	1	"bug01_L3_Rule0_nt_BCG_att123"
"BCG_CT_2015"	"bug01"	"nt_BCG_att123"	"22-B-039_2022-10-18_1_First"	31	4	"> 1 (3-5)"	">"	3	5	TRUE	NA	"Rule0"	NA	NA	NA	NA	NA	"bug01"	"bug01"	1	"bug01_L4_Rule0_nt_BCG_att123"
"BCG_CT_2015"	"bug01"	"nt_BCG_att123"	"22-B-040_2022-10-18_1_First"	12	3	"> 1 (8-10)"	">"	8	10	TRUE	NA	"Rule0"	NA	NA	NA	NA	NA	"bug01"	"bug01"	1	"bug01_L3_Rule0_nt_BCG_att123"
"BCG_CT_2015"	"bug01"	"nt_BCG_att123"	"22-B-040_2022-10-18_1_First"	12	4	"> 1 (3-5)"	">"	3	5	TRUE	NA	"Rule0"	NA	NA	NA	NA	NA	"bug01"	"bug01"	1	"bug01_L4_Rule0_nt_BCG_att123"
"BCG_CT_2015"	"bug01"	"nt_BCG_att123"	"22-B-041_2022-10-18_1_First"	17	3	"> 1 (8-10)"	">"	8	10	TRUE	NA	"Rule0"	NA	NA	NA	NA	NA	"bug01"	"bug01"	1	"bug01_L3_Rule0_nt_BCG_att123"
"BCG_CT_2015"	"bug01"	"nt_BCG_att123"	"22-B-041_2022-10-18_1_First"	17	4	"> 1 (3-5)"	">"	3	5	TRUE	NA	"Rule0"	NA	NA	NA	NA	NA	"bug01"	"bug01"	1	"bug01_L4_Rule0_nt_BCG_att123"
"BCG_CT_2015"	"bug01"	"nt_BCG_att123"	"22-B-042_2022-10-19_1_First"	13	3	"> 1 (8-10)"	">"	8	10	TRUE	NA	"Rule0"	NA	NA	NA	NA	NA	"bug01"	"bug01"	1	"bug01_L3_Rule0_nt_BCG_att123"
"BCG_CT_2015"	"bug01"	"nt_BCG_att123"	"22-B-042_2022-10-19_1_First"	13	4	"> 1 (3-5)"	">"	3	5	TRUE	NA	"Rule0"	NA	NA	NA	NA	NA	"bug01"	"bug01"	1	"bug01_L4_Rule0_nt_BCG_att123"
"BCG_CT_2015"	"bug01"	"nt_BCG_att123"	"22-B-043_2022-10-19_1_First"	6	3	"> 1 (8-10)"	">"	8	10	TRUE	NA	"Rule0"	NA	NA	NA	NA	NA	"bug01"	"bug01"	0	"bug01_L3_Rule0_nt_BCG_att123"
"BCG_CT_2015"	"bug01"	"nt_BCG_att123"	"22-B-043_2022-10-19_1_First"	6	4	"> 1 (3-5)"	">"	3	5	TRUE	NA	"Rule0"	NA	NA	NA	NA	NA	"bug01"	"bug01"	1	"bug01_L4_Rule0_nt_BCG_att123"
"BCG_CT_2015"	"bug01"	"nt_BCG_att123"	"22-B-044_2022-10-19_1_First"	7	3	"> 1 (8-10)"	">"	8	10	TRUE	NA	"Rule0"	NA	NA	NA	NA	NA	"bug01"	"bug01"	0	"bug01_L3_Rule0_nt_BCG_att123"
"BCG_CT_2015"	"bug01"	"nt_BCG_att123"	"22-B-044_2022-10-19_1_First"	7	4	"> 1 (3-5)"	">"	3	5	TRUE	NA	"Rule0"	NA	NA	NA	NA	NA	"bug01"	"bug01"	1	"bug01_L4_Rule0_nt_BCG_att123"
"BCG_CT_2015"	"bug01"	"nt_BCG_att123"	"22-B-045_2022-10-19_1_First"	11	3	"> 1 (8-10)"	">"	8	10	TRUE	NA	"Rule0"	NA	NA	NA	NA	NA	"bug01"	"bug01"	1	"bug01_L3_Rule0_nt_BCG_att123"
"BCG_CT_2015"	"bug01"	"nt_BCG_att123"	"22-B-045_2022-10-19_1_First"	11	4	"> 1 (3-5)"	">"	3	5	TRUE	NA	"Rule0"	NA	NA	NA	NA	NA	"bug01"	"bug01"	1	"bug01_L4_Rule0_nt_BCG_att123"
"BCG_CT_2015"	"bug01"	"nt_BCG_att123"	"22-B-046_2022-10-19_1_First"	12	3	"> 1 (8-10)"	">"	8	10	TRUE	NA	"Rule0"	NA	NA	NA	NA	NA	"bug01"	"bug01"	1	"bug01_L3_Rule0_nt_BCG_att123"
"BCG_CT_2015"	"bug01"	"nt_BCG_att123"	"22-B-046_2022-10-19_1_First"	12	4	"> 1 (3-5)"	">"	3	5	TRUE	NA	"Rule0"	NA	NA	NA	NA	NA	"bug01"	"bug01"	1	"bug01_L4_Rule0_nt_BCG_att123"
"BCG_CT_2015"	"bug01"	"nt_BCG_att123"	"22-B-035_2022-10-17_2_First"	23	3	"> 1 (8-10)"	">"	8	10	TRUE	NA	"Rule0"	NA	NA	NA	NA	NA	"bug01"	"bug01"	1	"bug01_L3_Rule0_nt_BCG_att123"
"BCG_CT_2015"	"bug01"	"nt_BCG_att123"	"22-B-035_2022-10-17_2_First"	23	4	"> 1 (3-5)"	">"	3	5	TRUE	NA	"Rule0"	NA	NA	NA	NA	NA	"bug01"	"bug01"	1	"bug01_L4_Rule0_nt_BCG_att123"
"BCG_CT_2015"	"bug01"	"nt_BCG_att123"	"22-B-011_2022-10-07_1_First"	8	3	"> 1 (8-10)"	">"	8	10	TRUE	NA	"Rule0"	NA	NA	NA	NA	NA	"bug01"	"bug01"	0	"bug01_L3_Rule0_nt_BCG_att123"
"BCG_CT_2015"	"bug01"	"nt_BCG_att123"	"22-B-011_2022-10-07_1_First"	8	4	"> 1 (3-5)"	">"	3	5	TRUE	NA	"Rule0"	NA	NA	NA	NA	NA	"bug01"	"bug01"	1	"bug01_L4_Rule0_nt_BCG_att123"
"BCG_CT_2015"	"bug01"	"nt_BCG_att123"	"22-B-012_2022-10-07_1_First"	5	3	"> 1 (8-10)"	">"	8	10	TRUE	NA	"Rule0"	NA	NA	NA	NA	NA	"bug01"	"bug01"	0	"bug01_L3_Rule0_nt_BCG_att123"
"BCG_CT_2015"	"bug01"	"nt_BCG_att123"	"22-B-012_2022-10-07_1_First"	5	4	"> 1 (3-5)"	">"	3	5	TRUE	NA	"Rule0"	NA	NA	NA	NA	NA	"bug01"	"bug01"	1	"bug01_L4_Rule0_nt_BCG_att123"
"BCG_CT_2015"	"bug01"	"nt_BCG_att123"	"22-B-013_2022-10-07_1_First"	10	3	"> 1 (8-10)"	">"	8	10	TRUE	NA	"Rule0"	NA	NA	NA	NA	NA	"bug01"	"bug01"	1	"bug01_L3_Rule0_nt_BCG_att123"
"BCG_CT_2015"	"bug01"	"nt_BCG_att123"	"22-B-013_2022-10-07_1_First"	10	4	"> 1 (3-5)"	">"	3	5	TRUE	NA	"Rule0"	NA	NA	NA	NA	NA	"bug01"	"bug01"	1	"bug01_L4_Rule0_nt_BCG_att123"
"BCG_CT_2015"	"bug01"	"nt_BCG_att123"	"21-B-007_2021-09-30_1_First"	20	3	"> 1 (8-10)"	">"	8	10	TRUE	NA	"Rule0"	NA	NA	NA	NA	NA	"bug01"	"bug01"	1	"bug01_L3_Rule0_nt_BCG_att123"
"BCG_CT_2015"	"bug01"	"nt_BCG_att123"	"21-B-007_2021-09-30_1_First"	20	4	"> 1 (3-5)"	">"	3	5	TRUE	NA	"Rule0"	NA	NA	NA	NA	NA	"bug01"	"bug01"	1	"bug01_L4_Rule0_nt_BCG_att123"
"BCG_CT_2015"	"bug01"	"nt_BCG_att123"	"21-B-007_2021-09-30_1_Second"	18	3	"> 1 (8-10)"	">"	8	10	TRUE	NA	"Rule0"	NA	NA	NA	NA	NA	"bug01"	"bug01"	1	"bug01_L3_Rule0_nt_BCG_att123"
"BCG_CT_2015"	"bug01"	"nt_BCG_att123"	"21-B-007_2021-09-30_1_Second"	18	4	"> 1 (3-5)"	">"	3	5	TRUE	NA	"Rule0"	NA	NA	NA	NA	NA	"bug01"	"bug01"	1	"bug01_L4_Rule0_nt_BCG_att123"
"BCG_CT_2015"	"bug01"	"nt_BCG_att123"	"21-B-008_2021-09-30_1_First"	10	3	"> 1 (8-10)"	">"	8	10	TRUE	NA	"Rule0"	NA	NA	NA	NA	NA	"bug01"	"bug01"	1	"bug01_L3_Rule0_nt_BCG_att123"
"BCG_CT_2015"	"bug01"	"nt_BCG_att123"	"21-B-008_2021-09-30_1_First"	10	4	"> 1 (3-5)"	">"	3	5	TRUE	NA	"Rule0"	NA	NA	NA	NA	NA	"bug01"	"bug01"	1	"bug01_L4_Rule0_nt_BCG_att123"
"BCG_CT_2015"	"bug01"	"nt_BCG_att123"	"21-B-009_2021-09-30_1_First"	14	3	"> 1 (8-10)"	">"	8	10	TRUE	NA	"Rule0"	NA	NA	NA	NA	NA	"bug01"	"bug01"	1	"bug01_L3_Rule0_nt_BCG_att123"
"BCG_CT_2015"	"bug01"	"nt_BCG_att123"	"21-B-009_2021-09-30_1_First"	14	4	"> 1 (3-5)"	">"	3	5	TRUE	NA	"Rule0"	NA	NA	NA	NA	NA	"bug01"	"bug01"	1	"bug01_L4_Rule0_nt_BCG_att123"
"BCG_CT_2015"	"bug01"	"nt_BCG_att123"	"21-B-013_2021-10-04_1_First"	14	3	"> 1 (8-10)"	">"	8	10	TRUE	NA	"Rule0"	NA	NA	NA	NA	NA	"bug01"	"bug01"	1	"bug01_L3_Rule0_nt_BCG_att123"
"BCG_CT_2015"	"bug01"	"nt_BCG_att123"	"21-B-013_2021-10-04_1_First"	14	4	"> 1 (3-5)"	">"	3	5	TRUE	NA	"Rule0"	NA	NA	NA	NA	NA	"bug01"	"bug01"	1	"bug01_L4_Rule0_nt_BCG_att123"
"BCG_CT_2015"	"bug01"	"nt_BCG_att123"	"21-B-014_2021-10-06_1_First"	30	3	"> 1 (8-10)"	">"	8	10	TRUE	NA	"Rule0"	NA	NA	NA	NA	NA	"bug01"	"bug01"	1	"bug01_L3_Rule0_nt_BCG_att123"
"BCG_CT_2015"	"bug01"	"nt_BCG_att123"	"21-B-014_2021-10-06_1_First"	30	4	"> 1 (3-5)"	">"	3	5	TRUE	NA	"Rule0"	NA	NA	NA	NA	NA	"bug01"	"bug01"	1	"bug01_L4_Rule0_nt_BCG_att123"
"BCG_CT_2015"	"bug01"	"nt_BCG_att123"	"21-B-014_2021-10-06_1_Second"	28	3	"> 1 (8-10)"	">"	8	10	TRUE	NA	"Rule0"	NA	NA	NA	NA	NA	"bug01"	"bug01"	1	"bug01_L3_Rule0_nt_BCG_att123"
"BCG_CT_2015"	"bug01"	"nt_BCG_att123"	"21-B-014_2021-10-06_1_Second"	28	4	"> 1 (3-5)"	">"	3	5	TRUE	NA	"Rule0"	NA	NA	NA	NA	NA	"bug01"	"bug01"	1	"bug01_L4_Rule0_nt_BCG_att123"
"BCG_CT_2015"	"bug01"	"nt_BCG_att123"	"21-B-015_2021-10-06_1_First"	18	3	"> 1 (8-10)"	">"	8	10	TRUE	NA	"Rule0"	NA	NA	NA	NA	NA	"bug01"	"bug01"	1	"bug01_L3_Rule0_nt_BCG_att123"
"BCG_CT_2015"	"bug01"	"nt_BCG_att123"	"21-B-015_2021-10-06_1_First"	18	4	"> 1 (3-5)"	">"	3	5	TRUE	NA	"Rule0"	NA	NA	NA	NA	NA	"bug01"	"bug01"	1	"bug01_L4_Rule0_nt_BCG_att123"
"BCG_CT_2015"	"bug01"	"nt_BCG_att123"	"21-B-016_2021-10-06_1_First"	13	3	"> 1 (8-10)"	">"	8	10	TRUE	NA	"Rule0"	NA	NA	NA	NA	NA	"bug01"	"bug01"	1	"bug01_L3_Rule0_nt_BCG_att123"
"BCG_CT_2015"	"bug01"	"nt_BCG_att123"	"21-B-016_2021-10-06_1_First"	13	4	"> 1 (3-5)"	">"	3	5	TRUE	NA	"Rule0"	NA	NA	NA	NA	NA	"bug01"	"bug01"	1	"bug01_L4_Rule0_nt_BCG_att123"
"BCG_CT_2015"	"bug01"	"nt_BCG_att123"	"21-B-017_2021-10-06_1_First"	19	3	"> 1 (8-10)"	">"	8	10	TRUE	NA	"Rule0"	NA	NA	NA	NA	NA	"bug01"	"bug01"	1	"bug01_L3_Rule0_nt_BCG_att123"
"BCG_CT_2015"	"bug01"	"nt_BCG_att123"	"21-B-017_2021-10-06_1_First"	19	4	"> 1 (3-5)"	">"	3	5	TRUE	NA	"Rule0"	NA	NA	NA	NA	NA	"bug01"	"bug01"	1	"bug01_L4_Rule0_nt_BCG_att123"
"BCG_CT_2015"	"bug01"	"nt_BCG_att123"	"21-B-018_2021-10-07_1_First"	11	3	"> 1 (8-10)"	">"	8	10	TRUE	NA	"Rule0"	NA	NA	NA	NA	NA	"bug01"	"bug01"	1	"bug01_L3_Rule0_nt_BCG_att123"
"BCG_CT_2015"	"bug01"	"nt_BCG_att123"	"21-B-018_2021-10-07_1_First"	11	4	"> 1 (3-5)"	">"	3	5	TRUE	NA	"Rule0"	NA	NA	NA	NA	NA	"bug01"	"bug01"	1	"bug01_L4_Rule0_nt_BCG_att123"
"BCG_CT_2015"	"bug01"	"nt_BCG_att123"	"21-B-018_2021-10-07_1_Second"	12	3	"> 1 (8-10)"	">"	8	10	TRUE	NA	"Rule0"	NA	NA	NA	NA	NA	"bug01"	"bug01"	1	"bug01_L3_Rule0_nt_BCG_att123"
"BCG_CT_2015"	"bug01"	"nt_BCG_att123"	"21-B-018_2021-10-07_1_Second"	12	4	"> 1 (3-5)"	">"	3	5	TRUE	NA	"Rule0"	NA	NA	NA	NA	NA	"bug01"	"bug01"	1	"bug01_L4_Rule0_nt_BCG_att123"
"BCG_CT_2015"	"bug01"	"nt_BCG_att123"	"21-B-019_2021-10-07_1_First"	11	3	"> 1 (8-10)"	">"	8	10	TRUE	NA	"Rule0"	NA	NA	NA	NA	NA	"bug01"	"bug01"	1	"bug01_L3_Rule0_nt_BCG_att123"
"BCG_CT_2015"	"bug01"	"nt_BCG_att123"	"21-B-019_2021-10-07_1_First"	11	4	"> 1 (3-5)"	">"	3	5	TRUE	NA	"Rule0"	NA	NA	NA	NA	NA	"bug01"	"bug01"	1	"bug01_L4_Rule0_nt_BCG_att123"
"BCG_CT_2015"	"bug01"	"nt_BCG_att123"	"21-B-020_2021-10-07_1_First"	18	3	"> 1 (8-10)"	">"	8	10	TRUE	NA	"Rule0"	NA	NA	NA	NA	NA	"bug01"	"bug01"	1	"bug01_L3_Rule0_nt_BCG_att123"
"BCG_CT_2015"	"bug01"	"nt_BCG_att123"	"21-B-020_2021-10-07_1_First"	18	4	"> 1 (3-5)"	">"	3	5	TRUE	NA	"Rule0"	NA	NA	NA	NA	NA	"bug01"	"bug01"	1	"bug01_L4_Rule0_nt_BCG_att123"
"BCG_CT_2015"	"bug01"	"nt_BCG_att123"	"21-B-021_2021-10-07_2_First"	20	3	"> 1 (8-10)"	">"	8	10	TRUE	NA	"Rule0"	NA	NA	NA	NA	NA	"bug01"	"bug01"	1	"bug01_L3_Rule0_nt_BCG_att123"
"BCG_CT_2015"	"bug01"	"nt_BCG_att123"	"21-B-021_2021-10-07_2_First"	20	4	"> 1 (3-5)"	">"	3	5	TRUE	NA	"Rule0"	NA	NA	NA	NA	NA	"bug01"	"bug01"	1	"bug01_L4_Rule0_nt_BCG_att123"
"BCG_CT_2015"	"bug01"	"nt_BCG_att123"	"21-B-023_2021-10-07_1_First"	15	3	"> 1 (8-10)"	">"	8	10	TRUE	NA	"Rule0"	NA	NA	NA	NA	NA	"bug01"	"bug01"	1	"bug01_L3_Rule0_nt_BCG_att123"
"BCG_CT_2015"	"bug01"	"nt_BCG_att123"	"21-B-023_2021-10-07_1_First"	15	4	"> 1 (3-5)"	">"	3	5	TRUE	NA	"Rule0"	NA	NA	NA	NA	NA	"bug01"	"bug01"	1	"bug01_L4_Rule0_nt_BCG_att123"
"BCG_CT_2015"	"bug01"	"nt_BCG_att123"	"21-B-028_2021-10-12_1_First"	29	3	"> 1 (8-10)"	">"	8	10	TRUE	NA	"Rule0"	NA	NA	NA	NA	NA	"bug01"	"bug01"	1	"bug01_L3_Rule0_nt_BCG_att123"
"BCG_CT_2015"	"bug01"	"nt_BCG_att123"	"21-B-028_2021-10-12_1_First"	29	4	"> 1 (3-5)"	">"	3	5	TRUE	NA	"Rule0"	NA	NA	NA	NA	NA	"bug01"	"bug01"	1	"bug01_L4_Rule0_nt_BCG_att123"
"BCG_CT_2015"	"bug01"	"nt_BCG_att123"	"21-B-029_2021-10-12_1_First"	9	3	"> 1 (8-10)"	">"	8	10	TRUE	NA	"Rule0"	NA	NA	NA	NA	NA	"bug01"	"bug01"	0.5	"bug01_L3_Rule0_nt_BCG_att123"
"BCG_CT_2015"	"bug01"	"nt_BCG_att123"	"21-B-029_2021-10-12_1_First"	9	4	"> 1 (3-5)"	">"	3	5	TRUE	NA	"Rule0"	NA	NA	NA	NA	NA	"bug01"	"bug01"	1	"bug01_L4_Rule0_nt_BCG_att123"
"BCG_CT_2015"	"bug01"	"nt_BCG_att123"	"21-B-031_2021-10-12_1_First"	15	3	"> 1 (8-10)"	">"	8	10	TRUE	NA	"Rule0"	NA	NA	NA	NA	NA	"bug01"	"bug01"	1	"bug01_L3_Rule0_nt_BCG_att123"
"BCG_CT_2015"	"bug01"	"nt_BCG_att123"	"21-B-031_2021-10-12_1_First"	15	4	"> 1 (3-5)"	">"	3	5	TRUE	NA	"Rule0"	NA	NA	NA	NA	NA	"bug01"	"bug01"	1	"bug01_L4_Rule0_nt_BCG_att123"
"BCG_CT_2015"	"bug01"	"nt_BCG_att123"	"21-B-032_2021-10-13_1_First"	24	3	"> 1 (8-10)"	">"	8	10	TRUE	NA	"Rule0"	NA	NA	NA	NA	NA	"bug01"	"bug01"	1	"bug01_L3_Rule0_nt_BCG_att123"
"BCG_CT_2015"	"bug01"	"nt_BCG_att123"	"21-B-032_2021-10-13_1_First"	24	4	"> 1 (3-5)"	">"	3	5	TRUE	NA	"Rule0"	NA	NA	NA	NA	NA	"bug01"	"bug01"	1	"bug01_L4_Rule0_nt_BCG_att123"
"BCG_CT_2015"	"bug01"	"nt_BCG_att123"	"21-B-033_2021-10-13_2_First"	27	3	"> 1 (8-10)"	">"	8	10	TRUE	NA	"Rule0"	NA	NA	NA	NA	NA	"bug01"	"bug01"	1	"bug01_L3_Rule0_nt_BCG_att123"
"BCG_CT_2015"	"bug01"	"nt_BCG_att123"	"21-B-033_2021-10-13_2_First"	27	4	"> 1 (3-5)"	">"	3	5	TRUE	NA	"Rule0"	NA	NA	NA	NA	NA	"bug01"	"bug01"	1	"bug01_L4_Rule0_nt_BCG_att123"
"BCG_CT_2015"	"bug01"	"nt_BCG_att123"	"21-B-034_2021-10-13_1_First"	10	3	"> 1 (8-10)"	">"	8	10	TRUE	NA	"Rule0"	NA	NA	NA	NA	NA	"bug01"	"bug01"	1	"bug01_L3_Rule0_nt_BCG_att123"
"BCG_CT_2015"	"bug01"	"nt_BCG_att123"	"21-B-034_2021-10-13_1_First"	10	4	"> 1 (3-5)"	">"	3	5	TRUE	NA	"Rule0"	NA	NA	NA	NA	NA	"bug01"	"bug01"	1	"bug01_L4_Rule0_nt_BCG_att123"
"BCG_CT_2015"	"bug01"	"nt_BCG_att123"	"21-B-035_2021-10-13_1_First"	17	3	"> 1 (8-10)"	">"	8	10	TRUE	NA	"Rule0"	NA	NA	NA	NA	NA	"bug01"	"bug01"	1	"bug01_L3_Rule0_nt_BCG_att123"
"BCG_CT_2015"	"bug01"	"nt_BCG_att123"	"21-B-035_2021-10-13_1_First"	17	4	"> 1 (3-5)"	">"	3	5	TRUE	NA	"Rule0"	NA	NA	NA	NA	NA	"bug01"	"bug01"	1	"bug01_L4_Rule0_nt_BCG_att123"
"BCG_CT_2015"	"bug01"	"nt_BCG_att123"	"21-B-036_2021-10-13_1_First"	27	3	"> 1 (8-10)"	">"	8	10	TRUE	NA	"Rule0"	NA	NA	NA	NA	NA	"bug01"	"bug01"	1	"bug01_L3_Rule0_nt_BCG_att123"
"BCG_CT_2015"	"bug01"	"nt_BCG_att123"	"21-B-036_2021-10-13_1_First"	27	4	"> 1 (3-5)"	">"	3	5	TRUE	NA	"Rule0"	NA	NA	NA	NA	NA	"bug01"	"bug01"	1	"bug01_L4_Rule0_nt_BCG_att123"
"BCG_CT_2015"	"bug01"	"nt_BCG_att123"	"21-B-037_2021-10-14_1_First"	24	3	"> 1 (8-10)"	">"	8	10	TRUE	NA	"Rule0"	NA	NA	NA	NA	NA	"bug01"	"bug01"	1	"bug01_L3_Rule0_nt_BCG_att123"
"BCG_CT_2015"	"bug01"	"nt_BCG_att123"	"21-B-037_2021-10-14_1_First"	24	4	"> 1 (3-5)"	">"	3	5	TRUE	NA	"Rule0"	NA	NA	NA	NA	NA	"bug01"	"bug01"	1	"bug01_L4_Rule0_nt_BCG_att123"
"BCG_CT_2015"	"bug01"	"nt_BCG_att123"	"22-B-001_2022-09-21_1_First"	11	3	"> 1 (8-10)"	">"	8	10	TRUE	NA	"Rule0"	NA	NA	NA	NA	NA	"bug01"	"bug01"	1	"bug01_L3_Rule0_nt_BCG_att123"
"BCG_CT_2015"	"bug01"	"nt_BCG_att123"	"22-B-001_2022-09-21_1_First"	11	4	"> 1 (3-5)"	">"	3	5	TRUE	NA	"Rule0"	NA	NA	NA	NA	NA	"bug01"	"bug01"	1	"bug01_L4_Rule0_nt_BCG_att123"
"BCG_CT_2015"	"bug01"	"nt_BCG_att123"	"22-B-002_2022-09-29_1_First"	15	3	"> 1 (8-10)"	">"	8	10	TRUE	NA	"Rule0"	NA	NA	NA	NA	NA	"bug01"	"bug01"	1	"bug01_L3_Rule0_nt_BCG_att123"
"BCG_CT_2015"	"bug01"	"nt_BCG_att123"	"22-B-002_2022-09-29_1_First"	15	4	"> 1 (3-5)"	">"	3	5	TRUE	NA	"Rule0"	NA	NA	NA	NA	NA	"bug01"	"bug01"	1	"bug01_L4_Rule0_nt_BCG_att123"
"BCG_CT_2015"	"bug01"	"nt_BCG_att123"	"22-B-003_2022-09-29_1_First"	19	3	"> 1 (8-10)"	">"	8	10	TRUE	NA	"Rule0"	NA	NA	NA	NA	NA	"bug01"	"bug01"	1	"bug01_L3_Rule0_nt_BCG_att123"
"BCG_CT_2015"	"bug01"	"nt_BCG_att123"	"22-B-003_2022-09-29_1_First"	19	4	"> 1 (3-5)"	">"	3	5	TRUE	NA	"Rule0"	NA	NA	NA	NA	NA	"bug01"	"bug01"	1	"bug01_L4_Rule0_nt_BCG_att123"
"BCG_CT_2015"	"bug01"	"nt_BCG_att123"	"22-B-004_2022-09-29_1_First"	21	3	"> 1 (8-10)"	">"	8	10	TRUE	NA	"Rule0"	NA	NA	NA	NA	NA	"bug01"	"bug01"	1	"bug01_L3_Rule0_nt_BCG_att123"
"BCG_CT_2015"	"bug01"	"nt_BCG_att123"	"22-B-004_2022-09-29_1_First"	21	4	"> 1 (3-5)"	">"	3	5	TRUE	NA	"Rule0"	NA	NA	NA	NA	NA	"bug01"	"bug01"	1	"bug01_L4_Rule0_nt_BCG_att123"
"BCG_CT_2015"	"bug01"	"nt_BCG_att123"	"22-B-005_2022-09-30_1_First"	29	3	"> 1 (8-10)"	">"	8	10	TRUE	NA	"Rule0"	NA	NA	NA	NA	NA	"bug01"	"bug01"	1	"bug01_L3_Rule0_nt_BCG_att123"
"BCG_CT_2015"	"bug01"	"nt_BCG_att123"	"22-B-005_2022-09-30_1_First"	29	4	"> 1 (3-5)"	">"	3	5	TRUE	NA	"Rule0"	NA	NA	NA	NA	NA	"bug01"	"bug01"	1	"bug01_L4_Rule0_nt_BCG_att123"
"BCG_CT_2015"	"bug01"	"nt_BCG_att123"	"22-B-006_2022-09-30_1_First"	6	3	"> 1 (8-10)"	">"	8	10	TRUE	NA	"Rule0"	NA	NA	NA	NA	NA	"bug01"	"bug01"	0	"bug01_L3_Rule0_nt_BCG_att123"
"BCG_CT_2015"	"bug01"	"nt_BCG_att123"	"22-B-006_2022-09-30_1_First"	6	4	"> 1 (3-5)"	">"	3	5	TRUE	NA	"Rule0"	NA	NA	NA	NA	NA	"bug01"	"bug01"	1	"bug01_L4_Rule0_nt_BCG_att123"
"BCG_CT_2015"	"bug01"	"nt_BCG_att123"	"22-B-006_2022-09-30_1_Second"	6	3	"> 1 (8-10)"	">"	8	10	TRUE	NA	"Rule0"	NA	NA	NA	NA	NA	"bug01"	"bug01"	0	"bug01_L3_Rule0_nt_BCG_att123"
"BCG_CT_2015"	"bug01"	"nt_BCG_att123"	"22-B-006_2022-09-30_1_Second"	6	4	"> 1 (3-5)"	">"	3	5	TRUE	NA	"Rule0"	NA	NA	NA	NA	NA	"bug01"	"bug01"	1	"bug01_L4_Rule0_nt_BCG_att123"
"BCG_CT_2015"	"bug01"	"nt_BCG_att123"	"22-B-007_2022-09-30_1_First"	30	3	"> 1 (8-10)"	">"	8	10	TRUE	NA	"Rule0"	NA	NA	NA	NA	NA	"bug01"	"bug01"	1	"bug01_L3_Rule0_nt_BCG_att123"
"BCG_CT_2015"	"bug01"	"nt_BCG_att123"	"22-B-007_2022-09-30_1_First"	30	4	"> 1 (3-5)"	">"	3	5	TRUE	NA	"Rule0"	NA	NA	NA	NA	NA	"bug01"	"bug01"	1	"bug01_L4_Rule0_nt_BCG_att123"
"BCG_CT_2015"	"bug01"	"nt_BCG_att123"	"22-B-008_2022-10-06_1_First"	20	3	"> 1 (8-10)"	">"	8	10	TRUE	NA	"Rule0"	NA	NA	NA	NA	NA	"bug01"	"bug01"	1	"bug01_L3_Rule0_nt_BCG_att123"
"BCG_CT_2015"	"bug01"	"nt_BCG_att123"	"22-B-008_2022-10-06_1_First"	20	4	"> 1 (3-5)"	">"	3	5	TRUE	NA	"Rule0"	NA	NA	NA	NA	NA	"bug01"	"bug01"	1	"bug01_L4_Rule0_nt_BCG_att123"
"BCG_CT_2015"	"bug01"	"nt_BCG_att123"	"22-B-009_2022-10-06_1_First"	22	3	"> 1 (8-10)"	">"	8	10	TRUE	NA	"Rule0"	NA	NA	NA	NA	NA	"bug01"	"bug01"	1	"bug01_L3_Rule0_nt_BCG_att123"
"BCG_CT_2015"	"bug01"	"nt_BCG_att123"	"22-B-009_2022-10-06_1_First"	22	4	"> 1 (3-5)"	">"	3	5	TRUE	NA	"Rule0"	NA	NA	NA	NA	NA	"bug01"	"bug01"	1	"bug01_L4_Rule0_nt_BCG_att123"
"BCG_CT_2015"	"bug01"	"nt_BCG_att123"	"22-B-009_2022-10-06_1_Second"	21	3	"> 1 (8-10)"	">"	8	10	TRUE	NA	"Rule0"	NA	NA	NA	NA	NA	"bug01"	"bug01"	1	"bug01_L3_Rule0_nt_BCG_att123"
"BCG_CT_2015"	"bug01"	"nt_BCG_att123"	"22-B-009_2022-10-06_1_Second"	21	4	"> 1 (3-5)"	">"	3	5	TRUE	NA	"Rule0"	NA	NA	NA	NA	NA	"bug01"	"bug01"	1	"bug01_L4_Rule0_nt_BCG_att123"
"BCG_CT_2015"	"bug01"	"nt_BCG_att123"	"21-B-006_2021-09-30_2_First"	12	3	"> 1 (8-10)"	">"	8	10	TRUE	NA	"Rule0"	NA	NA	NA	NA	NA	"bug01"	"bug01"	1	"bug01_L3_Rule0_nt_BCG_att123"
"BCG_CT_2015"	"bug01"	"nt_BCG_att123"	"21-B-006_2021-09-30_2_First"	12	4	"> 1 (3-5)"	">"	3	5	TRUE	NA	"Rule0"	NA	NA	NA	NA	NA	"bug01"	"bug01"	1	"bug01_L4_Rule0_nt_BCG_att123"
"BCG_CT_2015"	"bug01"	"nt_BCG_att123"	"21-B-004_2021-09-30_1_First"	22	3	"> 1 (8-10)"	">"	8	10	TRUE	NA	"Rule0"	NA	NA	NA	NA	NA	"bug01"	"bug01"	1	"bug01_L3_Rule0_nt_BCG_att123"
"BCG_CT_2015"	"bug01"	"nt_BCG_att123"	"21-B-004_2021-09-30_1_First"	22	4	"> 1 (3-5)"	">"	3	5	TRUE	NA	"Rule0"	NA	NA	NA	NA	NA	"bug01"	"bug01"	1	"bug01_L4_Rule0_nt_BCG_att123"
"BCG_CT_2015"	"bug01"	"nt_BCG_att123"	"21-B-005_2021-09-30_1_First"	9	3	"> 1 (8-10)"	">"	8	10	TRUE	NA	"Rule0"	NA	NA	NA	NA	NA	"bug01"	"bug01"	0.5	"bug01_L3_Rule0_nt_BCG_att123"
"BCG_CT_2015"	"bug01"	"nt_BCG_att123"	"21-B-005_2021-09-30_1_First"	9	4	"> 1 (3-5)"	">"	3	5	TRUE	NA	"Rule0"	NA	NA	NA	NA	NA	"bug01"	"bug01"	1	"bug01_L4_Rule0_nt_BCG_att123"
"BCG_CT_2015"	"bug01"	"nt_total"	"22-B-009_2022-10-06_1_Second"	44	2	"> 27 (25-30)"	">"	25	30	TRUE	NA	"Rule0"	NA	NA	NA	NA	NA	"bug01"	"bug01"	1	"bug01_L2_Rule0_nt_total"
"BCG_CT_2015"	"bug01"	"nt_total"	"22-B-009_2022-10-06_1_Second"	44	2	"> 27.5 (25-30)"	">"	25	30	TRUE	NA	"Rule1"	NA	NA	NA	NA	NA	"bug01"	"bug01"	1	"bug01_L2_Rule1_nt_total"
"BCG_CT_2015"	"bug01"	"nt_total"	"22-B-009_2022-10-06_1_Second"	44	5	"> 10 (8-12)"	">"	8	12	TRUE	NA	"Rule0"	NA	NA	NA	NA	NA	"bug01"	"bug01"	1	"bug01_L5_Rule0_nt_total"
"BCG_CT_2015"	"bug01"	"nt_total"	"22-B-009_2022-10-06_1_Second"	44	4	"> 19(17-21)"	">"	17	21	TRUE	NA	"Rule0"	NA	NA	NA	NA	NA	"bug01"	"bug01"	1	"bug01_L4_Rule0_nt_total"
"BCG_CT_2015"	"bug01"	"nt_total"	"22-B-009_2022-10-06_1_Second"	44	3	"> 17(19-23)"	">"	19	23	TRUE	NA	"Rule0"	NA	NA	NA	NA	NA	"bug01"	"bug01"	1	"bug01_L3_Rule0_nt_total"
"BCG_CT_2015"	"bug01"	"nt_total"	"22-B-014_2022-10-11_1_First"	37	2	"> 27 (25-30)"	">"	25	30	TRUE	NA	"Rule0"	NA	NA	NA	NA	NA	"bug01"	"bug01"	1	"bug01_L2_Rule0_nt_total"
"BCG_CT_2015"	"bug01"	"nt_total"	"22-B-014_2022-10-11_1_First"	37	2	"> 27.5 (25-30)"	">"	25	30	TRUE	NA	"Rule1"	NA	NA	NA	NA	NA	"bug01"	"bug01"	1	"bug01_L2_Rule1_nt_total"
"BCG_CT_2015"	"bug01"	"nt_total"	"22-B-014_2022-10-11_1_First"	37	5	"> 10 (8-12)"	">"	8	12	TRUE	NA	"Rule0"	NA	NA	NA	NA	NA	"bug01"	"bug01"	1	"bug01_L5_Rule0_nt_total"
"BCG_CT_2015"	"bug01"	"nt_total"	"22-B-014_2022-10-11_1_First"	37	4	"> 19(17-21)"	">"	17	21	TRUE	NA	"Rule0"	NA	NA	NA	NA	NA	"bug01"	"bug01"	1	"bug01_L4_Rule0_nt_total"
"BCG_CT_2015"	"bug01"	"nt_total"	"22-B-014_2022-10-11_1_First"	37	3	"> 17(19-23)"	">"	19	23	TRUE	NA	"Rule0"	NA	NA	NA	NA	NA	"bug01"	"bug01"	1	"bug01_L3_Rule0_nt_total"
"BCG_CT_2015"	"bug01"	"nt_total"	"22-B-015_2022-10-11_1_First"	19	2	"> 27 (25-30)"	">"	25	30	TRUE	NA	"Rule0"	NA	NA	NA	NA	NA	"bug01"	"bug01"	0	"bug01_L2_Rule0_nt_total"
"BCG_CT_2015"	"bug01"	"nt_total"	"22-B-015_2022-10-11_1_First"	19	2	"> 27.5 (25-30)"	">"	25	30	TRUE	NA	"Rule1"	NA	NA	NA	NA	NA	"bug01"	"bug01"	0	"bug01_L2_Rule1_nt_total"
"BCG_CT_2015"	"bug01"	"nt_total"	"22-B-015_2022-10-11_1_First"	19	5	"> 10 (8-12)"	">"	8	12	TRUE	NA	"Rule0"	NA	NA	NA	NA	NA	"bug01"	"bug01"	1	"bug01_L5_Rule0_nt_total"
"BCG_CT_2015"	"bug01"	"nt_total"	"22-B-015_2022-10-11_1_First"	19	4	"> 19(17-21)"	">"	17	21	TRUE	NA	"Rule0"	NA	NA	NA	NA	NA	"bug01"	"bug01"	0.5	"bug01_L4_Rule0_nt_total"
"BCG_CT_2015"	"bug01"	"nt_total"	"22-B-015_2022-10-11_1_First"	19	3	"> 17(19-23)"	">"	19	23	TRUE	NA	"Rule0"	NA	NA	NA	NA	NA	"bug01"	"bug01"	0	"bug01_L3_Rule0_nt_total"
"BCG_CT_2015"	"bug01"	"nt_total"	"22-B-016_2022-10-11_1_First"	39	2	"> 27 (25-30)"	">"	25	30	TRUE	NA	"Rule0"	NA	NA	NA	NA	NA	"bug01"	"bug01"	1	"bug01_L2_Rule0_nt_total"
"BCG_CT_2015"	"bug01"	"nt_total"	"22-B-016_2022-10-11_1_First"	39	2	"> 27.5 (25-30)"	">"	25	30	TRUE	NA	"Rule1"	NA	NA	NA	NA	NA	"bug01"	"bug01"	1	"bug01_L2_Rule1_nt_total"
"BCG_CT_2015"	"bug01"	"nt_total"	"22-B-016_2022-10-11_1_First"	39	5	"> 10 (8-12)"	">"	8	12	TRUE	NA	"Rule0"	NA	NA	NA	NA	NA	"bug01"	"bug01"	1	"bug01_L5_Rule0_nt_total"
"BCG_CT_2015"	"bug01"	"nt_total"	"22-B-016_2022-10-11_1_First"	39	4	"> 19(17-21)"	">"	17	21	TRUE	NA	"Rule0"	NA	NA	NA	NA	NA	"bug01"	"bug01"	1	"bug01_L4_Rule0_nt_total"
"BCG_CT_2015"	"bug01"	"nt_total"	"22-B-016_2022-10-11_1_First"	39	3	"> 17(19-23)"	">"	19	23	TRUE	NA	"Rule0"	NA	NA	NA	NA	NA	"bug01"	"bug01"	1	"bug01_L3_Rule0_nt_total"
"BCG_CT_2015"	"bug01"	"nt_total"	"22-B-017_2022-10-11_2_First"	53	2	"> 27 (25-30)"	">"	25	30	TRUE	NA	"Rule0"	NA	NA	NA	NA	NA	"bug01"	"bug01"	1	"bug01_L2_Rule0_nt_total"
"BCG_CT_2015"	"bug01"	"nt_total"	"22-B-017_2022-10-11_2_First"	53	2	"> 27.5 (25-30)"	">"	25	30	TRUE	NA	"Rule1"	NA	NA	NA	NA	NA	"bug01"	"bug01"	1	"bug01_L2_Rule1_nt_total"
"BCG_CT_2015"	"bug01"	"nt_total"	"22-B-017_2022-10-11_2_First"	53	5	"> 10 (8-12)"	">"	8	12	TRUE	NA	"Rule0"	NA	NA	NA	NA	NA	"bug01"	"bug01"	1	"bug01_L5_Rule0_nt_total"
"BCG_CT_2015"	"bug01"	"nt_total"	"22-B-017_2022-10-11_2_First"	53	4	"> 19(17-21)"	">"	17	21	TRUE	NA	"Rule0"	NA	NA	NA	NA	NA	"bug01"	"bug01"	1	"bug01_L4_Rule0_nt_total"
"BCG_CT_2015"	"bug01"	"nt_total"	"22-B-017_2022-10-11_2_First"	53	3	"> 17(19-23)"	">"	19	23	TRUE	NA	"Rule0"	NA	NA	NA	NA	NA	"bug01"	"bug01"	1	"bug01_L3_Rule0_nt_total"
"BCG_CT_2015"	"bug01"	"nt_total"	"22-B-018_2022-10-12_1_First"	43	2	"> 27 (25-30)"	">"	25	30	TRUE	NA	"Rule0"	NA	NA	NA	NA	NA	"bug01"	"bug01"	1	"bug01_L2_Rule0_nt_total"
"BCG_CT_2015"	"bug01"	"nt_total"	"22-B-018_2022-10-12_1_First"	43	2	"> 27.5 (25-30)"	">"	25	30	TRUE	NA	"Rule1"	NA	NA	NA	NA	NA	"bug01"	"bug01"	1	"bug01_L2_Rule1_nt_total"
"BCG_CT_2015"	"bug01"	"nt_total"	"22-B-018_2022-10-12_1_First"	43	5	"> 10 (8-12)"	">"	8	12	TRUE	NA	"Rule0"	NA	NA	NA	NA	NA	"bug01"	"bug01"	1	"bug01_L5_Rule0_nt_total"
"BCG_CT_2015"	"bug01"	"nt_total"	"22-B-018_2022-10-12_1_First"	43	4	"> 19(17-21)"	">"	17	21	TRUE	NA	"Rule0"	NA	NA	NA	NA	NA	"bug01"	"bug01"	1	"bug01_L4_Rule0_nt_total"
"BCG_CT_2015"	"bug01"	"nt_total"	"22-B-018_2022-10-12_1_First"	43	3	"> 17(19-23)"	">"	19	23	TRUE	NA	"Rule0"	NA	NA	NA	NA	NA	"bug01"	"bug01"	1	"bug01_L3_Rule0_nt_total"
"BCG_CT_2015"	"bug01"	"nt_total"	"22-B-019_2022-10-12_1_First"	38	2	"> 27 (25-30)"	">"	25	30	TRUE	NA	"Rule0"	NA	NA	NA	NA	NA	"bug01"	"bug01"	1	"bug01_L2_Rule0_nt_total"
"BCG_CT_2015"	"bug01"	"nt_total"	"22-B-019_2022-10-12_1_First"	38	2	"> 27.5 (25-30)"	">"	25	30	TRUE	NA	"Rule1"	NA	NA	NA	NA	NA	"bug01"	"bug01"	1	"bug01_L2_Rule1_nt_total"
"BCG_CT_2015"	"bug01"	"nt_total"	"22-B-019_2022-10-12_1_First"	38	5	"> 10 (8-12)"	">"	8	12	TRUE	NA	"Rule0"	NA	NA	NA	NA	NA	"bug01"	"bug01"	1	"bug01_L5_Rule0_nt_total"
"BCG_CT_2015"	"bug01"	"nt_total"	"22-B-019_2022-10-12_1_First"	38	4	"> 19(17-21)"	">"	17	21	TRUE	NA	"Rule0"	NA	NA	NA	NA	NA	"bug01"	"bug01"	1	"bug01_L4_Rule0_nt_total"
"BCG_CT_2015"	"bug01"	"nt_total"	"22-B-019_2022-10-12_1_First"	38	3	"> 17(19-23)"	">"	19	23	TRUE	NA	"Rule0"	NA	NA	NA	NA	NA	"bug01"	"bug01"	1	"bug01_L3_Rule0_nt_total"
"BCG_CT_2015"	"bug01"	"nt_total"	"22-B-020_2022-10-12_1_First"	43	2	"> 27 (25-30)"	">"	25	30	TRUE	NA	"Rule0"	NA	NA	NA	NA	NA	"bug01"	"bug01"	1	"bug01_L2_Rule0_nt_total"
"BCG_CT_2015"	"bug01"	"nt_total"	"22-B-020_2022-10-12_1_First"	43	2	"> 27.5 (25-30)"	">"	25	30	TRUE	NA	"Rule1"	NA	NA	NA	NA	NA	"bug01"	"bug01"	1	"bug01_L2_Rule1_nt_total"
"BCG_CT_2015"	"bug01"	"nt_total"	"22-B-020_2022-10-12_1_First"	43	5	"> 10 (8-12)"	">"	8	12	TRUE	NA	"Rule0"	NA	NA	NA	NA	NA	"bug01"	"bug01"	1	"bug01_L5_Rule0_nt_total"
"BCG_CT_2015"	"bug01"	"nt_total"	"22-B-020_2022-10-12_1_First"	43	4	"> 19(17-21)"	">"	17	21	TRUE	NA	"Rule0"	NA	NA	NA	NA	NA	"bug01"	"bug01"	1	"bug01_L4_Rule0_nt_total"
"BCG_CT_2015"	"bug01"	"nt_total"	"22-B-020_2022-10-12_1_First"	43	3	"> 17(19-23)"	">"	19	23	TRUE	NA	"Rule0"	NA	NA	NA	NA	NA	"bug01"	"bug01"	1	"bug01_L3_Rule0_nt_total"
"BCG_CT_2015"	"bug01"	"nt_total"	"22-B-021_2022-10-13_1_First"	33	2	"> 27 (25-30)"	">"	25	30	TRUE	NA	"Rule0"	NA	NA	NA	NA	NA	"bug01"	"bug01"	1	"bug01_L2_Rule0_nt_total"
"BCG_CT_2015"	"bug01"	"nt_total"	"22-B-021_2022-10-13_1_First"	33	2	"> 27.5 (25-30)"	">"	25	30	TRUE	NA	"Rule1"	NA	NA	NA	NA	NA	"bug01"	"bug01"	1	"bug01_L2_Rule1_nt_total"
"BCG_CT_2015"	"bug01"	"nt_total"	"22-B-021_2022-10-13_1_First"	33	5	"> 10 (8-12)"	">"	8	12	TRUE	NA	"Rule0"	NA	NA	NA	NA	NA	"bug01"	"bug01"	1	"bug01_L5_Rule0_nt_total"
"BCG_CT_2015"	"bug01"	"nt_total"	"22-B-021_2022-10-13_1_First"	33	4	"> 19(17-21)"	">"	17	21	TRUE	NA	"Rule0"	NA	NA	NA	NA	NA	"bug01"	"bug01"	1	"bug01_L4_Rule0_nt_total"
"BCG_CT_2015"	"bug01"	"nt_total"	"22-B-021_2022-10-13_1_First"	33	3	"> 17(19-23)"	">"	19	23	TRUE	NA	"Rule0"	NA	NA	NA	NA	NA	"bug01"	"bug01"	1	"bug01_L3_Rule0_nt_total"
"BCG_CT_2015"	"bug01"	"nt_total"	"22-B-022_2022-10-13_1_Second"	34	2	"> 27 (25-30)"	">"	25	30	TRUE	NA	"Rule0"	NA	NA	NA	NA	NA	"bug01"	"bug01"	1	"bug01_L2_Rule0_nt_total"
"BCG_CT_2015"	"bug01"	"nt_total"	"22-B-022_2022-10-13_1_Second"	34	2	"> 27.5 (25-30)"	">"	25	30	TRUE	NA	"Rule1"	NA	NA	NA	NA	NA	"bug01"	"bug01"	1	"bug01_L2_Rule1_nt_total"
"BCG_CT_2015"	"bug01"	"nt_total"	"22-B-022_2022-10-13_1_Second"	34	5	"> 10 (8-12)"	">"	8	12	TRUE	NA	"Rule0"	NA	NA	NA	NA	NA	"bug01"	"bug01"	1	"bug01_L5_Rule0_nt_total"
"BCG_CT_2015"	"bug01"	"nt_total"	"22-B-022_2022-10-13_1_Second"	34	4	"> 19(17-21)"	">"	17	21	TRUE	NA	"Rule0"	NA	NA	NA	NA	NA	"bug01"	"bug01"	1	"bug01_L4_Rule0_nt_total"
"BCG_CT_2015"	"bug01"	"nt_total"	"22-B-022_2022-10-13_1_Second"	34	3	"> 17(19-23)"	">"	19	23	TRUE	NA	"Rule0"	NA	NA	NA	NA	NA	"bug01"	"bug01"	1	"bug01_L3_Rule0_nt_total"
"BCG_CT_2015"	"bug01"	"nt_total"	"22-B-022_2022-10-13_2_First"	45	2	"> 27 (25-30)"	">"	25	30	TRUE	NA	"Rule0"	NA	NA	NA	NA	NA	"bug01"	"bug01"	1	"bug01_L2_Rule0_nt_total"
"BCG_CT_2015"	"bug01"	"nt_total"	"22-B-022_2022-10-13_2_First"	45	2	"> 27.5 (25-30)"	">"	25	30	TRUE	NA	"Rule1"	NA	NA	NA	NA	NA	"bug01"	"bug01"	1	"bug01_L2_Rule1_nt_total"
"BCG_CT_2015"	"bug01"	"nt_total"	"22-B-022_2022-10-13_2_First"	45	5	"> 10 (8-12)"	">"	8	12	TRUE	NA	"Rule0"	NA	NA	NA	NA	NA	"bug01"	"bug01"	1	"bug01_L5_Rule0_nt_total"
"BCG_CT_2015"	"bug01"	"nt_total"	"22-B-022_2022-10-13_2_First"	45	4	"> 19(17-21)"	">"	17	21	TRUE	NA	"Rule0"	NA	NA	NA	NA	NA	"bug01"	"bug01"	1	"bug01_L4_Rule0_nt_total"
"BCG_CT_2015"	"bug01"	"nt_total"	"22-B-022_2022-10-13_2_First"	45	3	"> 17(19-23)"	">"	19	23	TRUE	NA	"Rule0"	NA	NA	NA	NA	NA	"bug01"	"bug01"	1	"bug01_L3_Rule0_nt_total"
"BCG_CT_2015"	"bug01"	"nt_total"	"22-B-023_2022-10-13_1_First"	35	2	"> 27 (25-30)"	">"	25	30	TRUE	NA	"Rule0"	NA	NA	NA	NA	NA	"bug01"	"bug01"	1	"bug01_L2_Rule0_nt_total"
"BCG_CT_2015"	"bug01"	"nt_total"	"22-B-023_2022-10-13_1_First"	35	2	"> 27.5 (25-30)"	">"	25	30	TRUE	NA	"Rule1"	NA	NA	NA	NA	NA	"bug01"	"bug01"	1	"bug01_L2_Rule1_nt_total"
"BCG_CT_2015"	"bug01"	"nt_total"	"22-B-023_2022-10-13_1_First"	35	5	"> 10 (8-12)"	">"	8	12	TRUE	NA	"Rule0"	NA	NA	NA	NA	NA	"bug01"	"bug01"	1	"bug01_L5_Rule0_nt_total"
"BCG_CT_2015"	"bug01"	"nt_total"	"22-B-023_2022-10-13_1_First"	35	4	"> 19(17-21)"	">"	17	21	TRUE	NA	"Rule0"	NA	NA	NA	NA	NA	"bug01"	"bug01"	1	"bug01_L4_Rule0_nt_total"
"BCG_CT_2015"	"bug01"	"nt_total"	"22-B-023_2022-10-13_1_First"	35	3	"> 17(19-23)"	">"	19	23	TRUE	NA	"Rule0"	NA	NA	NA	NA	NA	"bug01"	"bug01"	1	"bug01_L3_Rule0_nt_total"
"BCG_CT_2015"	"bug01"	"nt_total"	"22-B-024_2022-10-13_2_First"	28	2	"> 27 (25-30)"	">"	25	30	TRUE	NA	"Rule0"	NA	NA	NA	NA	NA	"bug01"	"bug01"	0.6	"bug01_L2_Rule0_nt_total"
"BCG_CT_2015"	"bug01"	"nt_total"	"22-B-024_2022-10-13_2_First"	28	2	"> 27.5 (25-30)"	">"	25	30	TRUE	NA	"Rule1"	NA	NA	NA	NA	NA	"bug01"	"bug01"	0.6	"bug01_L2_Rule1_nt_total"
"BCG_CT_2015"	"bug01"	"nt_total"	"22-B-024_2022-10-13_2_First"	28	5	"> 10 (8-12)"	">"	8	12	TRUE	NA	"Rule0"	NA	NA	NA	NA	NA	"bug01"	"bug01"	1	"bug01_L5_Rule0_nt_total"
"BCG_CT_2015"	"bug01"	"nt_total"	"22-B-024_2022-10-13_2_First"	28	4	"> 19(17-21)"	">"	17	21	TRUE	NA	"Rule0"	NA	NA	NA	NA	NA	"bug01"	"bug01"	1	"bug01_L4_Rule0_nt_total"
"BCG_CT_2015"	"bug01"	"nt_total"	"22-B-024_2022-10-13_2_First"	28	3	"> 17(19-23)"	">"	19	23	TRUE	NA	"Rule0"	NA	NA	NA	NA	NA	"bug01"	"bug01"	1	"bug01_L3_Rule0_nt_total"
"BCG_CT_2015"	"bug01"	"nt_total"	"22-B-025_2022-10-13_1_First"	53	2	"> 27 (25-30)"	">"	25	30	TRUE	NA	"Rule0"	NA	NA	NA	NA	NA	"bug01"	"bug01"	1	"bug01_L2_Rule0_nt_total"
"BCG_CT_2015"	"bug01"	"nt_total"	"22-B-025_2022-10-13_1_First"	53	2	"> 27.5 (25-30)"	">"	25	30	TRUE	NA	"Rule1"	NA	NA	NA	NA	NA	"bug01"	"bug01"	1	"bug01_L2_Rule1_nt_total"
"BCG_CT_2015"	"bug01"	"nt_total"	"22-B-025_2022-10-13_1_First"	53	5	"> 10 (8-12)"	">"	8	12	TRUE	NA	"Rule0"	NA	NA	NA	NA	NA	"bug01"	"bug01"	1	"bug01_L5_Rule0_nt_total"
"BCG_CT_2015"	"bug01"	"nt_total"	"22-B-025_2022-10-13_1_First"	53	4	"> 19(17-21)"	">"	17	21	TRUE	NA	"Rule0"	NA	NA	NA	NA	NA	"bug01"	"bug01"	1	"bug01_L4_Rule0_nt_total"
"BCG_CT_2015"	"bug01"	"nt_total"	"22-B-025_2022-10-13_1_First"	53	3	"> 17(19-23)"	">"	19	23	TRUE	NA	"Rule0"	NA	NA	NA	NA	NA	"bug01"	"bug01"	1	"bug01_L3_Rule0_nt_total"
"BCG_CT_2015"	"bug01"	"nt_total"	"22-B-026_2022-10-13_1_First"	52	2	"> 27 (25-30)"	">"	25	30	TRUE	NA	"Rule0"	NA	NA	NA	NA	NA	"bug01"	"bug01"	1	"bug01_L2_Rule0_nt_total"
"BCG_CT_2015"	"bug01"	"nt_total"	"22-B-026_2022-10-13_1_First"	52	2	"> 27.5 (25-30)"	">"	25	30	TRUE	NA	"Rule1"	NA	NA	NA	NA	NA	"bug01"	"bug01"	1	"bug01_L2_Rule1_nt_total"
"BCG_CT_2015"	"bug01"	"nt_total"	"22-B-026_2022-10-13_1_First"	52	5	"> 10 (8-12)"	">"	8	12	TRUE	NA	"Rule0"	NA	NA	NA	NA	NA	"bug01"	"bug01"	1	"bug01_L5_Rule0_nt_total"
"BCG_CT_2015"	"bug01"	"nt_total"	"22-B-026_2022-10-13_1_First"	52	4	"> 19(17-21)"	">"	17	21	TRUE	NA	"Rule0"	NA	NA	NA	NA	NA	"bug01"	"bug01"	1	"bug01_L4_Rule0_nt_total"
"BCG_CT_2015"	"bug01"	"nt_total"	"22-B-026_2022-10-13_1_First"	52	3	"> 17(19-23)"	">"	19	23	TRUE	NA	"Rule0"	NA	NA	NA	NA	NA	"bug01"	"bug01"	1	"bug01_L3_Rule0_nt_total"
"BCG_CT_2015"	"bug01"	"nt_total"	"22-B-027_2022-10-13_1_First"	62	2	"> 27 (25-30)"	">"	25	30	TRUE	NA	"Rule0"	NA	NA	NA	NA	NA	"bug01"	"bug01"	1	"bug01_L2_Rule0_nt_total"
"BCG_CT_2015"	"bug01"	"nt_total"	"22-B-027_2022-10-13_1_First"	62	2	"> 27.5 (25-30)"	">"	25	30	TRUE	NA	"Rule1"	NA	NA	NA	NA	NA	"bug01"	"bug01"	1	"bug01_L2_Rule1_nt_total"
"BCG_CT_2015"	"bug01"	"nt_total"	"22-B-027_2022-10-13_1_First"	62	5	"> 10 (8-12)"	">"	8	12	TRUE	NA	"Rule0"	NA	NA	NA	NA	NA	"bug01"	"bug01"	1	"bug01_L5_Rule0_nt_total"
"BCG_CT_2015"	"bug01"	"nt_total"	"22-B-027_2022-10-13_1_First"	62	4	"> 19(17-21)"	">"	17	21	TRUE	NA	"Rule0"	NA	NA	NA	NA	NA	"bug01"	"bug01"	1	"bug01_L4_Rule0_nt_total"
"BCG_CT_2015"	"bug01"	"nt_total"	"22-B-027_2022-10-13_1_First"	62	3	"> 17(19-23)"	">"	19	23	TRUE	NA	"Rule0"	NA	NA	NA	NA	NA	"bug01"	"bug01"	1	"bug01_L3_Rule0_nt_total"
"BCG_CT_2015"	"bug01"	"nt_total"	"22-B-028_2022-10-14_1_First"	42	2	"> 27 (25-30)"	">"	25	30	TRUE	NA	"Rule0"	NA	NA	NA	NA	NA	"bug01"	"bug01"	1	"bug01_L2_Rule0_nt_total"
"BCG_CT_2015"	"bug01"	"nt_total"	"22-B-028_2022-10-14_1_First"	42	2	"> 27.5 (25-30)"	">"	25	30	TRUE	NA	"Rule1"	NA	NA	NA	NA	NA	"bug01"	"bug01"	1	"bug01_L2_Rule1_nt_total"
"BCG_CT_2015"	"bug01"	"nt_total"	"22-B-028_2022-10-14_1_First"	42	5	"> 10 (8-12)"	">"	8	12	TRUE	NA	"Rule0"	NA	NA	NA	NA	NA	"bug01"	"bug01"	1	"bug01_L5_Rule0_nt_total"
"BCG_CT_2015"	"bug01"	"nt_total"	"22-B-028_2022-10-14_1_First"	42	4	"> 19(17-21)"	">"	17	21	TRUE	NA	"Rule0"	NA	NA	NA	NA	NA	"bug01"	"bug01"	1	"bug01_L4_Rule0_nt_total"
"BCG_CT_2015"	"bug01"	"nt_total"	"22-B-028_2022-10-14_1_First"	42	3	"> 17(19-23)"	">"	19	23	TRUE	NA	"Rule0"	NA	NA	NA	NA	NA	"bug01"	"bug01"	1	"bug01_L3_Rule0_nt_total"
"BCG_CT_2015"	"bug01"	"nt_total"	"22-B-028_2022-10-14_1_Second"	41	2	"> 27 (25-30)"	">"	25	30	TRUE	NA	"Rule0"	NA	NA	NA	NA	NA	"bug01"	"bug01"	1	"bug01_L2_Rule0_nt_total"
"BCG_CT_2015"	"bug01"	"nt_total"	"22-B-028_2022-10-14_1_Second"	41	2	"> 27.5 (25-30)"	">"	25	30	TRUE	NA	"Rule1"	NA	NA	NA	NA	NA	"bug01"	"bug01"	1	"bug01_L2_Rule1_nt_total"
"BCG_CT_2015"	"bug01"	"nt_total"	"22-B-028_2022-10-14_1_Second"	41	5	"> 10 (8-12)"	">"	8	12	TRUE	NA	"Rule0"	NA	NA	NA	NA	NA	"bug01"	"bug01"	1	"bug01_L5_Rule0_nt_total"
"BCG_CT_2015"	"bug01"	"nt_total"	"22-B-028_2022-10-14_1_Second"	41	4	"> 19(17-21)"	">"	17	21	TRUE	NA	"Rule0"	NA	NA	NA	NA	NA	"bug01"	"bug01"	1	"bug01_L4_Rule0_nt_total"
"BCG_CT_2015"	"bug01"	"nt_total"	"22-B-028_2022-10-14_1_Second"	41	3	"> 17(19-23)"	">"	19	23	TRUE	NA	"Rule0"	NA	NA	NA	NA	NA	"bug01"	"bug01"	1	"bug01_L3_Rule0_nt_total"
"BCG_CT_2015"	"bug01"	"nt_total"	"22-B-029_2022-10-14_2_First"	48	2	"> 27 (25-30)"	">"	25	30	TRUE	NA	"Rule0"	NA	NA	NA	NA	NA	"bug01"	"bug01"	1	"bug01_L2_Rule0_nt_total"
"BCG_CT_2015"	"bug01"	"nt_total"	"22-B-029_2022-10-14_2_First"	48	2	"> 27.5 (25-30)"	">"	25	30	TRUE	NA	"Rule1"	NA	NA	NA	NA	NA	"bug01"	"bug01"	1	"bug01_L2_Rule1_nt_total"
"BCG_CT_2015"	"bug01"	"nt_total"	"22-B-029_2022-10-14_2_First"	48	5	"> 10 (8-12)"	">"	8	12	TRUE	NA	"Rule0"	NA	NA	NA	NA	NA	"bug01"	"bug01"	1	"bug01_L5_Rule0_nt_total"
"BCG_CT_2015"	"bug01"	"nt_total"	"22-B-029_2022-10-14_2_First"	48	4	"> 19(17-21)"	">"	17	21	TRUE	NA	"Rule0"	NA	NA	NA	NA	NA	"bug01"	"bug01"	1	"bug01_L4_Rule0_nt_total"
"BCG_CT_2015"	"bug01"	"nt_total"	"22-B-029_2022-10-14_2_First"	48	3	"> 17(19-23)"	">"	19	23	TRUE	NA	"Rule0"	NA	NA	NA	NA	NA	"bug01"	"bug01"	1	"bug01_L3_Rule0_nt_total"
"BCG_CT_2015"	"bug01"	"nt_total"	"22-B-030_2022-10-14_1_First"	38	2	"> 27 (25-30)"	">"	25	30	TRUE	NA	"Rule0"	NA	NA	NA	NA	NA	"bug01"	"bug01"	1	"bug01_L2_Rule0_nt_total"
"BCG_CT_2015"	"bug01"	"nt_total"	"22-B-030_2022-10-14_1_First"	38	2	"> 27.5 (25-30)"	">"	25	30	TRUE	NA	"Rule1"	NA	NA	NA	NA	NA	"bug01"	"bug01"	1	"bug01_L2_Rule1_nt_total"
"BCG_CT_2015"	"bug01"	"nt_total"	"22-B-030_2022-10-14_1_First"	38	5	"> 10 (8-12)"	">"	8	12	TRUE	NA	"Rule0"	NA	NA	NA	NA	NA	"bug01"	"bug01"	1	"bug01_L5_Rule0_nt_total"
"BCG_CT_2015"	"bug01"	"nt_total"	"22-B-030_2022-10-14_1_First"	38	4	"> 19(17-21)"	">"	17	21	TRUE	NA	"Rule0"	NA	NA	NA	NA	NA	"bug01"	"bug01"	1	"bug01_L4_Rule0_nt_total"
"BCG_CT_2015"	"bug01"	"nt_total"	"22-B-030_2022-10-14_1_First"	38	3	"> 17(19-23)"	">"	19	23	TRUE	NA	"Rule0"	NA	NA	NA	NA	NA	"bug01"	"bug01"	1	"bug01_L3_Rule0_nt_total"
"BCG_CT_2015"	"bug01"	"nt_total"	"22-B-031_2022-10-14_1_First"	34	2	"> 27 (25-30)"	">"	25	30	TRUE	NA	"Rule0"	NA	NA	NA	NA	NA	"bug01"	"bug01"	1	"bug01_L2_Rule0_nt_total"
"BCG_CT_2015"	"bug01"	"nt_total"	"22-B-031_2022-10-14_1_First"	34	2	"> 27.5 (25-30)"	">"	25	30	TRUE	NA	"Rule1"	NA	NA	NA	NA	NA	"bug01"	"bug01"	1	"bug01_L2_Rule1_nt_total"
"BCG_CT_2015"	"bug01"	"nt_total"	"22-B-031_2022-10-14_1_First"	34	5	"> 10 (8-12)"	">"	8	12	TRUE	NA	"Rule0"	NA	NA	NA	NA	NA	"bug01"	"bug01"	1	"bug01_L5_Rule0_nt_total"
"BCG_CT_2015"	"bug01"	"nt_total"	"22-B-031_2022-10-14_1_First"	34	4	"> 19(17-21)"	">"	17	21	TRUE	NA	"Rule0"	NA	NA	NA	NA	NA	"bug01"	"bug01"	1	"bug01_L4_Rule0_nt_total"
"BCG_CT_2015"	"bug01"	"nt_total"	"22-B-031_2022-10-14_1_First"	34	3	"> 17(19-23)"	">"	19	23	TRUE	NA	"Rule0"	NA	NA	NA	NA	NA	"bug01"	"bug01"	1	"bug01_L3_Rule0_nt_total"
"BCG_CT_2015"	"bug01"	"nt_total"	"22-B-032_2022-10-14_1_First"	34	2	"> 27 (25-30)"	">"	25	30	TRUE	NA	"Rule0"	NA	NA	NA	NA	NA	"bug01"	"bug01"	1	"bug01_L2_Rule0_nt_total"
"BCG_CT_2015"	"bug01"	"nt_total"	"22-B-032_2022-10-14_1_First"	34	2	"> 27.5 (25-30)"	">"	25	30	TRUE	NA	"Rule1"	NA	NA	NA	NA	NA	"bug01"	"bug01"	1	"bug01_L2_Rule1_nt_total"
"BCG_CT_2015"	"bug01"	"nt_total"	"22-B-032_2022-10-14_1_First"	34	5	"> 10 (8-12)"	">"	8	12	TRUE	NA	"Rule0"	NA	NA	NA	NA	NA	"bug01"	"bug01"	1	"bug01_L5_Rule0_nt_total"
"BCG_CT_2015"	"bug01"	"nt_total"	"22-B-032_2022-10-14_1_First"	34	4	"> 19(17-21)"	">"	17	21	TRUE	NA	"Rule0"	NA	NA	NA	NA	NA	"bug01"	"bug01"	1	"bug01_L4_Rule0_nt_total"
"BCG_CT_2015"	"bug01"	"nt_total"	"22-B-032_2022-10-14_1_First"	34	3	"> 17(19-23)"	">"	19	23	TRUE	NA	"Rule0"	NA	NA	NA	NA	NA	"bug01"	"bug01"	1	"bug01_L3_Rule0_nt_total"
"BCG_CT_2015"	"bug01"	"nt_total"	"22-B-033_2022-10-14_1_First"	43	2	"> 27 (25-30)"	">"	25	30	TRUE	NA	"Rule0"	NA	NA	NA	NA	NA	"bug01"	"bug01"	1	"bug01_L2_Rule0_nt_total"
"BCG_CT_2015"	"bug01"	"nt_total"	"22-B-033_2022-10-14_1_First"	43	2	"> 27.5 (25-30)"	">"	25	30	TRUE	NA	"Rule1"	NA	NA	NA	NA	NA	"bug01"	"bug01"	1	"bug01_L2_Rule1_nt_total"
"BCG_CT_2015"	"bug01"	"nt_total"	"22-B-033_2022-10-14_1_First"	43	5	"> 10 (8-12)"	">"	8	12	TRUE	NA	"Rule0"	NA	NA	NA	NA	NA	"bug01"	"bug01"	1	"bug01_L5_Rule0_nt_total"
"BCG_CT_2015"	"bug01"	"nt_total"	"22-B-033_2022-10-14_1_First"	43	4	"> 19(17-21)"	">"	17	21	TRUE	NA	"Rule0"	NA	NA	NA	NA	NA	"bug01"	"bug01"	1	"bug01_L4_Rule0_nt_total"
"BCG_CT_2015"	"bug01"	"nt_total"	"22-B-033_2022-10-14_1_First"	43	3	"> 17(19-23)"	">"	19	23	TRUE	NA	"Rule0"	NA	NA	NA	NA	NA	"bug01"	"bug01"	1	"bug01_L3_Rule0_nt_total"
"BCG_CT_2015"	"bug01"	"nt_total"	"22-B-034_2022-10-17_1_First"	47	2	"> 27 (25-30)"	">"	25	30	TRUE	NA	"Rule0"	NA	NA	NA	NA	NA	"bug01"	"bug01"	1	"bug01_L2_Rule0_nt_total"
"BCG_CT_2015"	"bug01"	"nt_total"	"22-B-034_2022-10-17_1_First"	47	2	"> 27.5 (25-30)"	">"	25	30	TRUE	NA	"Rule1"	NA	NA	NA	NA	NA	"bug01"	"bug01"	1	"bug01_L2_Rule1_nt_total"
"BCG_CT_2015"	"bug01"	"nt_total"	"22-B-034_2022-10-17_1_First"	47	5	"> 10 (8-12)"	">"	8	12	TRUE	NA	"Rule0"	NA	NA	NA	NA	NA	"bug01"	"bug01"	1	"bug01_L5_Rule0_nt_total"
"BCG_CT_2015"	"bug01"	"nt_total"	"22-B-034_2022-10-17_1_First"	47	4	"> 19(17-21)"	">"	17	21	TRUE	NA	"Rule0"	NA	NA	NA	NA	NA	"bug01"	"bug01"	1	"bug01_L4_Rule0_nt_total"
"BCG_CT_2015"	"bug01"	"nt_total"	"22-B-034_2022-10-17_1_First"	47	3	"> 17(19-23)"	">"	19	23	TRUE	NA	"Rule0"	NA	NA	NA	NA	NA	"bug01"	"bug01"	1	"bug01_L3_Rule0_nt_total"
"BCG_CT_2015"	"bug01"	"nt_total"	"22-B-035_2022-10-17_2_First"	51	2	"> 27 (25-30)"	">"	25	30	TRUE	NA	"Rule0"	NA	NA	NA	NA	NA	"bug01"	"bug01"	1	"bug01_L2_Rule0_nt_total"
"BCG_CT_2015"	"bug01"	"nt_total"	"22-B-035_2022-10-17_2_First"	51	2	"> 27.5 (25-30)"	">"	25	30	TRUE	NA	"Rule1"	NA	NA	NA	NA	NA	"bug01"	"bug01"	1	"bug01_L2_Rule1_nt_total"
"BCG_CT_2015"	"bug01"	"nt_total"	"22-B-035_2022-10-17_2_First"	51	5	"> 10 (8-12)"	">"	8	12	TRUE	NA	"Rule0"	NA	NA	NA	NA	NA	"bug01"	"bug01"	1	"bug01_L5_Rule0_nt_total"
"BCG_CT_2015"	"bug01"	"nt_total"	"22-B-035_2022-10-17_2_First"	51	4	"> 19(17-21)"	">"	17	21	TRUE	NA	"Rule0"	NA	NA	NA	NA	NA	"bug01"	"bug01"	1	"bug01_L4_Rule0_nt_total"
"BCG_CT_2015"	"bug01"	"nt_total"	"22-B-035_2022-10-17_2_First"	51	3	"> 17(19-23)"	">"	19	23	TRUE	NA	"Rule0"	NA	NA	NA	NA	NA	"bug01"	"bug01"	1	"bug01_L3_Rule0_nt_total"
"BCG_CT_2015"	"bug01"	"nt_total"	"22-B-036_2022-10-17_1_First"	41	2	"> 27 (25-30)"	">"	25	30	TRUE	NA	"Rule0"	NA	NA	NA	NA	NA	"bug01"	"bug01"	1	"bug01_L2_Rule0_nt_total"
"BCG_CT_2015"	"bug01"	"nt_total"	"22-B-036_2022-10-17_1_First"	41	2	"> 27.5 (25-30)"	">"	25	30	TRUE	NA	"Rule1"	NA	NA	NA	NA	NA	"bug01"	"bug01"	1	"bug01_L2_Rule1_nt_total"
"BCG_CT_2015"	"bug01"	"nt_total"	"22-B-036_2022-10-17_1_First"	41	5	"> 10 (8-12)"	">"	8	12	TRUE	NA	"Rule0"	NA	NA	NA	NA	NA	"bug01"	"bug01"	1	"bug01_L5_Rule0_nt_total"
"BCG_CT_2015"	"bug01"	"nt_total"	"22-B-036_2022-10-17_1_First"	41	4	"> 19(17-21)"	">"	17	21	TRUE	NA	"Rule0"	NA	NA	NA	NA	NA	"bug01"	"bug01"	1	"bug01_L4_Rule0_nt_total"
"BCG_CT_2015"	"bug01"	"nt_total"	"22-B-036_2022-10-17_1_First"	41	3	"> 17(19-23)"	">"	19	23	TRUE	NA	"Rule0"	NA	NA	NA	NA	NA	"bug01"	"bug01"	1	"bug01_L3_Rule0_nt_total"
"BCG_CT_2015"	"bug01"	"nt_total"	"22-B-037_2022-10-17_1_First"	35	2	"> 27 (25-30)"	">"	25	30	TRUE	NA	"Rule0"	NA	NA	NA	NA	NA	"bug01"	"bug01"	1	"bug01_L2_Rule0_nt_total"
"BCG_CT_2015"	"bug01"	"nt_total"	"22-B-037_2022-10-17_1_First"	35	2	"> 27.5 (25-30)"	">"	25	30	TRUE	NA	"Rule1"	NA	NA	NA	NA	NA	"bug01"	"bug01"	1	"bug01_L2_Rule1_nt_total"
"BCG_CT_2015"	"bug01"	"nt_total"	"22-B-037_2022-10-17_1_First"	35	5	"> 10 (8-12)"	">"	8	12	TRUE	NA	"Rule0"	NA	NA	NA	NA	NA	"bug01"	"bug01"	1	"bug01_L5_Rule0_nt_total"
"BCG_CT_2015"	"bug01"	"nt_total"	"22-B-037_2022-10-17_1_First"	35	4	"> 19(17-21)"	">"	17	21	TRUE	NA	"Rule0"	NA	NA	NA	NA	NA	"bug01"	"bug01"	1	"bug01_L4_Rule0_nt_total"
"BCG_CT_2015"	"bug01"	"nt_total"	"22-B-037_2022-10-17_1_First"	35	3	"> 17(19-23)"	">"	19	23	TRUE	NA	"Rule0"	NA	NA	NA	NA	NA	"bug01"	"bug01"	1	"bug01_L3_Rule0_nt_total"
"BCG_CT_2015"	"bug01"	"nt_total"	"22-B-037_2022-10-17_1_Second"	40	2	"> 27 (25-30)"	">"	25	30	TRUE	NA	"Rule0"	NA	NA	NA	NA	NA	"bug01"	"bug01"	1	"bug01_L2_Rule0_nt_total"
"BCG_CT_2015"	"bug01"	"nt_total"	"22-B-037_2022-10-17_1_Second"	40	2	"> 27.5 (25-30)"	">"	25	30	TRUE	NA	"Rule1"	NA	NA	NA	NA	NA	"bug01"	"bug01"	1	"bug01_L2_Rule1_nt_total"
"BCG_CT_2015"	"bug01"	"nt_total"	"22-B-037_2022-10-17_1_Second"	40	5	"> 10 (8-12)"	">"	8	12	TRUE	NA	"Rule0"	NA	NA	NA	NA	NA	"bug01"	"bug01"	1	"bug01_L5_Rule0_nt_total"
"BCG_CT_2015"	"bug01"	"nt_total"	"22-B-037_2022-10-17_1_Second"	40	4	"> 19(17-21)"	">"	17	21	TRUE	NA	"Rule0"	NA	NA	NA	NA	NA	"bug01"	"bug01"	1	"bug01_L4_Rule0_nt_total"
"BCG_CT_2015"	"bug01"	"nt_total"	"22-B-037_2022-10-17_1_Second"	40	3	"> 17(19-23)"	">"	19	23	TRUE	NA	"Rule0"	NA	NA	NA	NA	NA	"bug01"	"bug01"	1	"bug01_L3_Rule0_nt_total"
"BCG_CT_2015"	"bug01"	"nt_total"	"22-B-038_2022-10-17_1_First"	37	2	"> 27 (25-30)"	">"	25	30	TRUE	NA	"Rule0"	NA	NA	NA	NA	NA	"bug01"	"bug01"	1	"bug01_L2_Rule0_nt_total"
"BCG_CT_2015"	"bug01"	"nt_total"	"22-B-038_2022-10-17_1_First"	37	2	"> 27.5 (25-30)"	">"	25	30	TRUE	NA	"Rule1"	NA	NA	NA	NA	NA	"bug01"	"bug01"	1	"bug01_L2_Rule1_nt_total"
"BCG_CT_2015"	"bug01"	"nt_total"	"22-B-038_2022-10-17_1_First"	37	5	"> 10 (8-12)"	">"	8	12	TRUE	NA	"Rule0"	NA	NA	NA	NA	NA	"bug01"	"bug01"	1	"bug01_L5_Rule0_nt_total"
"BCG_CT_2015"	"bug01"	"nt_total"	"22-B-038_2022-10-17_1_First"	37	4	"> 19(17-21)"	">"	17	21	TRUE	NA	"Rule0"	NA	NA	NA	NA	NA	"bug01"	"bug01"	1	"bug01_L4_Rule0_nt_total"
"BCG_CT_2015"	"bug01"	"nt_total"	"22-B-038_2022-10-17_1_First"	37	3	"> 17(19-23)"	">"	19	23	TRUE	NA	"Rule0"	NA	NA	NA	NA	NA	"bug01"	"bug01"	1	"bug01_L3_Rule0_nt_total"
"BCG_CT_2015"	"bug01"	"nt_total"	"22-B-039_2022-10-18_1_First"	53	2	"> 27 (25-30)"	">"	25	30	TRUE	NA	"Rule0"	NA	NA	NA	NA	NA	"bug01"	"bug01"	1	"bug01_L2_Rule0_nt_total"
"BCG_CT_2015"	"bug01"	"nt_total"	"22-B-039_2022-10-18_1_First"	53	2	"> 27.5 (25-30)"	">"	25	30	TRUE	NA	"Rule1"	NA	NA	NA	NA	NA	"bug01"	"bug01"	1	"bug01_L2_Rule1_nt_total"
"BCG_CT_2015"	"bug01"	"nt_total"	"22-B-039_2022-10-18_1_First"	53	5	"> 10 (8-12)"	">"	8	12	TRUE	NA	"Rule0"	NA	NA	NA	NA	NA	"bug01"	"bug01"	1	"bug01_L5_Rule0_nt_total"
"BCG_CT_2015"	"bug01"	"nt_total"	"22-B-039_2022-10-18_1_First"	53	4	"> 19(17-21)"	">"	17	21	TRUE	NA	"Rule0"	NA	NA	NA	NA	NA	"bug01"	"bug01"	1	"bug01_L4_Rule0_nt_total"
"BCG_CT_2015"	"bug01"	"nt_total"	"22-B-039_2022-10-18_1_First"	53	3	"> 17(19-23)"	">"	19	23	TRUE	NA	"Rule0"	NA	NA	NA	NA	NA	"bug01"	"bug01"	1	"bug01_L3_Rule0_nt_total"
"BCG_CT_2015"	"bug01"	"nt_total"	"22-B-040_2022-10-18_1_First"	31	2	"> 27 (25-30)"	">"	25	30	TRUE	NA	"Rule0"	NA	NA	NA	NA	NA	"bug01"	"bug01"	1	"bug01_L2_Rule0_nt_total"
"BCG_CT_2015"	"bug01"	"nt_total"	"22-B-040_2022-10-18_1_First"	31	2	"> 27.5 (25-30)"	">"	25	30	TRUE	NA	"Rule1"	NA	NA	NA	NA	NA	"bug01"	"bug01"	1	"bug01_L2_Rule1_nt_total"
"BCG_CT_2015"	"bug01"	"nt_total"	"22-B-040_2022-10-18_1_First"	31	5	"> 10 (8-12)"	">"	8	12	TRUE	NA	"Rule0"	NA	NA	NA	NA	NA	"bug01"	"bug01"	1	"bug01_L5_Rule0_nt_total"
"BCG_CT_2015"	"bug01"	"nt_total"	"22-B-040_2022-10-18_1_First"	31	4	"> 19(17-21)"	">"	17	21	TRUE	NA	"Rule0"	NA	NA	NA	NA	NA	"bug01"	"bug01"	1	"bug01_L4_Rule0_nt_total"
"BCG_CT_2015"	"bug01"	"nt_total"	"22-B-040_2022-10-18_1_First"	31	3	"> 17(19-23)"	">"	19	23	TRUE	NA	"Rule0"	NA	NA	NA	NA	NA	"bug01"	"bug01"	1	"bug01_L3_Rule0_nt_total"
"BCG_CT_2015"	"bug01"	"nt_total"	"22-B-041_2022-10-18_1_First"	48	2	"> 27 (25-30)"	">"	25	30	TRUE	NA	"Rule0"	NA	NA	NA	NA	NA	"bug01"	"bug01"	1	"bug01_L2_Rule0_nt_total"
"BCG_CT_2015"	"bug01"	"nt_total"	"22-B-041_2022-10-18_1_First"	48	2	"> 27.5 (25-30)"	">"	25	30	TRUE	NA	"Rule1"	NA	NA	NA	NA	NA	"bug01"	"bug01"	1	"bug01_L2_Rule1_nt_total"
"BCG_CT_2015"	"bug01"	"nt_total"	"22-B-041_2022-10-18_1_First"	48	5	"> 10 (8-12)"	">"	8	12	TRUE	NA	"Rule0"	NA	NA	NA	NA	NA	"bug01"	"bug01"	1	"bug01_L5_Rule0_nt_total"
"BCG_CT_2015"	"bug01"	"nt_total"	"22-B-041_2022-10-18_1_First"	48	4	"> 19(17-21)"	">"	17	21	TRUE	NA	"Rule0"	NA	NA	NA	NA	NA	"bug01"	"bug01"	1	"bug01_L4_Rule0_nt_total"
"BCG_CT_2015"	"bug01"	"nt_total"	"22-B-041_2022-10-18_1_First"	48	3	"> 17(19-23)"	">"	19	23	TRUE	NA	"Rule0"	NA	NA	NA	NA	NA	"bug01"	"bug01"	1	"bug01_L3_Rule0_nt_total"
"BCG_CT_2015"	"bug01"	"nt_total"	"22-B-042_2022-10-19_1_First"	30	2	"> 27 (25-30)"	">"	25	30	TRUE	NA	"Rule0"	NA	NA	NA	NA	NA	"bug01"	"bug01"	1	"bug01_L2_Rule0_nt_total"
"BCG_CT_2015"	"bug01"	"nt_total"	"22-B-042_2022-10-19_1_First"	30	2	"> 27.5 (25-30)"	">"	25	30	TRUE	NA	"Rule1"	NA	NA	NA	NA	NA	"bug01"	"bug01"	1	"bug01_L2_Rule1_nt_total"
"BCG_CT_2015"	"bug01"	"nt_total"	"22-B-042_2022-10-19_1_First"	30	5	"> 10 (8-12)"	">"	8	12	TRUE	NA	"Rule0"	NA	NA	NA	NA	NA	"bug01"	"bug01"	1	"bug01_L5_Rule0_nt_total"
"BCG_CT_2015"	"bug01"	"nt_total"	"22-B-042_2022-10-19_1_First"	30	4	"> 19(17-21)"	">"	17	21	TRUE	NA	"Rule0"	NA	NA	NA	NA	NA	"bug01"	"bug01"	1	"bug01_L4_Rule0_nt_total"
"BCG_CT_2015"	"bug01"	"nt_total"	"22-B-042_2022-10-19_1_First"	30	3	"> 17(19-23)"	">"	19	23	TRUE	NA	"Rule0"	NA	NA	NA	NA	NA	"bug01"	"bug01"	1	"bug01_L3_Rule0_nt_total"
"BCG_CT_2015"	"bug01"	"nt_total"	"22-B-043_2022-10-19_1_First"	35	2	"> 27 (25-30)"	">"	25	30	TRUE	NA	"Rule0"	NA	NA	NA	NA	NA	"bug01"	"bug01"	1	"bug01_L2_Rule0_nt_total"
"BCG_CT_2015"	"bug01"	"nt_total"	"22-B-043_2022-10-19_1_First"	35	2	"> 27.5 (25-30)"	">"	25	30	TRUE	NA	"Rule1"	NA	NA	NA	NA	NA	"bug01"	"bug01"	1	"bug01_L2_Rule1_nt_total"
"BCG_CT_2015"	"bug01"	"nt_total"	"22-B-043_2022-10-19_1_First"	35	5	"> 10 (8-12)"	">"	8	12	TRUE	NA	"Rule0"	NA	NA	NA	NA	NA	"bug01"	"bug01"	1	"bug01_L5_Rule0_nt_total"
"BCG_CT_2015"	"bug01"	"nt_total"	"22-B-043_2022-10-19_1_First"	35	4	"> 19(17-21)"	">"	17	21	TRUE	NA	"Rule0"	NA	NA	NA	NA	NA	"bug01"	"bug01"	1	"bug01_L4_Rule0_nt_total"
"BCG_CT_2015"	"bug01"	"nt_total"	"22-B-043_2022-10-19_1_First"	35	3	"> 17(19-23)"	">"	19	23	TRUE	NA	"Rule0"	NA	NA	NA	NA	NA	"bug01"	"bug01"	1	"bug01_L3_Rule0_nt_total"
"BCG_CT_2015"	"bug01"	"nt_total"	"22-B-044_2022-10-19_1_First"	16	2	"> 27 (25-30)"	">"	25	30	TRUE	NA	"Rule0"	NA	NA	NA	NA	NA	"bug01"	"bug01"	0	"bug01_L2_Rule0_nt_total"
"BCG_CT_2015"	"bug01"	"nt_total"	"22-B-044_2022-10-19_1_First"	16	2	"> 27.5 (25-30)"	">"	25	30	TRUE	NA	"Rule1"	NA	NA	NA	NA	NA	"bug01"	"bug01"	0	"bug01_L2_Rule1_nt_total"
"BCG_CT_2015"	"bug01"	"nt_total"	"22-B-044_2022-10-19_1_First"	16	5	"> 10 (8-12)"	">"	8	12	TRUE	NA	"Rule0"	NA	NA	NA	NA	NA	"bug01"	"bug01"	1	"bug01_L5_Rule0_nt_total"
"BCG_CT_2015"	"bug01"	"nt_total"	"22-B-044_2022-10-19_1_First"	16	4	"> 19(17-21)"	">"	17	21	TRUE	NA	"Rule0"	NA	NA	NA	NA	NA	"bug01"	"bug01"	0	"bug01_L4_Rule0_nt_total"
"BCG_CT_2015"	"bug01"	"nt_total"	"22-B-044_2022-10-19_1_First"	16	3	"> 17(19-23)"	">"	19	23	TRUE	NA	"Rule0"	NA	NA	NA	NA	NA	"bug01"	"bug01"	0	"bug01_L3_Rule0_nt_total"
"BCG_CT_2015"	"bug01"	"nt_total"	"22-B-010_2022-10-06_1_First"	48	2	"> 27 (25-30)"	">"	25	30	TRUE	NA	"Rule0"	NA	NA	NA	NA	NA	"bug01"	"bug01"	1	"bug01_L2_Rule0_nt_total"
"BCG_CT_2015"	"bug01"	"nt_total"	"22-B-010_2022-10-06_1_First"	48	2	"> 27.5 (25-30)"	">"	25	30	TRUE	NA	"Rule1"	NA	NA	NA	NA	NA	"bug01"	"bug01"	1	"bug01_L2_Rule1_nt_total"
"BCG_CT_2015"	"bug01"	"nt_total"	"22-B-010_2022-10-06_1_First"	48	5	"> 10 (8-12)"	">"	8	12	TRUE	NA	"Rule0"	NA	NA	NA	NA	NA	"bug01"	"bug01"	1	"bug01_L5_Rule0_nt_total"
"BCG_CT_2015"	"bug01"	"nt_total"	"22-B-010_2022-10-06_1_First"	48	4	"> 19(17-21)"	">"	17	21	TRUE	NA	"Rule0"	NA	NA	NA	NA	NA	"bug01"	"bug01"	1	"bug01_L4_Rule0_nt_total"
"BCG_CT_2015"	"bug01"	"nt_total"	"22-B-010_2022-10-06_1_First"	48	3	"> 17(19-23)"	">"	19	23	TRUE	NA	"Rule0"	NA	NA	NA	NA	NA	"bug01"	"bug01"	1	"bug01_L3_Rule0_nt_total"
"BCG_CT_2015"	"bug01"	"nt_total"	"21-B-004_2021-09-30_1_First"	59	2	"> 27 (25-30)"	">"	25	30	TRUE	NA	"Rule0"	NA	NA	NA	NA	NA	"bug01"	"bug01"	1	"bug01_L2_Rule0_nt_total"
"BCG_CT_2015"	"bug01"	"nt_total"	"21-B-004_2021-09-30_1_First"	59	2	"> 27.5 (25-30)"	">"	25	30	TRUE	NA	"Rule1"	NA	NA	NA	NA	NA	"bug01"	"bug01"	1	"bug01_L2_Rule1_nt_total"
"BCG_CT_2015"	"bug01"	"nt_total"	"21-B-004_2021-09-30_1_First"	59	5	"> 10 (8-12)"	">"	8	12	TRUE	NA	"Rule0"	NA	NA	NA	NA	NA	"bug01"	"bug01"	1	"bug01_L5_Rule0_nt_total"
"BCG_CT_2015"	"bug01"	"nt_total"	"21-B-004_2021-09-30_1_First"	59	4	"> 19(17-21)"	">"	17	21	TRUE	NA	"Rule0"	NA	NA	NA	NA	NA	"bug01"	"bug01"	1	"bug01_L4_Rule0_nt_total"
"BCG_CT_2015"	"bug01"	"nt_total"	"21-B-004_2021-09-30_1_First"	59	3	"> 17(19-23)"	">"	19	23	TRUE	NA	"Rule0"	NA	NA	NA	NA	NA	"bug01"	"bug01"	1	"bug01_L3_Rule0_nt_total"
"BCG_CT_2015"	"bug01"	"nt_total"	"22-B-046_2022-10-19_1_First"	31	2	"> 27 (25-30)"	">"	25	30	TRUE	NA	"Rule0"	NA	NA	NA	NA	NA	"bug01"	"bug01"	1	"bug01_L2_Rule0_nt_total"
"BCG_CT_2015"	"bug01"	"nt_total"	"22-B-046_2022-10-19_1_First"	31	2	"> 27.5 (25-30)"	">"	25	30	TRUE	NA	"Rule1"	NA	NA	NA	NA	NA	"bug01"	"bug01"	1	"bug01_L2_Rule1_nt_total"
"BCG_CT_2015"	"bug01"	"nt_total"	"22-B-046_2022-10-19_1_First"	31	5	"> 10 (8-12)"	">"	8	12	TRUE	NA	"Rule0"	NA	NA	NA	NA	NA	"bug01"	"bug01"	1	"bug01_L5_Rule0_nt_total"
"BCG_CT_2015"	"bug01"	"nt_total"	"22-B-046_2022-10-19_1_First"	31	4	"> 19(17-21)"	">"	17	21	TRUE	NA	"Rule0"	NA	NA	NA	NA	NA	"bug01"	"bug01"	1	"bug01_L4_Rule0_nt_total"
"BCG_CT_2015"	"bug01"	"nt_total"	"22-B-046_2022-10-19_1_First"	31	3	"> 17(19-23)"	">"	19	23	TRUE	NA	"Rule0"	NA	NA	NA	NA	NA	"bug01"	"bug01"	1	"bug01_L3_Rule0_nt_total"
"BCG_CT_2015"	"bug01"	"nt_total"	"22-B-047_2022-10-21_1_First"	33	2	"> 27 (25-30)"	">"	25	30	TRUE	NA	"Rule0"	NA	NA	NA	NA	NA	"bug01"	"bug01"	1	"bug01_L2_Rule0_nt_total"
"BCG_CT_2015"	"bug01"	"nt_total"	"22-B-047_2022-10-21_1_First"	33	2	"> 27.5 (25-30)"	">"	25	30	TRUE	NA	"Rule1"	NA	NA	NA	NA	NA	"bug01"	"bug01"	1	"bug01_L2_Rule1_nt_total"
"BCG_CT_2015"	"bug01"	"nt_total"	"22-B-047_2022-10-21_1_First"	33	5	"> 10 (8-12)"	">"	8	12	TRUE	NA	"Rule0"	NA	NA	NA	NA	NA	"bug01"	"bug01"	1	"bug01_L5_Rule0_nt_total"
"BCG_CT_2015"	"bug01"	"nt_total"	"22-B-047_2022-10-21_1_First"	33	4	"> 19(17-21)"	">"	17	21	TRUE	NA	"Rule0"	NA	NA	NA	NA	NA	"bug01"	"bug01"	1	"bug01_L4_Rule0_nt_total"
"BCG_CT_2015"	"bug01"	"nt_total"	"22-B-047_2022-10-21_1_First"	33	3	"> 17(19-23)"	">"	19	23	TRUE	NA	"Rule0"	NA	NA	NA	NA	NA	"bug01"	"bug01"	1	"bug01_L3_Rule0_nt_total"
"BCG_CT_2015"	"bug01"	"nt_total"	"22-B-012_2022-10-07_1_First"	39	2	"> 27 (25-30)"	">"	25	30	TRUE	NA	"Rule0"	NA	NA	NA	NA	NA	"bug01"	"bug01"	1	"bug01_L2_Rule0_nt_total"
"BCG_CT_2015"	"bug01"	"nt_total"	"22-B-012_2022-10-07_1_First"	39	2	"> 27.5 (25-30)"	">"	25	30	TRUE	NA	"Rule1"	NA	NA	NA	NA	NA	"bug01"	"bug01"	1	"bug01_L2_Rule1_nt_total"
"BCG_CT_2015"	"bug01"	"nt_total"	"22-B-012_2022-10-07_1_First"	39	5	"> 10 (8-12)"	">"	8	12	TRUE	NA	"Rule0"	NA	NA	NA	NA	NA	"bug01"	"bug01"	1	"bug01_L5_Rule0_nt_total"
"BCG_CT_2015"	"bug01"	"nt_total"	"22-B-012_2022-10-07_1_First"	39	4	"> 19(17-21)"	">"	17	21	TRUE	NA	"Rule0"	NA	NA	NA	NA	NA	"bug01"	"bug01"	1	"bug01_L4_Rule0_nt_total"
"BCG_CT_2015"	"bug01"	"nt_total"	"22-B-012_2022-10-07_1_First"	39	3	"> 17(19-23)"	">"	19	23	TRUE	NA	"Rule0"	NA	NA	NA	NA	NA	"bug01"	"bug01"	1	"bug01_L3_Rule0_nt_total"
"BCG_CT_2015"	"bug01"	"nt_total"	"22-B-013_2022-10-07_1_First"	31	2	"> 27 (25-30)"	">"	25	30	TRUE	NA	"Rule0"	NA	NA	NA	NA	NA	"bug01"	"bug01"	1	"bug01_L2_Rule0_nt_total"
"BCG_CT_2015"	"bug01"	"nt_total"	"22-B-013_2022-10-07_1_First"	31	2	"> 27.5 (25-30)"	">"	25	30	TRUE	NA	"Rule1"	NA	NA	NA	NA	NA	"bug01"	"bug01"	1	"bug01_L2_Rule1_nt_total"
"BCG_CT_2015"	"bug01"	"nt_total"	"22-B-013_2022-10-07_1_First"	31	5	"> 10 (8-12)"	">"	8	12	TRUE	NA	"Rule0"	NA	NA	NA	NA	NA	"bug01"	"bug01"	1	"bug01_L5_Rule0_nt_total"
"BCG_CT_2015"	"bug01"	"nt_total"	"22-B-013_2022-10-07_1_First"	31	4	"> 19(17-21)"	">"	17	21	TRUE	NA	"Rule0"	NA	NA	NA	NA	NA	"bug01"	"bug01"	1	"bug01_L4_Rule0_nt_total"
"BCG_CT_2015"	"bug01"	"nt_total"	"22-B-013_2022-10-07_1_First"	31	3	"> 17(19-23)"	">"	19	23	TRUE	NA	"Rule0"	NA	NA	NA	NA	NA	"bug01"	"bug01"	1	"bug01_L3_Rule0_nt_total"
"BCG_CT_2015"	"bug01"	"nt_total"	"21-B-007_2021-09-30_1_Second"	52	2	"> 27 (25-30)"	">"	25	30	TRUE	NA	"Rule0"	NA	NA	NA	NA	NA	"bug01"	"bug01"	1	"bug01_L2_Rule0_nt_total"
"BCG_CT_2015"	"bug01"	"nt_total"	"21-B-007_2021-09-30_1_Second"	52	2	"> 27.5 (25-30)"	">"	25	30	TRUE	NA	"Rule1"	NA	NA	NA	NA	NA	"bug01"	"bug01"	1	"bug01_L2_Rule1_nt_total"
"BCG_CT_2015"	"bug01"	"nt_total"	"21-B-007_2021-09-30_1_Second"	52	5	"> 10 (8-12)"	">"	8	12	TRUE	NA	"Rule0"	NA	NA	NA	NA	NA	"bug01"	"bug01"	1	"bug01_L5_Rule0_nt_total"
"BCG_CT_2015"	"bug01"	"nt_total"	"21-B-007_2021-09-30_1_Second"	52	4	"> 19(17-21)"	">"	17	21	TRUE	NA	"Rule0"	NA	NA	NA	NA	NA	"bug01"	"bug01"	1	"bug01_L4_Rule0_nt_total"
"BCG_CT_2015"	"bug01"	"nt_total"	"21-B-007_2021-09-30_1_Second"	52	3	"> 17(19-23)"	">"	19	23	TRUE	NA	"Rule0"	NA	NA	NA	NA	NA	"bug01"	"bug01"	1	"bug01_L3_Rule0_nt_total"
"BCG_CT_2015"	"bug01"	"nt_total"	"21-B-008_2021-09-30_1_First"	59	2	"> 27 (25-30)"	">"	25	30	TRUE	NA	"Rule0"	NA	NA	NA	NA	NA	"bug01"	"bug01"	1	"bug01_L2_Rule0_nt_total"
"BCG_CT_2015"	"bug01"	"nt_total"	"21-B-008_2021-09-30_1_First"	59	2	"> 27.5 (25-30)"	">"	25	30	TRUE	NA	"Rule1"	NA	NA	NA	NA	NA	"bug01"	"bug01"	1	"bug01_L2_Rule1_nt_total"
"BCG_CT_2015"	"bug01"	"nt_total"	"21-B-008_2021-09-30_1_First"	59	5	"> 10 (8-12)"	">"	8	12	TRUE	NA	"Rule0"	NA	NA	NA	NA	NA	"bug01"	"bug01"	1	"bug01_L5_Rule0_nt_total"
"BCG_CT_2015"	"bug01"	"nt_total"	"21-B-008_2021-09-30_1_First"	59	4	"> 19(17-21)"	">"	17	21	TRUE	NA	"Rule0"	NA	NA	NA	NA	NA	"bug01"	"bug01"	1	"bug01_L4_Rule0_nt_total"
"BCG_CT_2015"	"bug01"	"nt_total"	"21-B-008_2021-09-30_1_First"	59	3	"> 17(19-23)"	">"	19	23	TRUE	NA	"Rule0"	NA	NA	NA	NA	NA	"bug01"	"bug01"	1	"bug01_L3_Rule0_nt_total"
"BCG_CT_2015"	"bug01"	"nt_total"	"21-B-009_2021-09-30_1_First"	47	2	"> 27 (25-30)"	">"	25	30	TRUE	NA	"Rule0"	NA	NA	NA	NA	NA	"bug01"	"bug01"	1	"bug01_L2_Rule0_nt_total"
"BCG_CT_2015"	"bug01"	"nt_total"	"21-B-009_2021-09-30_1_First"	47	2	"> 27.5 (25-30)"	">"	25	30	TRUE	NA	"Rule1"	NA	NA	NA	NA	NA	"bug01"	"bug01"	1	"bug01_L2_Rule1_nt_total"
"BCG_CT_2015"	"bug01"	"nt_total"	"21-B-009_2021-09-30_1_First"	47	5	"> 10 (8-12)"	">"	8	12	TRUE	NA	"Rule0"	NA	NA	NA	NA	NA	"bug01"	"bug01"	1	"bug01_L5_Rule0_nt_total"
"BCG_CT_2015"	"bug01"	"nt_total"	"21-B-009_2021-09-30_1_First"	47	4	"> 19(17-21)"	">"	17	21	TRUE	NA	"Rule0"	NA	NA	NA	NA	NA	"bug01"	"bug01"	1	"bug01_L4_Rule0_nt_total"
"BCG_CT_2015"	"bug01"	"nt_total"	"21-B-009_2021-09-30_1_First"	47	3	"> 17(19-23)"	">"	19	23	TRUE	NA	"Rule0"	NA	NA	NA	NA	NA	"bug01"	"bug01"	1	"bug01_L3_Rule0_nt_total"
"BCG_CT_2015"	"bug01"	"nt_total"	"21-B-013_2021-10-04_1_First"	58	2	"> 27 (25-30)"	">"	25	30	TRUE	NA	"Rule0"	NA	NA	NA	NA	NA	"bug01"	"bug01"	1	"bug01_L2_Rule0_nt_total"
"BCG_CT_2015"	"bug01"	"nt_total"	"21-B-013_2021-10-04_1_First"	58	2	"> 27.5 (25-30)"	">"	25	30	TRUE	NA	"Rule1"	NA	NA	NA	NA	NA	"bug01"	"bug01"	1	"bug01_L2_Rule1_nt_total"
"BCG_CT_2015"	"bug01"	"nt_total"	"21-B-013_2021-10-04_1_First"	58	5	"> 10 (8-12)"	">"	8	12	TRUE	NA	"Rule0"	NA	NA	NA	NA	NA	"bug01"	"bug01"	1	"bug01_L5_Rule0_nt_total"
"BCG_CT_2015"	"bug01"	"nt_total"	"21-B-013_2021-10-04_1_First"	58	4	"> 19(17-21)"	">"	17	21	TRUE	NA	"Rule0"	NA	NA	NA	NA	NA	"bug01"	"bug01"	1	"bug01_L4_Rule0_nt_total"
"BCG_CT_2015"	"bug01"	"nt_total"	"21-B-013_2021-10-04_1_First"	58	3	"> 17(19-23)"	">"	19	23	TRUE	NA	"Rule0"	NA	NA	NA	NA	NA	"bug01"	"bug01"	1	"bug01_L3_Rule0_nt_total"
"BCG_CT_2015"	"bug01"	"nt_total"	"21-B-014_2021-10-06_1_First"	53	2	"> 27 (25-30)"	">"	25	30	TRUE	NA	"Rule0"	NA	NA	NA	NA	NA	"bug01"	"bug01"	1	"bug01_L2_Rule0_nt_total"
"BCG_CT_2015"	"bug01"	"nt_total"	"21-B-014_2021-10-06_1_First"	53	2	"> 27.5 (25-30)"	">"	25	30	TRUE	NA	"Rule1"	NA	NA	NA	NA	NA	"bug01"	"bug01"	1	"bug01_L2_Rule1_nt_total"
"BCG_CT_2015"	"bug01"	"nt_total"	"21-B-014_2021-10-06_1_First"	53	5	"> 10 (8-12)"	">"	8	12	TRUE	NA	"Rule0"	NA	NA	NA	NA	NA	"bug01"	"bug01"	1	"bug01_L5_Rule0_nt_total"
"BCG_CT_2015"	"bug01"	"nt_total"	"21-B-014_2021-10-06_1_First"	53	4	"> 19(17-21)"	">"	17	21	TRUE	NA	"Rule0"	NA	NA	NA	NA	NA	"bug01"	"bug01"	1	"bug01_L4_Rule0_nt_total"
"BCG_CT_2015"	"bug01"	"nt_total"	"21-B-014_2021-10-06_1_First"	53	3	"> 17(19-23)"	">"	19	23	TRUE	NA	"Rule0"	NA	NA	NA	NA	NA	"bug01"	"bug01"	1	"bug01_L3_Rule0_nt_total"
"BCG_CT_2015"	"bug01"	"nt_total"	"21-B-014_2021-10-06_1_Second"	54	2	"> 27 (25-30)"	">"	25	30	TRUE	NA	"Rule0"	NA	NA	NA	NA	NA	"bug01"	"bug01"	1	"bug01_L2_Rule0_nt_total"
"BCG_CT_2015"	"bug01"	"nt_total"	"21-B-014_2021-10-06_1_Second"	54	2	"> 27.5 (25-30)"	">"	25	30	TRUE	NA	"Rule1"	NA	NA	NA	NA	NA	"bug01"	"bug01"	1	"bug01_L2_Rule1_nt_total"
"BCG_CT_2015"	"bug01"	"nt_total"	"21-B-014_2021-10-06_1_Second"	54	5	"> 10 (8-12)"	">"	8	12	TRUE	NA	"Rule0"	NA	NA	NA	NA	NA	"bug01"	"bug01"	1	"bug01_L5_Rule0_nt_total"
"BCG_CT_2015"	"bug01"	"nt_total"	"21-B-014_2021-10-06_1_Second"	54	4	"> 19(17-21)"	">"	17	21	TRUE	NA	"Rule0"	NA	NA	NA	NA	NA	"bug01"	"bug01"	1	"bug01_L4_Rule0_nt_total"
"BCG_CT_2015"	"bug01"	"nt_total"	"21-B-014_2021-10-06_1_Second"	54	3	"> 17(19-23)"	">"	19	23	TRUE	NA	"Rule0"	NA	NA	NA	NA	NA	"bug01"	"bug01"	1	"bug01_L3_Rule0_nt_total"
"BCG_CT_2015"	"bug01"	"nt_total"	"21-B-015_2021-10-06_1_First"	37	2	"> 27 (25-30)"	">"	25	30	TRUE	NA	"Rule0"	NA	NA	NA	NA	NA	"bug01"	"bug01"	1	"bug01_L2_Rule0_nt_total"
"BCG_CT_2015"	"bug01"	"nt_total"	"21-B-015_2021-10-06_1_First"	37	2	"> 27.5 (25-30)"	">"	25	30	TRUE	NA	"Rule1"	NA	NA	NA	NA	NA	"bug01"	"bug01"	1	"bug01_L2_Rule1_nt_total"
"BCG_CT_2015"	"bug01"	"nt_total"	"21-B-015_2021-10-06_1_First"	37	5	"> 10 (8-12)"	">"	8	12	TRUE	NA	"Rule0"	NA	NA	NA	NA	NA	"bug01"	"bug01"	1	"bug01_L5_Rule0_nt_total"
"BCG_CT_2015"	"bug01"	"nt_total"	"21-B-015_2021-10-06_1_First"	37	4	"> 19(17-21)"	">"	17	21	TRUE	NA	"Rule0"	NA	NA	NA	NA	NA	"bug01"	"bug01"	1	"bug01_L4_Rule0_nt_total"
"BCG_CT_2015"	"bug01"	"nt_total"	"21-B-015_2021-10-06_1_First"	37	3	"> 17(19-23)"	">"	19	23	TRUE	NA	"Rule0"	NA	NA	NA	NA	NA	"bug01"	"bug01"	1	"bug01_L3_Rule0_nt_total"
"BCG_CT_2015"	"bug01"	"nt_total"	"21-B-016_2021-10-06_1_First"	31	2	"> 27 (25-30)"	">"	25	30	TRUE	NA	"Rule0"	NA	NA	NA	NA	NA	"bug01"	"bug01"	1	"bug01_L2_Rule0_nt_total"
"BCG_CT_2015"	"bug01"	"nt_total"	"21-B-016_2021-10-06_1_First"	31	2	"> 27.5 (25-30)"	">"	25	30	TRUE	NA	"Rule1"	NA	NA	NA	NA	NA	"bug01"	"bug01"	1	"bug01_L2_Rule1_nt_total"
"BCG_CT_2015"	"bug01"	"nt_total"	"21-B-016_2021-10-06_1_First"	31	5	"> 10 (8-12)"	">"	8	12	TRUE	NA	"Rule0"	NA	NA	NA	NA	NA	"bug01"	"bug01"	1	"bug01_L5_Rule0_nt_total"
"BCG_CT_2015"	"bug01"	"nt_total"	"21-B-016_2021-10-06_1_First"	31	4	"> 19(17-21)"	">"	17	21	TRUE	NA	"Rule0"	NA	NA	NA	NA	NA	"bug01"	"bug01"	1	"bug01_L4_Rule0_nt_total"
"BCG_CT_2015"	"bug01"	"nt_total"	"21-B-016_2021-10-06_1_First"	31	3	"> 17(19-23)"	">"	19	23	TRUE	NA	"Rule0"	NA	NA	NA	NA	NA	"bug01"	"bug01"	1	"bug01_L3_Rule0_nt_total"
"BCG_CT_2015"	"bug01"	"nt_total"	"21-B-017_2021-10-06_1_First"	56	2	"> 27 (25-30)"	">"	25	30	TRUE	NA	"Rule0"	NA	NA	NA	NA	NA	"bug01"	"bug01"	1	"bug01_L2_Rule0_nt_total"
"BCG_CT_2015"	"bug01"	"nt_total"	"21-B-017_2021-10-06_1_First"	56	2	"> 27.5 (25-30)"	">"	25	30	TRUE	NA	"Rule1"	NA	NA	NA	NA	NA	"bug01"	"bug01"	1	"bug01_L2_Rule1_nt_total"
"BCG_CT_2015"	"bug01"	"nt_total"	"21-B-017_2021-10-06_1_First"	56	5	"> 10 (8-12)"	">"	8	12	TRUE	NA	"Rule0"	NA	NA	NA	NA	NA	"bug01"	"bug01"	1	"bug01_L5_Rule0_nt_total"
"BCG_CT_2015"	"bug01"	"nt_total"	"21-B-017_2021-10-06_1_First"	56	4	"> 19(17-21)"	">"	17	21	TRUE	NA	"Rule0"	NA	NA	NA	NA	NA	"bug01"	"bug01"	1	"bug01_L4_Rule0_nt_total"
"BCG_CT_2015"	"bug01"	"nt_total"	"21-B-017_2021-10-06_1_First"	56	3	"> 17(19-23)"	">"	19	23	TRUE	NA	"Rule0"	NA	NA	NA	NA	NA	"bug01"	"bug01"	1	"bug01_L3_Rule0_nt_total"
"BCG_CT_2015"	"bug01"	"nt_total"	"21-B-018_2021-10-07_1_First"	42	2	"> 27 (25-30)"	">"	25	30	TRUE	NA	"Rule0"	NA	NA	NA	NA	NA	"bug01"	"bug01"	1	"bug01_L2_Rule0_nt_total"
"BCG_CT_2015"	"bug01"	"nt_total"	"21-B-018_2021-10-07_1_First"	42	2	"> 27.5 (25-30)"	">"	25	30	TRUE	NA	"Rule1"	NA	NA	NA	NA	NA	"bug01"	"bug01"	1	"bug01_L2_Rule1_nt_total"
"BCG_CT_2015"	"bug01"	"nt_total"	"21-B-018_2021-10-07_1_First"	42	5	"> 10 (8-12)"	">"	8	12	TRUE	NA	"Rule0"	NA	NA	NA	NA	NA	"bug01"	"bug01"	1	"bug01_L5_Rule0_nt_total"
"BCG_CT_2015"	"bug01"	"nt_total"	"21-B-018_2021-10-07_1_First"	42	4	"> 19(17-21)"	">"	17	21	TRUE	NA	"Rule0"	NA	NA	NA	NA	NA	"bug01"	"bug01"	1	"bug01_L4_Rule0_nt_total"
"BCG_CT_2015"	"bug01"	"nt_total"	"21-B-018_2021-10-07_1_First"	42	3	"> 17(19-23)"	">"	19	23	TRUE	NA	"Rule0"	NA	NA	NA	NA	NA	"bug01"	"bug01"	1	"bug01_L3_Rule0_nt_total"
"BCG_CT_2015"	"bug01"	"nt_total"	"21-B-018_2021-10-07_1_Second"	50	2	"> 27 (25-30)"	">"	25	30	TRUE	NA	"Rule0"	NA	NA	NA	NA	NA	"bug01"	"bug01"	1	"bug01_L2_Rule0_nt_total"
"BCG_CT_2015"	"bug01"	"nt_total"	"21-B-018_2021-10-07_1_Second"	50	2	"> 27.5 (25-30)"	">"	25	30	TRUE	NA	"Rule1"	NA	NA	NA	NA	NA	"bug01"	"bug01"	1	"bug01_L2_Rule1_nt_total"
"BCG_CT_2015"	"bug01"	"nt_total"	"21-B-018_2021-10-07_1_Second"	50	5	"> 10 (8-12)"	">"	8	12	TRUE	NA	"Rule0"	NA	NA	NA	NA	NA	"bug01"	"bug01"	1	"bug01_L5_Rule0_nt_total"
"BCG_CT_2015"	"bug01"	"nt_total"	"21-B-018_2021-10-07_1_Second"	50	4	"> 19(17-21)"	">"	17	21	TRUE	NA	"Rule0"	NA	NA	NA	NA	NA	"bug01"	"bug01"	1	"bug01_L4_Rule0_nt_total"
"BCG_CT_2015"	"bug01"	"nt_total"	"21-B-018_2021-10-07_1_Second"	50	3	"> 17(19-23)"	">"	19	23	TRUE	NA	"Rule0"	NA	NA	NA	NA	NA	"bug01"	"bug01"	1	"bug01_L3_Rule0_nt_total"
"BCG_CT_2015"	"bug01"	"nt_total"	"21-B-019_2021-10-07_1_First"	33	2	"> 27 (25-30)"	">"	25	30	TRUE	NA	"Rule0"	NA	NA	NA	NA	NA	"bug01"	"bug01"	1	"bug01_L2_Rule0_nt_total"
"BCG_CT_2015"	"bug01"	"nt_total"	"21-B-019_2021-10-07_1_First"	33	2	"> 27.5 (25-30)"	">"	25	30	TRUE	NA	"Rule1"	NA	NA	NA	NA	NA	"bug01"	"bug01"	1	"bug01_L2_Rule1_nt_total"
"BCG_CT_2015"	"bug01"	"nt_total"	"21-B-019_2021-10-07_1_First"	33	5	"> 10 (8-12)"	">"	8	12	TRUE	NA	"Rule0"	NA	NA	NA	NA	NA	"bug01"	"bug01"	1	"bug01_L5_Rule0_nt_total"
"BCG_CT_2015"	"bug01"	"nt_total"	"21-B-019_2021-10-07_1_First"	33	4	"> 19(17-21)"	">"	17	21	TRUE	NA	"Rule0"	NA	NA	NA	NA	NA	"bug01"	"bug01"	1	"bug01_L4_Rule0_nt_total"
"BCG_CT_2015"	"bug01"	"nt_total"	"21-B-019_2021-10-07_1_First"	33	3	"> 17(19-23)"	">"	19	23	TRUE	NA	"Rule0"	NA	NA	NA	NA	NA	"bug01"	"bug01"	1	"bug01_L3_Rule0_nt_total"
"BCG_CT_2015"	"bug01"	"nt_total"	"21-B-020_2021-10-07_1_First"	43	2	"> 27 (25-30)"	">"	25	30	TRUE	NA	"Rule0"	NA	NA	NA	NA	NA	"bug01"	"bug01"	1	"bug01_L2_Rule0_nt_total"
"BCG_CT_2015"	"bug01"	"nt_total"	"21-B-020_2021-10-07_1_First"	43	2	"> 27.5 (25-30)"	">"	25	30	TRUE	NA	"Rule1"	NA	NA	NA	NA	NA	"bug01"	"bug01"	1	"bug01_L2_Rule1_nt_total"
"BCG_CT_2015"	"bug01"	"nt_total"	"21-B-020_2021-10-07_1_First"	43	5	"> 10 (8-12)"	">"	8	12	TRUE	NA	"Rule0"	NA	NA	NA	NA	NA	"bug01"	"bug01"	1	"bug01_L5_Rule0_nt_total"
"BCG_CT_2015"	"bug01"	"nt_total"	"21-B-020_2021-10-07_1_First"	43	4	"> 19(17-21)"	">"	17	21	TRUE	NA	"Rule0"	NA	NA	NA	NA	NA	"bug01"	"bug01"	1	"bug01_L4_Rule0_nt_total"
"BCG_CT_2015"	"bug01"	"nt_total"	"21-B-020_2021-10-07_1_First"	43	3	"> 17(19-23)"	">"	19	23	TRUE	NA	"Rule0"	NA	NA	NA	NA	NA	"bug01"	"bug01"	1	"bug01_L3_Rule0_nt_total"
"BCG_CT_2015"	"bug01"	"nt_total"	"21-B-021_2021-10-07_2_First"	49	2	"> 27 (25-30)"	">"	25	30	TRUE	NA	"Rule0"	NA	NA	NA	NA	NA	"bug01"	"bug01"	1	"bug01_L2_Rule0_nt_total"
"BCG_CT_2015"	"bug01"	"nt_total"	"21-B-021_2021-10-07_2_First"	49	2	"> 27.5 (25-30)"	">"	25	30	TRUE	NA	"Rule1"	NA	NA	NA	NA	NA	"bug01"	"bug01"	1	"bug01_L2_Rule1_nt_total"
"BCG_CT_2015"	"bug01"	"nt_total"	"21-B-021_2021-10-07_2_First"	49	5	"> 10 (8-12)"	">"	8	12	TRUE	NA	"Rule0"	NA	NA	NA	NA	NA	"bug01"	"bug01"	1	"bug01_L5_Rule0_nt_total"
"BCG_CT_2015"	"bug01"	"nt_total"	"21-B-021_2021-10-07_2_First"	49	4	"> 19(17-21)"	">"	17	21	TRUE	NA	"Rule0"	NA	NA	NA	NA	NA	"bug01"	"bug01"	1	"bug01_L4_Rule0_nt_total"
"BCG_CT_2015"	"bug01"	"nt_total"	"21-B-021_2021-10-07_2_First"	49	3	"> 17(19-23)"	">"	19	23	TRUE	NA	"Rule0"	NA	NA	NA	NA	NA	"bug01"	"bug01"	1	"bug01_L3_Rule0_nt_total"
"BCG_CT_2015"	"bug01"	"nt_total"	"21-B-023_2021-10-07_1_First"	37	2	"> 27 (25-30)"	">"	25	30	TRUE	NA	"Rule0"	NA	NA	NA	NA	NA	"bug01"	"bug01"	1	"bug01_L2_Rule0_nt_total"
"BCG_CT_2015"	"bug01"	"nt_total"	"21-B-023_2021-10-07_1_First"	37	2	"> 27.5 (25-30)"	">"	25	30	TRUE	NA	"Rule1"	NA	NA	NA	NA	NA	"bug01"	"bug01"	1	"bug01_L2_Rule1_nt_total"
"BCG_CT_2015"	"bug01"	"nt_total"	"21-B-023_2021-10-07_1_First"	37	5	"> 10 (8-12)"	">"	8	12	TRUE	NA	"Rule0"	NA	NA	NA	NA	NA	"bug01"	"bug01"	1	"bug01_L5_Rule0_nt_total"
"BCG_CT_2015"	"bug01"	"nt_total"	"21-B-023_2021-10-07_1_First"	37	4	"> 19(17-21)"	">"	17	21	TRUE	NA	"Rule0"	NA	NA	NA	NA	NA	"bug01"	"bug01"	1	"bug01_L4_Rule0_nt_total"
"BCG_CT_2015"	"bug01"	"nt_total"	"21-B-023_2021-10-07_1_First"	37	3	"> 17(19-23)"	">"	19	23	TRUE	NA	"Rule0"	NA	NA	NA	NA	NA	"bug01"	"bug01"	1	"bug01_L3_Rule0_nt_total"
"BCG_CT_2015"	"bug01"	"nt_total"	"21-B-028_2021-10-12_1_First"	58	2	"> 27 (25-30)"	">"	25	30	TRUE	NA	"Rule0"	NA	NA	NA	NA	NA	"bug01"	"bug01"	1	"bug01_L2_Rule0_nt_total"
"BCG_CT_2015"	"bug01"	"nt_total"	"21-B-028_2021-10-12_1_First"	58	2	"> 27.5 (25-30)"	">"	25	30	TRUE	NA	"Rule1"	NA	NA	NA	NA	NA	"bug01"	"bug01"	1	"bug01_L2_Rule1_nt_total"
"BCG_CT_2015"	"bug01"	"nt_total"	"21-B-028_2021-10-12_1_First"	58	5	"> 10 (8-12)"	">"	8	12	TRUE	NA	"Rule0"	NA	NA	NA	NA	NA	"bug01"	"bug01"	1	"bug01_L5_Rule0_nt_total"
"BCG_CT_2015"	"bug01"	"nt_total"	"21-B-028_2021-10-12_1_First"	58	4	"> 19(17-21)"	">"	17	21	TRUE	NA	"Rule0"	NA	NA	NA	NA	NA	"bug01"	"bug01"	1	"bug01_L4_Rule0_nt_total"
"BCG_CT_2015"	"bug01"	"nt_total"	"21-B-028_2021-10-12_1_First"	58	3	"> 17(19-23)"	">"	19	23	TRUE	NA	"Rule0"	NA	NA	NA	NA	NA	"bug01"	"bug01"	1	"bug01_L3_Rule0_nt_total"
"BCG_CT_2015"	"bug01"	"nt_total"	"21-B-029_2021-10-12_1_First"	28	2	"> 27 (25-30)"	">"	25	30	TRUE	NA	"Rule0"	NA	NA	NA	NA	NA	"bug01"	"bug01"	0.6	"bug01_L2_Rule0_nt_total"
"BCG_CT_2015"	"bug01"	"nt_total"	"21-B-029_2021-10-12_1_First"	28	2	"> 27.5 (25-30)"	">"	25	30	TRUE	NA	"Rule1"	NA	NA	NA	NA	NA	"bug01"	"bug01"	0.6	"bug01_L2_Rule1_nt_total"
"BCG_CT_2015"	"bug01"	"nt_total"	"21-B-029_2021-10-12_1_First"	28	5	"> 10 (8-12)"	">"	8	12	TRUE	NA	"Rule0"	NA	NA	NA	NA	NA	"bug01"	"bug01"	1	"bug01_L5_Rule0_nt_total"
"BCG_CT_2015"	"bug01"	"nt_total"	"21-B-029_2021-10-12_1_First"	28	4	"> 19(17-21)"	">"	17	21	TRUE	NA	"Rule0"	NA	NA	NA	NA	NA	"bug01"	"bug01"	1	"bug01_L4_Rule0_nt_total"
"BCG_CT_2015"	"bug01"	"nt_total"	"21-B-029_2021-10-12_1_First"	28	3	"> 17(19-23)"	">"	19	23	TRUE	NA	"Rule0"	NA	NA	NA	NA	NA	"bug01"	"bug01"	1	"bug01_L3_Rule0_nt_total"
"BCG_CT_2015"	"bug01"	"nt_total"	"21-B-031_2021-10-12_1_First"	62	2	"> 27 (25-30)"	">"	25	30	TRUE	NA	"Rule0"	NA	NA	NA	NA	NA	"bug01"	"bug01"	1	"bug01_L2_Rule0_nt_total"
"BCG_CT_2015"	"bug01"	"nt_total"	"21-B-031_2021-10-12_1_First"	62	2	"> 27.5 (25-30)"	">"	25	30	TRUE	NA	"Rule1"	NA	NA	NA	NA	NA	"bug01"	"bug01"	1	"bug01_L2_Rule1_nt_total"
"BCG_CT_2015"	"bug01"	"nt_total"	"21-B-031_2021-10-12_1_First"	62	5	"> 10 (8-12)"	">"	8	12	TRUE	NA	"Rule0"	NA	NA	NA	NA	NA	"bug01"	"bug01"	1	"bug01_L5_Rule0_nt_total"
"BCG_CT_2015"	"bug01"	"nt_total"	"21-B-031_2021-10-12_1_First"	62	4	"> 19(17-21)"	">"	17	21	TRUE	NA	"Rule0"	NA	NA	NA	NA	NA	"bug01"	"bug01"	1	"bug01_L4_Rule0_nt_total"
"BCG_CT_2015"	"bug01"	"nt_total"	"21-B-031_2021-10-12_1_First"	62	3	"> 17(19-23)"	">"	19	23	TRUE	NA	"Rule0"	NA	NA	NA	NA	NA	"bug01"	"bug01"	1	"bug01_L3_Rule0_nt_total"
"BCG_CT_2015"	"bug01"	"nt_total"	"21-B-032_2021-10-13_1_First"	53	2	"> 27 (25-30)"	">"	25	30	TRUE	NA	"Rule0"	NA	NA	NA	NA	NA	"bug01"	"bug01"	1	"bug01_L2_Rule0_nt_total"
"BCG_CT_2015"	"bug01"	"nt_total"	"21-B-032_2021-10-13_1_First"	53	2	"> 27.5 (25-30)"	">"	25	30	TRUE	NA	"Rule1"	NA	NA	NA	NA	NA	"bug01"	"bug01"	1	"bug01_L2_Rule1_nt_total"
"BCG_CT_2015"	"bug01"	"nt_total"	"21-B-032_2021-10-13_1_First"	53	5	"> 10 (8-12)"	">"	8	12	TRUE	NA	"Rule0"	NA	NA	NA	NA	NA	"bug01"	"bug01"	1	"bug01_L5_Rule0_nt_total"
"BCG_CT_2015"	"bug01"	"nt_total"	"21-B-032_2021-10-13_1_First"	53	4	"> 19(17-21)"	">"	17	21	TRUE	NA	"Rule0"	NA	NA	NA	NA	NA	"bug01"	"bug01"	1	"bug01_L4_Rule0_nt_total"
"BCG_CT_2015"	"bug01"	"nt_total"	"21-B-032_2021-10-13_1_First"	53	3	"> 17(19-23)"	">"	19	23	TRUE	NA	"Rule0"	NA	NA	NA	NA	NA	"bug01"	"bug01"	1	"bug01_L3_Rule0_nt_total"
"BCG_CT_2015"	"bug01"	"nt_total"	"21-B-033_2021-10-13_2_First"	53	2	"> 27 (25-30)"	">"	25	30	TRUE	NA	"Rule0"	NA	NA	NA	NA	NA	"bug01"	"bug01"	1	"bug01_L2_Rule0_nt_total"
"BCG_CT_2015"	"bug01"	"nt_total"	"21-B-033_2021-10-13_2_First"	53	2	"> 27.5 (25-30)"	">"	25	30	TRUE	NA	"Rule1"	NA	NA	NA	NA	NA	"bug01"	"bug01"	1	"bug01_L2_Rule1_nt_total"
"BCG_CT_2015"	"bug01"	"nt_total"	"21-B-033_2021-10-13_2_First"	53	5	"> 10 (8-12)"	">"	8	12	TRUE	NA	"Rule0"	NA	NA	NA	NA	NA	"bug01"	"bug01"	1	"bug01_L5_Rule0_nt_total"
"BCG_CT_2015"	"bug01"	"nt_total"	"21-B-033_2021-10-13_2_First"	53	4	"> 19(17-21)"	">"	17	21	TRUE	NA	"Rule0"	NA	NA	NA	NA	NA	"bug01"	"bug01"	1	"bug01_L4_Rule0_nt_total"
"BCG_CT_2015"	"bug01"	"nt_total"	"21-B-033_2021-10-13_2_First"	53	3	"> 17(19-23)"	">"	19	23	TRUE	NA	"Rule0"	NA	NA	NA	NA	NA	"bug01"	"bug01"	1	"bug01_L3_Rule0_nt_total"
"BCG_CT_2015"	"bug01"	"nt_total"	"21-B-034_2021-10-13_1_First"	32	2	"> 27 (25-30)"	">"	25	30	TRUE	NA	"Rule0"	NA	NA	NA	NA	NA	"bug01"	"bug01"	1	"bug01_L2_Rule0_nt_total"
"BCG_CT_2015"	"bug01"	"nt_total"	"21-B-034_2021-10-13_1_First"	32	2	"> 27.5 (25-30)"	">"	25	30	TRUE	NA	"Rule1"	NA	NA	NA	NA	NA	"bug01"	"bug01"	1	"bug01_L2_Rule1_nt_total"
"BCG_CT_2015"	"bug01"	"nt_total"	"21-B-034_2021-10-13_1_First"	32	5	"> 10 (8-12)"	">"	8	12	TRUE	NA	"Rule0"	NA	NA	NA	NA	NA	"bug01"	"bug01"	1	"bug01_L5_Rule0_nt_total"
"BCG_CT_2015"	"bug01"	"nt_total"	"21-B-034_2021-10-13_1_First"	32	4	"> 19(17-21)"	">"	17	21	TRUE	NA	"Rule0"	NA	NA	NA	NA	NA	"bug01"	"bug01"	1	"bug01_L4_Rule0_nt_total"
"BCG_CT_2015"	"bug01"	"nt_total"	"21-B-034_2021-10-13_1_First"	32	3	"> 17(19-23)"	">"	19	23	TRUE	NA	"Rule0"	NA	NA	NA	NA	NA	"bug01"	"bug01"	1	"bug01_L3_Rule0_nt_total"
"BCG_CT_2015"	"bug01"	"nt_total"	"21-B-035_2021-10-13_1_First"	35	2	"> 27 (25-30)"	">"	25	30	TRUE	NA	"Rule0"	NA	NA	NA	NA	NA	"bug01"	"bug01"	1	"bug01_L2_Rule0_nt_total"
"BCG_CT_2015"	"bug01"	"nt_total"	"21-B-035_2021-10-13_1_First"	35	2	"> 27.5 (25-30)"	">"	25	30	TRUE	NA	"Rule1"	NA	NA	NA	NA	NA	"bug01"	"bug01"	1	"bug01_L2_Rule1_nt_total"
"BCG_CT_2015"	"bug01"	"nt_total"	"21-B-035_2021-10-13_1_First"	35	5	"> 10 (8-12)"	">"	8	12	TRUE	NA	"Rule0"	NA	NA	NA	NA	NA	"bug01"	"bug01"	1	"bug01_L5_Rule0_nt_total"
"BCG_CT_2015"	"bug01"	"nt_total"	"21-B-035_2021-10-13_1_First"	35	4	"> 19(17-21)"	">"	17	21	TRUE	NA	"Rule0"	NA	NA	NA	NA	NA	"bug01"	"bug01"	1	"bug01_L4_Rule0_nt_total"
"BCG_CT_2015"	"bug01"	"nt_total"	"21-B-035_2021-10-13_1_First"	35	3	"> 17(19-23)"	">"	19	23	TRUE	NA	"Rule0"	NA	NA	NA	NA	NA	"bug01"	"bug01"	1	"bug01_L3_Rule0_nt_total"
"BCG_CT_2015"	"bug01"	"nt_total"	"21-B-036_2021-10-13_1_First"	57	2	"> 27 (25-30)"	">"	25	30	TRUE	NA	"Rule0"	NA	NA	NA	NA	NA	"bug01"	"bug01"	1	"bug01_L2_Rule0_nt_total"
"BCG_CT_2015"	"bug01"	"nt_total"	"21-B-036_2021-10-13_1_First"	57	2	"> 27.5 (25-30)"	">"	25	30	TRUE	NA	"Rule1"	NA	NA	NA	NA	NA	"bug01"	"bug01"	1	"bug01_L2_Rule1_nt_total"
"BCG_CT_2015"	"bug01"	"nt_total"	"21-B-036_2021-10-13_1_First"	57	5	"> 10 (8-12)"	">"	8	12	TRUE	NA	"Rule0"	NA	NA	NA	NA	NA	"bug01"	"bug01"	1	"bug01_L5_Rule0_nt_total"
"BCG_CT_2015"	"bug01"	"nt_total"	"21-B-036_2021-10-13_1_First"	57	4	"> 19(17-21)"	">"	17	21	TRUE	NA	"Rule0"	NA	NA	NA	NA	NA	"bug01"	"bug01"	1	"bug01_L4_Rule0_nt_total"
"BCG_CT_2015"	"bug01"	"nt_total"	"21-B-036_2021-10-13_1_First"	57	3	"> 17(19-23)"	">"	19	23	TRUE	NA	"Rule0"	NA	NA	NA	NA	NA	"bug01"	"bug01"	1	"bug01_L3_Rule0_nt_total"
"BCG_CT_2015"	"bug01"	"nt_total"	"21-B-037_2021-10-14_1_First"	52	2	"> 27 (25-30)"	">"	25	30	TRUE	NA	"Rule0"	NA	NA	NA	NA	NA	"bug01"	"bug01"	1	"bug01_L2_Rule0_nt_total"
"BCG_CT_2015"	"bug01"	"nt_total"	"21-B-037_2021-10-14_1_First"	52	2	"> 27.5 (25-30)"	">"	25	30	TRUE	NA	"Rule1"	NA	NA	NA	NA	NA	"bug01"	"bug01"	1	"bug01_L2_Rule1_nt_total"
"BCG_CT_2015"	"bug01"	"nt_total"	"21-B-037_2021-10-14_1_First"	52	5	"> 10 (8-12)"	">"	8	12	TRUE	NA	"Rule0"	NA	NA	NA	NA	NA	"bug01"	"bug01"	1	"bug01_L5_Rule0_nt_total"
"BCG_CT_2015"	"bug01"	"nt_total"	"21-B-037_2021-10-14_1_First"	52	4	"> 19(17-21)"	">"	17	21	TRUE	NA	"Rule0"	NA	NA	NA	NA	NA	"bug01"	"bug01"	1	"bug01_L4_Rule0_nt_total"
"BCG_CT_2015"	"bug01"	"nt_total"	"21-B-037_2021-10-14_1_First"	52	3	"> 17(19-23)"	">"	19	23	TRUE	NA	"Rule0"	NA	NA	NA	NA	NA	"bug01"	"bug01"	1	"bug01_L3_Rule0_nt_total"
"BCG_CT_2015"	"bug01"	"nt_total"	"22-B-001_2022-09-21_1_First"	26	2	"> 27 (25-30)"	">"	25	30	TRUE	NA	"Rule0"	NA	NA	NA	NA	NA	"bug01"	"bug01"	0.2	"bug01_L2_Rule0_nt_total"
"BCG_CT_2015"	"bug01"	"nt_total"	"22-B-001_2022-09-21_1_First"	26	2	"> 27.5 (25-30)"	">"	25	30	TRUE	NA	"Rule1"	NA	NA	NA	NA	NA	"bug01"	"bug01"	0.2	"bug01_L2_Rule1_nt_total"
"BCG_CT_2015"	"bug01"	"nt_total"	"22-B-001_2022-09-21_1_First"	26	5	"> 10 (8-12)"	">"	8	12	TRUE	NA	"Rule0"	NA	NA	NA	NA	NA	"bug01"	"bug01"	1	"bug01_L5_Rule0_nt_total"
"BCG_CT_2015"	"bug01"	"nt_total"	"22-B-001_2022-09-21_1_First"	26	4	"> 19(17-21)"	">"	17	21	TRUE	NA	"Rule0"	NA	NA	NA	NA	NA	"bug01"	"bug01"	1	"bug01_L4_Rule0_nt_total"
"BCG_CT_2015"	"bug01"	"nt_total"	"22-B-001_2022-09-21_1_First"	26	3	"> 17(19-23)"	">"	19	23	TRUE	NA	"Rule0"	NA	NA	NA	NA	NA	"bug01"	"bug01"	1	"bug01_L3_Rule0_nt_total"
"BCG_CT_2015"	"bug01"	"nt_total"	"22-B-002_2022-09-29_1_First"	38	2	"> 27 (25-30)"	">"	25	30	TRUE	NA	"Rule0"	NA	NA	NA	NA	NA	"bug01"	"bug01"	1	"bug01_L2_Rule0_nt_total"
"BCG_CT_2015"	"bug01"	"nt_total"	"22-B-002_2022-09-29_1_First"	38	2	"> 27.5 (25-30)"	">"	25	30	TRUE	NA	"Rule1"	NA	NA	NA	NA	NA	"bug01"	"bug01"	1	"bug01_L2_Rule1_nt_total"
"BCG_CT_2015"	"bug01"	"nt_total"	"22-B-002_2022-09-29_1_First"	38	5	"> 10 (8-12)"	">"	8	12	TRUE	NA	"Rule0"	NA	NA	NA	NA	NA	"bug01"	"bug01"	1	"bug01_L5_Rule0_nt_total"
"BCG_CT_2015"	"bug01"	"nt_total"	"22-B-002_2022-09-29_1_First"	38	4	"> 19(17-21)"	">"	17	21	TRUE	NA	"Rule0"	NA	NA	NA	NA	NA	"bug01"	"bug01"	1	"bug01_L4_Rule0_nt_total"
"BCG_CT_2015"	"bug01"	"nt_total"	"22-B-002_2022-09-29_1_First"	38	3	"> 17(19-23)"	">"	19	23	TRUE	NA	"Rule0"	NA	NA	NA	NA	NA	"bug01"	"bug01"	1	"bug01_L3_Rule0_nt_total"
"BCG_CT_2015"	"bug01"	"nt_total"	"22-B-003_2022-09-29_1_First"	42	2	"> 27 (25-30)"	">"	25	30	TRUE	NA	"Rule0"	NA	NA	NA	NA	NA	"bug01"	"bug01"	1	"bug01_L2_Rule0_nt_total"
"BCG_CT_2015"	"bug01"	"nt_total"	"22-B-003_2022-09-29_1_First"	42	2	"> 27.5 (25-30)"	">"	25	30	TRUE	NA	"Rule1"	NA	NA	NA	NA	NA	"bug01"	"bug01"	1	"bug01_L2_Rule1_nt_total"
"BCG_CT_2015"	"bug01"	"nt_total"	"22-B-003_2022-09-29_1_First"	42	5	"> 10 (8-12)"	">"	8	12	TRUE	NA	"Rule0"	NA	NA	NA	NA	NA	"bug01"	"bug01"	1	"bug01_L5_Rule0_nt_total"
"BCG_CT_2015"	"bug01"	"nt_total"	"22-B-003_2022-09-29_1_First"	42	4	"> 19(17-21)"	">"	17	21	TRUE	NA	"Rule0"	NA	NA	NA	NA	NA	"bug01"	"bug01"	1	"bug01_L4_Rule0_nt_total"
"BCG_CT_2015"	"bug01"	"nt_total"	"22-B-003_2022-09-29_1_First"	42	3	"> 17(19-23)"	">"	19	23	TRUE	NA	"Rule0"	NA	NA	NA	NA	NA	"bug01"	"bug01"	1	"bug01_L3_Rule0_nt_total"
"BCG_CT_2015"	"bug01"	"nt_total"	"22-B-004_2022-09-29_1_First"	51	2	"> 27 (25-30)"	">"	25	30	TRUE	NA	"Rule0"	NA	NA	NA	NA	NA	"bug01"	"bug01"	1	"bug01_L2_Rule0_nt_total"
"BCG_CT_2015"	"bug01"	"nt_total"	"22-B-004_2022-09-29_1_First"	51	2	"> 27.5 (25-30)"	">"	25	30	TRUE	NA	"Rule1"	NA	NA	NA	NA	NA	"bug01"	"bug01"	1	"bug01_L2_Rule1_nt_total"
"BCG_CT_2015"	"bug01"	"nt_total"	"22-B-004_2022-09-29_1_First"	51	5	"> 10 (8-12)"	">"	8	12	TRUE	NA	"Rule0"	NA	NA	NA	NA	NA	"bug01"	"bug01"	1	"bug01_L5_Rule0_nt_total"
"BCG_CT_2015"	"bug01"	"nt_total"	"22-B-004_2022-09-29_1_First"	51	4	"> 19(17-21)"	">"	17	21	TRUE	NA	"Rule0"	NA	NA	NA	NA	NA	"bug01"	"bug01"	1	"bug01_L4_Rule0_nt_total"
"BCG_CT_2015"	"bug01"	"nt_total"	"22-B-004_2022-09-29_1_First"	51	3	"> 17(19-23)"	">"	19	23	TRUE	NA	"Rule0"	NA	NA	NA	NA	NA	"bug01"	"bug01"	1	"bug01_L3_Rule0_nt_total"
"BCG_CT_2015"	"bug01"	"nt_total"	"22-B-005_2022-09-30_1_First"	53	2	"> 27 (25-30)"	">"	25	30	TRUE	NA	"Rule0"	NA	NA	NA	NA	NA	"bug01"	"bug01"	1	"bug01_L2_Rule0_nt_total"
"BCG_CT_2015"	"bug01"	"nt_total"	"22-B-005_2022-09-30_1_First"	53	2	"> 27.5 (25-30)"	">"	25	30	TRUE	NA	"Rule1"	NA	NA	NA	NA	NA	"bug01"	"bug01"	1	"bug01_L2_Rule1_nt_total"
"BCG_CT_2015"	"bug01"	"nt_total"	"22-B-005_2022-09-30_1_First"	53	5	"> 10 (8-12)"	">"	8	12	TRUE	NA	"Rule0"	NA	NA	NA	NA	NA	"bug01"	"bug01"	1	"bug01_L5_Rule0_nt_total"
"BCG_CT_2015"	"bug01"	"nt_total"	"22-B-005_2022-09-30_1_First"	53	4	"> 19(17-21)"	">"	17	21	TRUE	NA	"Rule0"	NA	NA	NA	NA	NA	"bug01"	"bug01"	1	"bug01_L4_Rule0_nt_total"
"BCG_CT_2015"	"bug01"	"nt_total"	"22-B-005_2022-09-30_1_First"	53	3	"> 17(19-23)"	">"	19	23	TRUE	NA	"Rule0"	NA	NA	NA	NA	NA	"bug01"	"bug01"	1	"bug01_L3_Rule0_nt_total"
"BCG_CT_2015"	"bug01"	"nt_total"	"22-B-006_2022-09-30_1_First"	19	2	"> 27 (25-30)"	">"	25	30	TRUE	NA	"Rule0"	NA	NA	NA	NA	NA	"bug01"	"bug01"	0	"bug01_L2_Rule0_nt_total"
"BCG_CT_2015"	"bug01"	"nt_total"	"22-B-006_2022-09-30_1_First"	19	2	"> 27.5 (25-30)"	">"	25	30	TRUE	NA	"Rule1"	NA	NA	NA	NA	NA	"bug01"	"bug01"	0	"bug01_L2_Rule1_nt_total"
"BCG_CT_2015"	"bug01"	"nt_total"	"22-B-006_2022-09-30_1_First"	19	5	"> 10 (8-12)"	">"	8	12	TRUE	NA	"Rule0"	NA	NA	NA	NA	NA	"bug01"	"bug01"	1	"bug01_L5_Rule0_nt_total"
"BCG_CT_2015"	"bug01"	"nt_total"	"22-B-006_2022-09-30_1_First"	19	4	"> 19(17-21)"	">"	17	21	TRUE	NA	"Rule0"	NA	NA	NA	NA	NA	"bug01"	"bug01"	0.5	"bug01_L4_Rule0_nt_total"
"BCG_CT_2015"	"bug01"	"nt_total"	"22-B-006_2022-09-30_1_First"	19	3	"> 17(19-23)"	">"	19	23	TRUE	NA	"Rule0"	NA	NA	NA	NA	NA	"bug01"	"bug01"	0	"bug01_L3_Rule0_nt_total"
"BCG_CT_2015"	"bug01"	"nt_total"	"22-B-006_2022-09-30_1_Second"	22	2	"> 27 (25-30)"	">"	25	30	TRUE	NA	"Rule0"	NA	NA	NA	NA	NA	"bug01"	"bug01"	0	"bug01_L2_Rule0_nt_total"
"BCG_CT_2015"	"bug01"	"nt_total"	"22-B-006_2022-09-30_1_Second"	22	2	"> 27.5 (25-30)"	">"	25	30	TRUE	NA	"Rule1"	NA	NA	NA	NA	NA	"bug01"	"bug01"	0	"bug01_L2_Rule1_nt_total"
"BCG_CT_2015"	"bug01"	"nt_total"	"22-B-006_2022-09-30_1_Second"	22	5	"> 10 (8-12)"	">"	8	12	TRUE	NA	"Rule0"	NA	NA	NA	NA	NA	"bug01"	"bug01"	1	"bug01_L5_Rule0_nt_total"
"BCG_CT_2015"	"bug01"	"nt_total"	"22-B-006_2022-09-30_1_Second"	22	4	"> 19(17-21)"	">"	17	21	TRUE	NA	"Rule0"	NA	NA	NA	NA	NA	"bug01"	"bug01"	1	"bug01_L4_Rule0_nt_total"
"BCG_CT_2015"	"bug01"	"nt_total"	"22-B-006_2022-09-30_1_Second"	22	3	"> 17(19-23)"	">"	19	23	TRUE	NA	"Rule0"	NA	NA	NA	NA	NA	"bug01"	"bug01"	0.75	"bug01_L3_Rule0_nt_total"
"BCG_CT_2015"	"bug01"	"nt_total"	"22-B-007_2022-09-30_1_First"	63	2	"> 27 (25-30)"	">"	25	30	TRUE	NA	"Rule0"	NA	NA	NA	NA	NA	"bug01"	"bug01"	1	"bug01_L2_Rule0_nt_total"
"BCG_CT_2015"	"bug01"	"nt_total"	"22-B-007_2022-09-30_1_First"	63	2	"> 27.5 (25-30)"	">"	25	30	TRUE	NA	"Rule1"	NA	NA	NA	NA	NA	"bug01"	"bug01"	1	"bug01_L2_Rule1_nt_total"
"BCG_CT_2015"	"bug01"	"nt_total"	"22-B-007_2022-09-30_1_First"	63	5	"> 10 (8-12)"	">"	8	12	TRUE	NA	"Rule0"	NA	NA	NA	NA	NA	"bug01"	"bug01"	1	"bug01_L5_Rule0_nt_total"
"BCG_CT_2015"	"bug01"	"nt_total"	"22-B-007_2022-09-30_1_First"	63	4	"> 19(17-21)"	">"	17	21	TRUE	NA	"Rule0"	NA	NA	NA	NA	NA	"bug01"	"bug01"	1	"bug01_L4_Rule0_nt_total"
"BCG_CT_2015"	"bug01"	"nt_total"	"22-B-007_2022-09-30_1_First"	63	3	"> 17(19-23)"	">"	19	23	TRUE	NA	"Rule0"	NA	NA	NA	NA	NA	"bug01"	"bug01"	1	"bug01_L3_Rule0_nt_total"
"BCG_CT_2015"	"bug01"	"nt_total"	"22-B-008_2022-10-06_1_First"	43	2	"> 27 (25-30)"	">"	25	30	TRUE	NA	"Rule0"	NA	NA	NA	NA	NA	"bug01"	"bug01"	1	"bug01_L2_Rule0_nt_total"
"BCG_CT_2015"	"bug01"	"nt_total"	"22-B-008_2022-10-06_1_First"	43	2	"> 27.5 (25-30)"	">"	25	30	TRUE	NA	"Rule1"	NA	NA	NA	NA	NA	"bug01"	"bug01"	1	"bug01_L2_Rule1_nt_total"
"BCG_CT_2015"	"bug01"	"nt_total"	"22-B-008_2022-10-06_1_First"	43	5	"> 10 (8-12)"	">"	8	12	TRUE	NA	"Rule0"	NA	NA	NA	NA	NA	"bug01"	"bug01"	1	"bug01_L5_Rule0_nt_total"
"BCG_CT_2015"	"bug01"	"nt_total"	"22-B-008_2022-10-06_1_First"	43	4	"> 19(17-21)"	">"	17	21	TRUE	NA	"Rule0"	NA	NA	NA	NA	NA	"bug01"	"bug01"	1	"bug01_L4_Rule0_nt_total"
"BCG_CT_2015"	"bug01"	"nt_total"	"22-B-008_2022-10-06_1_First"	43	3	"> 17(19-23)"	">"	19	23	TRUE	NA	"Rule0"	NA	NA	NA	NA	NA	"bug01"	"bug01"	1	"bug01_L3_Rule0_nt_total"
"BCG_CT_2015"	"bug01"	"nt_total"	"22-B-009_2022-10-06_1_First"	46	2	"> 27 (25-30)"	">"	25	30	TRUE	NA	"Rule0"	NA	NA	NA	NA	NA	"bug01"	"bug01"	1	"bug01_L2_Rule0_nt_total"
"BCG_CT_2015"	"bug01"	"nt_total"	"22-B-009_2022-10-06_1_First"	46	2	"> 27.5 (25-30)"	">"	25	30	TRUE	NA	"Rule1"	NA	NA	NA	NA	NA	"bug01"	"bug01"	1	"bug01_L2_Rule1_nt_total"
"BCG_CT_2015"	"bug01"	"nt_total"	"22-B-009_2022-10-06_1_First"	46	5	"> 10 (8-12)"	">"	8	12	TRUE	NA	"Rule0"	NA	NA	NA	NA	NA	"bug01"	"bug01"	1	"bug01_L5_Rule0_nt_total"
"BCG_CT_2015"	"bug01"	"nt_total"	"22-B-009_2022-10-06_1_First"	46	4	"> 19(17-21)"	">"	17	21	TRUE	NA	"Rule0"	NA	NA	NA	NA	NA	"bug01"	"bug01"	1	"bug01_L4_Rule0_nt_total"
"BCG_CT_2015"	"bug01"	"nt_total"	"22-B-009_2022-10-06_1_First"	46	3	"> 17(19-23)"	">"	19	23	TRUE	NA	"Rule0"	NA	NA	NA	NA	NA	"bug01"	"bug01"	1	"bug01_L3_Rule0_nt_total"
"BCG_CT_2015"	"bug01"	"nt_total"	"22-B-011_2022-10-07_1_First"	43	2	"> 27 (25-30)"	">"	25	30	TRUE	NA	"Rule0"	NA	NA	NA	NA	NA	"bug01"	"bug01"	1	"bug01_L2_Rule0_nt_total"
"BCG_CT_2015"	"bug01"	"nt_total"	"22-B-011_2022-10-07_1_First"	43	2	"> 27.5 (25-30)"	">"	25	30	TRUE	NA	"Rule1"	NA	NA	NA	NA	NA	"bug01"	"bug01"	1	"bug01_L2_Rule1_nt_total"
"BCG_CT_2015"	"bug01"	"nt_total"	"22-B-011_2022-10-07_1_First"	43	5	"> 10 (8-12)"	">"	8	12	TRUE	NA	"Rule0"	NA	NA	NA	NA	NA	"bug01"	"bug01"	1	"bug01_L5_Rule0_nt_total"
"BCG_CT_2015"	"bug01"	"nt_total"	"22-B-011_2022-10-07_1_First"	43	4	"> 19(17-21)"	">"	17	21	TRUE	NA	"Rule0"	NA	NA	NA	NA	NA	"bug01"	"bug01"	1	"bug01_L4_Rule0_nt_total"
"BCG_CT_2015"	"bug01"	"nt_total"	"22-B-011_2022-10-07_1_First"	43	3	"> 17(19-23)"	">"	19	23	TRUE	NA	"Rule0"	NA	NA	NA	NA	NA	"bug01"	"bug01"	1	"bug01_L3_Rule0_nt_total"
"BCG_CT_2015"	"bug01"	"nt_total"	"22-B-045_2022-10-19_1_First"	26	2	"> 27 (25-30)"	">"	25	30	TRUE	NA	"Rule0"	NA	NA	NA	NA	NA	"bug01"	"bug01"	0.2	"bug01_L2_Rule0_nt_total"
"BCG_CT_2015"	"bug01"	"nt_total"	"22-B-045_2022-10-19_1_First"	26	2	"> 27.5 (25-30)"	">"	25	30	TRUE	NA	"Rule1"	NA	NA	NA	NA	NA	"bug01"	"bug01"	0.2	"bug01_L2_Rule1_nt_total"
"BCG_CT_2015"	"bug01"	"nt_total"	"22-B-045_2022-10-19_1_First"	26	5	"> 10 (8-12)"	">"	8	12	TRUE	NA	"Rule0"	NA	NA	NA	NA	NA	"bug01"	"bug01"	1	"bug01_L5_Rule0_nt_total"
"BCG_CT_2015"	"bug01"	"nt_total"	"22-B-045_2022-10-19_1_First"	26	4	"> 19(17-21)"	">"	17	21	TRUE	NA	"Rule0"	NA	NA	NA	NA	NA	"bug01"	"bug01"	1	"bug01_L4_Rule0_nt_total"
"BCG_CT_2015"	"bug01"	"nt_total"	"22-B-045_2022-10-19_1_First"	26	3	"> 17(19-23)"	">"	19	23	TRUE	NA	"Rule0"	NA	NA	NA	NA	NA	"bug01"	"bug01"	1	"bug01_L3_Rule0_nt_total"
"BCG_CT_2015"	"bug01"	"nt_total"	"21-B-001_2021-09-29_1_First"	46	2	"> 27 (25-30)"	">"	25	30	TRUE	NA	"Rule0"	NA	NA	NA	NA	NA	"bug01"	"bug01"	1	"bug01_L2_Rule0_nt_total"
"BCG_CT_2015"	"bug01"	"nt_total"	"21-B-001_2021-09-29_1_First"	46	2	"> 27.5 (25-30)"	">"	25	30	TRUE	NA	"Rule1"	NA	NA	NA	NA	NA	"bug01"	"bug01"	1	"bug01_L2_Rule1_nt_total"
"BCG_CT_2015"	"bug01"	"nt_total"	"21-B-001_2021-09-29_1_First"	46	5	"> 10 (8-12)"	">"	8	12	TRUE	NA	"Rule0"	NA	NA	NA	NA	NA	"bug01"	"bug01"	1	"bug01_L5_Rule0_nt_total"
"BCG_CT_2015"	"bug01"	"nt_total"	"21-B-001_2021-09-29_1_First"	46	4	"> 19(17-21)"	">"	17	21	TRUE	NA	"Rule0"	NA	NA	NA	NA	NA	"bug01"	"bug01"	1	"bug01_L4_Rule0_nt_total"
"BCG_CT_2015"	"bug01"	"nt_total"	"21-B-001_2021-09-29_1_First"	46	3	"> 17(19-23)"	">"	19	23	TRUE	NA	"Rule0"	NA	NA	NA	NA	NA	"bug01"	"bug01"	1	"bug01_L3_Rule0_nt_total"
"BCG_CT_2015"	"bug01"	"nt_total"	"21-B-005_2021-09-30_1_First"	40	2	"> 27 (25-30)"	">"	25	30	TRUE	NA	"Rule0"	NA	NA	NA	NA	NA	"bug01"	"bug01"	1	"bug01_L2_Rule0_nt_total"
"BCG_CT_2015"	"bug01"	"nt_total"	"21-B-005_2021-09-30_1_First"	40	2	"> 27.5 (25-30)"	">"	25	30	TRUE	NA	"Rule1"	NA	NA	NA	NA	NA	"bug01"	"bug01"	1	"bug01_L2_Rule1_nt_total"
"BCG_CT_2015"	"bug01"	"nt_total"	"21-B-005_2021-09-30_1_First"	40	5	"> 10 (8-12)"	">"	8	12	TRUE	NA	"Rule0"	NA	NA	NA	NA	NA	"bug01"	"bug01"	1	"bug01_L5_Rule0_nt_total"
"BCG_CT_2015"	"bug01"	"nt_total"	"21-B-005_2021-09-30_1_First"	40	4	"> 19(17-21)"	">"	17	21	TRUE	NA	"Rule0"	NA	NA	NA	NA	NA	"bug01"	"bug01"	1	"bug01_L4_Rule0_nt_total"
"BCG_CT_2015"	"bug01"	"nt_total"	"21-B-005_2021-09-30_1_First"	40	3	"> 17(19-23)"	">"	19	23	TRUE	NA	"Rule0"	NA	NA	NA	NA	NA	"bug01"	"bug01"	1	"bug01_L3_Rule0_nt_total"
"BCG_CT_2015"	"bug01"	"nt_total"	"21-B-007_2021-09-30_1_First"	60	2	"> 27 (25-30)"	">"	25	30	TRUE	NA	"Rule0"	NA	NA	NA	NA	NA	"bug01"	"bug01"	1	"bug01_L2_Rule0_nt_total"
"BCG_CT_2015"	"bug01"	"nt_total"	"21-B-007_2021-09-30_1_First"	60	2	"> 27.5 (25-30)"	">"	25	30	TRUE	NA	"Rule1"	NA	NA	NA	NA	NA	"bug01"	"bug01"	1	"bug01_L2_Rule1_nt_total"
"BCG_CT_2015"	"bug01"	"nt_total"	"21-B-007_2021-09-30_1_First"	60	5	"> 10 (8-12)"	">"	8	12	TRUE	NA	"Rule0"	NA	NA	NA	NA	NA	"bug01"	"bug01"	1	"bug01_L5_Rule0_nt_total"
"BCG_CT_2015"	"bug01"	"nt_total"	"21-B-007_2021-09-30_1_First"	60	4	"> 19(17-21)"	">"	17	21	TRUE	NA	"Rule0"	NA	NA	NA	NA	NA	"bug01"	"bug01"	1	"bug01_L4_Rule0_nt_total"
"BCG_CT_2015"	"bug01"	"nt_total"	"21-B-007_2021-09-30_1_First"	60	3	"> 17(19-23)"	">"	19	23	TRUE	NA	"Rule0"	NA	NA	NA	NA	NA	"bug01"	"bug01"	1	"bug01_L3_Rule0_nt_total"
"BCG_CT_2015"	"bug01"	"nt_total"	"21-B-006_2021-09-30_2_First"	39	2	"> 27 (25-30)"	">"	25	30	TRUE	NA	"Rule0"	NA	NA	NA	NA	NA	"bug01"	"bug01"	1	"bug01_L2_Rule0_nt_total"
"BCG_CT_2015"	"bug01"	"nt_total"	"21-B-006_2021-09-30_2_First"	39	2	"> 27.5 (25-30)"	">"	25	30	TRUE	NA	"Rule1"	NA	NA	NA	NA	NA	"bug01"	"bug01"	1	"bug01_L2_Rule1_nt_total"
"BCG_CT_2015"	"bug01"	"nt_total"	"21-B-006_2021-09-30_2_First"	39	5	"> 10 (8-12)"	">"	8	12	TRUE	NA	"Rule0"	NA	NA	NA	NA	NA	"bug01"	"bug01"	1	"bug01_L5_Rule0_nt_total"
"BCG_CT_2015"	"bug01"	"nt_total"	"21-B-006_2021-09-30_2_First"	39	4	"> 19(17-21)"	">"	17	21	TRUE	NA	"Rule0"	NA	NA	NA	NA	NA	"bug01"	"bug01"	1	"bug01_L4_Rule0_nt_total"
"BCG_CT_2015"	"bug01"	"nt_total"	"21-B-006_2021-09-30_2_First"	39	3	"> 17(19-23)"	">"	19	23	TRUE	NA	"Rule0"	NA	NA	NA	NA	NA	"bug01"	"bug01"	1	"bug01_L3_Rule0_nt_total"
"BCG_CT_2015"	"bug01"	"pi_BCG_att123"	"22-B-012_2022-10-07_1_First"	12.1495327102804	2	"> 35%(30-40)"	">"	30	40	TRUE	NA	"Rule0"	NA	NA	NA	NA	NA	"bug01"	"bug01"	0	"bug01_L2_Rule0_pi_BCG_att123"
"BCG_CT_2015"	"bug01"	"pi_BCG_att123"	"22-B-012_2022-10-07_1_First"	12.1495327102804	3	"> 35%(30-40)"	">"	30	40	TRUE	NA	"Rule0"	NA	NA	NA	NA	NA	"bug01"	"bug01"	0	"bug01_L3_Rule0_pi_BCG_att123"
"BCG_CT_2015"	"bug01"	"pi_BCG_att123"	"22-B-012_2022-10-07_1_First"	12.1495327102804	4	"> 15%(10-20)"	">"	10	20	TRUE	NA	"Rule0"	NA	NA	NA	NA	NA	"bug01"	"bug01"	0.214953271028037	"bug01_L4_Rule0_pi_BCG_att123"
"BCG_CT_2015"	"bug01"	"pi_BCG_att123"	"22-B-011_2022-10-07_1_First"	10.9004739336493	2	"> 35%(30-40)"	">"	30	40	TRUE	NA	"Rule0"	NA	NA	NA	NA	NA	"bug01"	"bug01"	0	"bug01_L2_Rule0_pi_BCG_att123"
"BCG_CT_2015"	"bug01"	"pi_BCG_att123"	"22-B-011_2022-10-07_1_First"	10.9004739336493	3	"> 35%(30-40)"	">"	30	40	TRUE	NA	"Rule0"	NA	NA	NA	NA	NA	"bug01"	"bug01"	0	"bug01_L3_Rule0_pi_BCG_att123"
"BCG_CT_2015"	"bug01"	"pi_BCG_att123"	"22-B-011_2022-10-07_1_First"	10.9004739336493	4	"> 15%(10-20)"	">"	10	20	TRUE	NA	"Rule0"	NA	NA	NA	NA	NA	"bug01"	"bug01"	0.0900473933649288	"bug01_L4_Rule0_pi_BCG_att123"
"BCG_CT_2015"	"bug01"	"pi_BCG_att123"	"22-B-016_2022-10-11_1_First"	23.7623762376238	2	"> 35%(30-40)"	">"	30	40	TRUE	NA	"Rule0"	NA	NA	NA	NA	NA	"bug01"	"bug01"	0	"bug01_L2_Rule0_pi_BCG_att123"
"BCG_CT_2015"	"bug01"	"pi_BCG_att123"	"22-B-016_2022-10-11_1_First"	23.7623762376238	3	"> 35%(30-40)"	">"	30	40	TRUE	NA	"Rule0"	NA	NA	NA	NA	NA	"bug01"	"bug01"	0	"bug01_L3_Rule0_pi_BCG_att123"
"BCG_CT_2015"	"bug01"	"pi_BCG_att123"	"22-B-016_2022-10-11_1_First"	23.7623762376238	4	"> 15%(10-20)"	">"	10	20	TRUE	NA	"Rule0"	NA	NA	NA	NA	NA	"bug01"	"bug01"	1	"bug01_L4_Rule0_pi_BCG_att123"
"BCG_CT_2015"	"bug01"	"pi_BCG_att123"	"22-B-017_2022-10-11_2_First"	30.5164319248826	2	"> 35%(30-40)"	">"	30	40	TRUE	NA	"Rule0"	NA	NA	NA	NA	NA	"bug01"	"bug01"	0.051643192488263	"bug01_L2_Rule0_pi_BCG_att123"
"BCG_CT_2015"	"bug01"	"pi_BCG_att123"	"22-B-017_2022-10-11_2_First"	30.5164319248826	3	"> 35%(30-40)"	">"	30	40	TRUE	NA	"Rule0"	NA	NA	NA	NA	NA	"bug01"	"bug01"	0.051643192488263	"bug01_L3_Rule0_pi_BCG_att123"
"BCG_CT_2015"	"bug01"	"pi_BCG_att123"	"22-B-017_2022-10-11_2_First"	30.5164319248826	4	"> 15%(10-20)"	">"	10	20	TRUE	NA	"Rule0"	NA	NA	NA	NA	NA	"bug01"	"bug01"	1	"bug01_L4_Rule0_pi_BCG_att123"
"BCG_CT_2015"	"bug01"	"pi_BCG_att123"	"22-B-018_2022-10-12_1_First"	48.1012658227848	2	"> 35%(30-40)"	">"	30	40	TRUE	NA	"Rule0"	NA	NA	NA	NA	NA	"bug01"	"bug01"	1	"bug01_L2_Rule0_pi_BCG_att123"
"BCG_CT_2015"	"bug01"	"pi_BCG_att123"	"22-B-018_2022-10-12_1_First"	48.1012658227848	3	"> 35%(30-40)"	">"	30	40	TRUE	NA	"Rule0"	NA	NA	NA	NA	NA	"bug01"	"bug01"	1	"bug01_L3_Rule0_pi_BCG_att123"
"BCG_CT_2015"	"bug01"	"pi_BCG_att123"	"22-B-018_2022-10-12_1_First"	48.1012658227848	4	"> 15%(10-20)"	">"	10	20	TRUE	NA	"Rule0"	NA	NA	NA	NA	NA	"bug01"	"bug01"	1	"bug01_L4_Rule0_pi_BCG_att123"
"BCG_CT_2015"	"bug01"	"pi_BCG_att123"	"22-B-019_2022-10-12_1_First"	28.6384976525822	2	"> 35%(30-40)"	">"	30	40	TRUE	NA	"Rule0"	NA	NA	NA	NA	NA	"bug01"	"bug01"	0	"bug01_L2_Rule0_pi_BCG_att123"
"BCG_CT_2015"	"bug01"	"pi_BCG_att123"	"22-B-019_2022-10-12_1_First"	28.6384976525822	3	"> 35%(30-40)"	">"	30	40	TRUE	NA	"Rule0"	NA	NA	NA	NA	NA	"bug01"	"bug01"	0	"bug01_L3_Rule0_pi_BCG_att123"
"BCG_CT_2015"	"bug01"	"pi_BCG_att123"	"22-B-019_2022-10-12_1_First"	28.6384976525822	4	"> 15%(10-20)"	">"	10	20	TRUE	NA	"Rule0"	NA	NA	NA	NA	NA	"bug01"	"bug01"	1	"bug01_L4_Rule0_pi_BCG_att123"
"BCG_CT_2015"	"bug01"	"pi_BCG_att123"	"22-B-020_2022-10-12_1_First"	68.5	2	"> 35%(30-40)"	">"	30	40	TRUE	NA	"Rule0"	NA	NA	NA	NA	NA	"bug01"	"bug01"	1	"bug01_L2_Rule0_pi_BCG_att123"
"BCG_CT_2015"	"bug01"	"pi_BCG_att123"	"22-B-020_2022-10-12_1_First"	68.5	3	"> 35%(30-40)"	">"	30	40	TRUE	NA	"Rule0"	NA	NA	NA	NA	NA	"bug01"	"bug01"	1	"bug01_L3_Rule0_pi_BCG_att123"
"BCG_CT_2015"	"bug01"	"pi_BCG_att123"	"22-B-020_2022-10-12_1_First"	68.5	4	"> 15%(10-20)"	">"	10	20	TRUE	NA	"Rule0"	NA	NA	NA	NA	NA	"bug01"	"bug01"	1	"bug01_L4_Rule0_pi_BCG_att123"
"BCG_CT_2015"	"bug01"	"pi_BCG_att123"	"22-B-021_2022-10-13_1_First"	1.41509433962264	2	"> 35%(30-40)"	">"	30	40	TRUE	NA	"Rule0"	NA	NA	NA	NA	NA	"bug01"	"bug01"	0	"bug01_L2_Rule0_pi_BCG_att123"
"BCG_CT_2015"	"bug01"	"pi_BCG_att123"	"22-B-021_2022-10-13_1_First"	1.41509433962264	3	"> 35%(30-40)"	">"	30	40	TRUE	NA	"Rule0"	NA	NA	NA	NA	NA	"bug01"	"bug01"	0	"bug01_L3_Rule0_pi_BCG_att123"
"BCG_CT_2015"	"bug01"	"pi_BCG_att123"	"22-B-021_2022-10-13_1_First"	1.41509433962264	4	"> 15%(10-20)"	">"	10	20	TRUE	NA	"Rule0"	NA	NA	NA	NA	NA	"bug01"	"bug01"	0	"bug01_L4_Rule0_pi_BCG_att123"
"BCG_CT_2015"	"bug01"	"pi_BCG_att123"	"22-B-022_2022-10-13_1_Second"	9.67741935483871	2	"> 35%(30-40)"	">"	30	40	TRUE	NA	"Rule0"	NA	NA	NA	NA	NA	"bug01"	"bug01"	0	"bug01_L2_Rule0_pi_BCG_att123"
"BCG_CT_2015"	"bug01"	"pi_BCG_att123"	"22-B-022_2022-10-13_1_Second"	9.67741935483871	3	"> 35%(30-40)"	">"	30	40	TRUE	NA	"Rule0"	NA	NA	NA	NA	NA	"bug01"	"bug01"	0	"bug01_L3_Rule0_pi_BCG_att123"
"BCG_CT_2015"	"bug01"	"pi_BCG_att123"	"22-B-022_2022-10-13_1_Second"	9.67741935483871	4	"> 15%(10-20)"	">"	10	20	TRUE	NA	"Rule0"	NA	NA	NA	NA	NA	"bug01"	"bug01"	0	"bug01_L4_Rule0_pi_BCG_att123"
"BCG_CT_2015"	"bug01"	"pi_BCG_att123"	"22-B-022_2022-10-13_2_First"	15.1515151515152	2	"> 35%(30-40)"	">"	30	40	TRUE	NA	"Rule0"	NA	NA	NA	NA	NA	"bug01"	"bug01"	0	"bug01_L2_Rule0_pi_BCG_att123"
"BCG_CT_2015"	"bug01"	"pi_BCG_att123"	"22-B-022_2022-10-13_2_First"	15.1515151515152	3	"> 35%(30-40)"	">"	30	40	TRUE	NA	"Rule0"	NA	NA	NA	NA	NA	"bug01"	"bug01"	0	"bug01_L3_Rule0_pi_BCG_att123"
"BCG_CT_2015"	"bug01"	"pi_BCG_att123"	"22-B-022_2022-10-13_2_First"	15.1515151515152	4	"> 15%(10-20)"	">"	10	20	TRUE	NA	"Rule0"	NA	NA	NA	NA	NA	"bug01"	"bug01"	0.515151515151515	"bug01_L4_Rule0_pi_BCG_att123"
"BCG_CT_2015"	"bug01"	"pi_BCG_att123"	"22-B-023_2022-10-13_1_First"	1.97044334975369	2	"> 35%(30-40)"	">"	30	40	TRUE	NA	"Rule0"	NA	NA	NA	NA	NA	"bug01"	"bug01"	0	"bug01_L2_Rule0_pi_BCG_att123"
"BCG_CT_2015"	"bug01"	"pi_BCG_att123"	"22-B-023_2022-10-13_1_First"	1.97044334975369	3	"> 35%(30-40)"	">"	30	40	TRUE	NA	"Rule0"	NA	NA	NA	NA	NA	"bug01"	"bug01"	0	"bug01_L3_Rule0_pi_BCG_att123"
"BCG_CT_2015"	"bug01"	"pi_BCG_att123"	"22-B-023_2022-10-13_1_First"	1.97044334975369	4	"> 15%(10-20)"	">"	10	20	TRUE	NA	"Rule0"	NA	NA	NA	NA	NA	"bug01"	"bug01"	0	"bug01_L4_Rule0_pi_BCG_att123"
"BCG_CT_2015"	"bug01"	"pi_BCG_att123"	"22-B-024_2022-10-13_2_First"	0	2	"> 35%(30-40)"	">"	30	40	TRUE	NA	"Rule0"	NA	NA	NA	NA	NA	"bug01"	"bug01"	0	"bug01_L2_Rule0_pi_BCG_att123"
"BCG_CT_2015"	"bug01"	"pi_BCG_att123"	"22-B-024_2022-10-13_2_First"	0	3	"> 35%(30-40)"	">"	30	40	TRUE	NA	"Rule0"	NA	NA	NA	NA	NA	"bug01"	"bug01"	0	"bug01_L3_Rule0_pi_BCG_att123"
"BCG_CT_2015"	"bug01"	"pi_BCG_att123"	"22-B-024_2022-10-13_2_First"	0	4	"> 15%(10-20)"	">"	10	20	TRUE	NA	"Rule0"	NA	NA	NA	NA	NA	"bug01"	"bug01"	0	"bug01_L4_Rule0_pi_BCG_att123"
"BCG_CT_2015"	"bug01"	"pi_BCG_att123"	"22-B-025_2022-10-13_1_First"	67.7551020408163	2	"> 35%(30-40)"	">"	30	40	TRUE	NA	"Rule0"	NA	NA	NA	NA	NA	"bug01"	"bug01"	1	"bug01_L2_Rule0_pi_BCG_att123"
"BCG_CT_2015"	"bug01"	"pi_BCG_att123"	"22-B-025_2022-10-13_1_First"	67.7551020408163	3	"> 35%(30-40)"	">"	30	40	TRUE	NA	"Rule0"	NA	NA	NA	NA	NA	"bug01"	"bug01"	1	"bug01_L3_Rule0_pi_BCG_att123"
"BCG_CT_2015"	"bug01"	"pi_BCG_att123"	"22-B-025_2022-10-13_1_First"	67.7551020408163	4	"> 15%(10-20)"	">"	10	20	TRUE	NA	"Rule0"	NA	NA	NA	NA	NA	"bug01"	"bug01"	1	"bug01_L4_Rule0_pi_BCG_att123"
"BCG_CT_2015"	"bug01"	"pi_BCG_att123"	"22-B-026_2022-10-13_1_First"	45.7013574660633	2	"> 35%(30-40)"	">"	30	40	TRUE	NA	"Rule0"	NA	NA	NA	NA	NA	"bug01"	"bug01"	1	"bug01_L2_Rule0_pi_BCG_att123"
"BCG_CT_2015"	"bug01"	"pi_BCG_att123"	"22-B-026_2022-10-13_1_First"	45.7013574660633	3	"> 35%(30-40)"	">"	30	40	TRUE	NA	"Rule0"	NA	NA	NA	NA	NA	"bug01"	"bug01"	1	"bug01_L3_Rule0_pi_BCG_att123"
"BCG_CT_2015"	"bug01"	"pi_BCG_att123"	"22-B-026_2022-10-13_1_First"	45.7013574660633	4	"> 15%(10-20)"	">"	10	20	TRUE	NA	"Rule0"	NA	NA	NA	NA	NA	"bug01"	"bug01"	1	"bug01_L4_Rule0_pi_BCG_att123"
"BCG_CT_2015"	"bug01"	"pi_BCG_att123"	"22-B-027_2022-10-13_1_First"	69.6969696969697	2	"> 35%(30-40)"	">"	30	40	TRUE	NA	"Rule0"	NA	NA	NA	NA	NA	"bug01"	"bug01"	1	"bug01_L2_Rule0_pi_BCG_att123"
"BCG_CT_2015"	"bug01"	"pi_BCG_att123"	"22-B-027_2022-10-13_1_First"	69.6969696969697	3	"> 35%(30-40)"	">"	30	40	TRUE	NA	"Rule0"	NA	NA	NA	NA	NA	"bug01"	"bug01"	1	"bug01_L3_Rule0_pi_BCG_att123"
"BCG_CT_2015"	"bug01"	"pi_BCG_att123"	"22-B-027_2022-10-13_1_First"	69.6969696969697	4	"> 15%(10-20)"	">"	10	20	TRUE	NA	"Rule0"	NA	NA	NA	NA	NA	"bug01"	"bug01"	1	"bug01_L4_Rule0_pi_BCG_att123"
"BCG_CT_2015"	"bug01"	"pi_BCG_att123"	"22-B-028_2022-10-14_1_First"	45.8128078817734	2	"> 35%(30-40)"	">"	30	40	TRUE	NA	"Rule0"	NA	NA	NA	NA	NA	"bug01"	"bug01"	1	"bug01_L2_Rule0_pi_BCG_att123"
"BCG_CT_2015"	"bug01"	"pi_BCG_att123"	"22-B-028_2022-10-14_1_First"	45.8128078817734	3	"> 35%(30-40)"	">"	30	40	TRUE	NA	"Rule0"	NA	NA	NA	NA	NA	"bug01"	"bug01"	1	"bug01_L3_Rule0_pi_BCG_att123"
"BCG_CT_2015"	"bug01"	"pi_BCG_att123"	"22-B-028_2022-10-14_1_First"	45.8128078817734	4	"> 15%(10-20)"	">"	10	20	TRUE	NA	"Rule0"	NA	NA	NA	NA	NA	"bug01"	"bug01"	1	"bug01_L4_Rule0_pi_BCG_att123"
"BCG_CT_2015"	"bug01"	"pi_BCG_att123"	"22-B-028_2022-10-14_1_Second"	47	2	"> 35%(30-40)"	">"	30	40	TRUE	NA	"Rule0"	NA	NA	NA	NA	NA	"bug01"	"bug01"	1	"bug01_L2_Rule0_pi_BCG_att123"
"BCG_CT_2015"	"bug01"	"pi_BCG_att123"	"22-B-028_2022-10-14_1_Second"	47	3	"> 35%(30-40)"	">"	30	40	TRUE	NA	"Rule0"	NA	NA	NA	NA	NA	"bug01"	"bug01"	1	"bug01_L3_Rule0_pi_BCG_att123"
"BCG_CT_2015"	"bug01"	"pi_BCG_att123"	"22-B-028_2022-10-14_1_Second"	47	4	"> 15%(10-20)"	">"	10	20	TRUE	NA	"Rule0"	NA	NA	NA	NA	NA	"bug01"	"bug01"	1	"bug01_L4_Rule0_pi_BCG_att123"
"BCG_CT_2015"	"bug01"	"pi_BCG_att123"	"22-B-029_2022-10-14_2_First"	50.2439024390244	2	"> 35%(30-40)"	">"	30	40	TRUE	NA	"Rule0"	NA	NA	NA	NA	NA	"bug01"	"bug01"	1	"bug01_L2_Rule0_pi_BCG_att123"
"BCG_CT_2015"	"bug01"	"pi_BCG_att123"	"22-B-029_2022-10-14_2_First"	50.2439024390244	3	"> 35%(30-40)"	">"	30	40	TRUE	NA	"Rule0"	NA	NA	NA	NA	NA	"bug01"	"bug01"	1	"bug01_L3_Rule0_pi_BCG_att123"
"BCG_CT_2015"	"bug01"	"pi_BCG_att123"	"22-B-029_2022-10-14_2_First"	50.2439024390244	4	"> 15%(10-20)"	">"	10	20	TRUE	NA	"Rule0"	NA	NA	NA	NA	NA	"bug01"	"bug01"	1	"bug01_L4_Rule0_pi_BCG_att123"
"BCG_CT_2015"	"bug01"	"pi_BCG_att123"	"22-B-030_2022-10-14_1_First"	75.2380952380952	2	"> 35%(30-40)"	">"	30	40	TRUE	NA	"Rule0"	NA	NA	NA	NA	NA	"bug01"	"bug01"	1	"bug01_L2_Rule0_pi_BCG_att123"
"BCG_CT_2015"	"bug01"	"pi_BCG_att123"	"22-B-030_2022-10-14_1_First"	75.2380952380952	3	"> 35%(30-40)"	">"	30	40	TRUE	NA	"Rule0"	NA	NA	NA	NA	NA	"bug01"	"bug01"	1	"bug01_L3_Rule0_pi_BCG_att123"
"BCG_CT_2015"	"bug01"	"pi_BCG_att123"	"22-B-030_2022-10-14_1_First"	75.2380952380952	4	"> 15%(10-20)"	">"	10	20	TRUE	NA	"Rule0"	NA	NA	NA	NA	NA	"bug01"	"bug01"	1	"bug01_L4_Rule0_pi_BCG_att123"
"BCG_CT_2015"	"bug01"	"pi_BCG_att123"	"22-B-031_2022-10-14_1_First"	72.5	2	"> 35%(30-40)"	">"	30	40	TRUE	NA	"Rule0"	NA	NA	NA	NA	NA	"bug01"	"bug01"	1	"bug01_L2_Rule0_pi_BCG_att123"
"BCG_CT_2015"	"bug01"	"pi_BCG_att123"	"22-B-031_2022-10-14_1_First"	72.5	3	"> 35%(30-40)"	">"	30	40	TRUE	NA	"Rule0"	NA	NA	NA	NA	NA	"bug01"	"bug01"	1	"bug01_L3_Rule0_pi_BCG_att123"
"BCG_CT_2015"	"bug01"	"pi_BCG_att123"	"22-B-031_2022-10-14_1_First"	72.5	4	"> 15%(10-20)"	">"	10	20	TRUE	NA	"Rule0"	NA	NA	NA	NA	NA	"bug01"	"bug01"	1	"bug01_L4_Rule0_pi_BCG_att123"
"BCG_CT_2015"	"bug01"	"pi_BCG_att123"	"22-B-032_2022-10-14_1_First"	31.1320754716981	2	"> 35%(30-40)"	">"	30	40	TRUE	NA	"Rule0"	NA	NA	NA	NA	NA	"bug01"	"bug01"	0.113207547169811	"bug01_L2_Rule0_pi_BCG_att123"
"BCG_CT_2015"	"bug01"	"pi_BCG_att123"	"22-B-032_2022-10-14_1_First"	31.1320754716981	3	"> 35%(30-40)"	">"	30	40	TRUE	NA	"Rule0"	NA	NA	NA	NA	NA	"bug01"	"bug01"	0.113207547169811	"bug01_L3_Rule0_pi_BCG_att123"
"BCG_CT_2015"	"bug01"	"pi_BCG_att123"	"22-B-032_2022-10-14_1_First"	31.1320754716981	4	"> 15%(10-20)"	">"	10	20	TRUE	NA	"Rule0"	NA	NA	NA	NA	NA	"bug01"	"bug01"	1	"bug01_L4_Rule0_pi_BCG_att123"
"BCG_CT_2015"	"bug01"	"pi_BCG_att123"	"22-B-033_2022-10-14_1_First"	61	2	"> 35%(30-40)"	">"	30	40	TRUE	NA	"Rule0"	NA	NA	NA	NA	NA	"bug01"	"bug01"	1	"bug01_L2_Rule0_pi_BCG_att123"
"BCG_CT_2015"	"bug01"	"pi_BCG_att123"	"22-B-033_2022-10-14_1_First"	61	3	"> 35%(30-40)"	">"	30	40	TRUE	NA	"Rule0"	NA	NA	NA	NA	NA	"bug01"	"bug01"	1	"bug01_L3_Rule0_pi_BCG_att123"
"BCG_CT_2015"	"bug01"	"pi_BCG_att123"	"22-B-033_2022-10-14_1_First"	61	4	"> 15%(10-20)"	">"	10	20	TRUE	NA	"Rule0"	NA	NA	NA	NA	NA	"bug01"	"bug01"	1	"bug01_L4_Rule0_pi_BCG_att123"
"BCG_CT_2015"	"bug01"	"pi_BCG_att123"	"22-B-034_2022-10-17_1_First"	72.2943722943723	2	"> 35%(30-40)"	">"	30	40	TRUE	NA	"Rule0"	NA	NA	NA	NA	NA	"bug01"	"bug01"	1	"bug01_L2_Rule0_pi_BCG_att123"
"BCG_CT_2015"	"bug01"	"pi_BCG_att123"	"22-B-034_2022-10-17_1_First"	72.2943722943723	3	"> 35%(30-40)"	">"	30	40	TRUE	NA	"Rule0"	NA	NA	NA	NA	NA	"bug01"	"bug01"	1	"bug01_L3_Rule0_pi_BCG_att123"
"BCG_CT_2015"	"bug01"	"pi_BCG_att123"	"22-B-034_2022-10-17_1_First"	72.2943722943723	4	"> 15%(10-20)"	">"	10	20	TRUE	NA	"Rule0"	NA	NA	NA	NA	NA	"bug01"	"bug01"	1	"bug01_L4_Rule0_pi_BCG_att123"
"BCG_CT_2015"	"bug01"	"pi_BCG_att123"	"22-B-035_2022-10-17_2_First"	56.4593301435407	2	"> 35%(30-40)"	">"	30	40	TRUE	NA	"Rule0"	NA	NA	NA	NA	NA	"bug01"	"bug01"	1	"bug01_L2_Rule0_pi_BCG_att123"
"BCG_CT_2015"	"bug01"	"pi_BCG_att123"	"22-B-035_2022-10-17_2_First"	56.4593301435407	3	"> 35%(30-40)"	">"	30	40	TRUE	NA	"Rule0"	NA	NA	NA	NA	NA	"bug01"	"bug01"	1	"bug01_L3_Rule0_pi_BCG_att123"
"BCG_CT_2015"	"bug01"	"pi_BCG_att123"	"22-B-035_2022-10-17_2_First"	56.4593301435407	4	"> 15%(10-20)"	">"	10	20	TRUE	NA	"Rule0"	NA	NA	NA	NA	NA	"bug01"	"bug01"	1	"bug01_L4_Rule0_pi_BCG_att123"
"BCG_CT_2015"	"bug01"	"pi_BCG_att123"	"22-B-036_2022-10-17_1_First"	47.5	2	"> 35%(30-40)"	">"	30	40	TRUE	NA	"Rule0"	NA	NA	NA	NA	NA	"bug01"	"bug01"	1	"bug01_L2_Rule0_pi_BCG_att123"
"BCG_CT_2015"	"bug01"	"pi_BCG_att123"	"22-B-036_2022-10-17_1_First"	47.5	3	"> 35%(30-40)"	">"	30	40	TRUE	NA	"Rule0"	NA	NA	NA	NA	NA	"bug01"	"bug01"	1	"bug01_L3_Rule0_pi_BCG_att123"
"BCG_CT_2015"	"bug01"	"pi_BCG_att123"	"22-B-036_2022-10-17_1_First"	47.5	4	"> 15%(10-20)"	">"	10	20	TRUE	NA	"Rule0"	NA	NA	NA	NA	NA	"bug01"	"bug01"	1	"bug01_L4_Rule0_pi_BCG_att123"
"BCG_CT_2015"	"bug01"	"pi_BCG_att123"	"22-B-037_2022-10-17_1_First"	73.9130434782609	2	"> 35%(30-40)"	">"	30	40	TRUE	NA	"Rule0"	NA	NA	NA	NA	NA	"bug01"	"bug01"	1	"bug01_L2_Rule0_pi_BCG_att123"
"BCG_CT_2015"	"bug01"	"pi_BCG_att123"	"22-B-037_2022-10-17_1_First"	73.9130434782609	3	"> 35%(30-40)"	">"	30	40	TRUE	NA	"Rule0"	NA	NA	NA	NA	NA	"bug01"	"bug01"	1	"bug01_L3_Rule0_pi_BCG_att123"
"BCG_CT_2015"	"bug01"	"pi_BCG_att123"	"22-B-037_2022-10-17_1_First"	73.9130434782609	4	"> 15%(10-20)"	">"	10	20	TRUE	NA	"Rule0"	NA	NA	NA	NA	NA	"bug01"	"bug01"	1	"bug01_L4_Rule0_pi_BCG_att123"
"BCG_CT_2015"	"bug01"	"pi_BCG_att123"	"22-B-037_2022-10-17_1_Second"	73.2718894009217	2	"> 35%(30-40)"	">"	30	40	TRUE	NA	"Rule0"	NA	NA	NA	NA	NA	"bug01"	"bug01"	1	"bug01_L2_Rule0_pi_BCG_att123"
"BCG_CT_2015"	"bug01"	"pi_BCG_att123"	"22-B-037_2022-10-17_1_Second"	73.2718894009217	3	"> 35%(30-40)"	">"	30	40	TRUE	NA	"Rule0"	NA	NA	NA	NA	NA	"bug01"	"bug01"	1	"bug01_L3_Rule0_pi_BCG_att123"
"BCG_CT_2015"	"bug01"	"pi_BCG_att123"	"22-B-037_2022-10-17_1_Second"	73.2718894009217	4	"> 15%(10-20)"	">"	10	20	TRUE	NA	"Rule0"	NA	NA	NA	NA	NA	"bug01"	"bug01"	1	"bug01_L4_Rule0_pi_BCG_att123"
"BCG_CT_2015"	"bug01"	"pi_BCG_att123"	"22-B-038_2022-10-17_1_First"	65.7142857142857	2	"> 35%(30-40)"	">"	30	40	TRUE	NA	"Rule0"	NA	NA	NA	NA	NA	"bug01"	"bug01"	1	"bug01_L2_Rule0_pi_BCG_att123"
"BCG_CT_2015"	"bug01"	"pi_BCG_att123"	"22-B-038_2022-10-17_1_First"	65.7142857142857	3	"> 35%(30-40)"	">"	30	40	TRUE	NA	"Rule0"	NA	NA	NA	NA	NA	"bug01"	"bug01"	1	"bug01_L3_Rule0_pi_BCG_att123"
"BCG_CT_2015"	"bug01"	"pi_BCG_att123"	"22-B-038_2022-10-17_1_First"	65.7142857142857	4	"> 15%(10-20)"	">"	10	20	TRUE	NA	"Rule0"	NA	NA	NA	NA	NA	"bug01"	"bug01"	1	"bug01_L4_Rule0_pi_BCG_att123"
"BCG_CT_2015"	"bug01"	"pi_BCG_att123"	"22-B-039_2022-10-18_1_First"	74.1379310344828	2	"> 35%(30-40)"	">"	30	40	TRUE	NA	"Rule0"	NA	NA	NA	NA	NA	"bug01"	"bug01"	1	"bug01_L2_Rule0_pi_BCG_att123"
"BCG_CT_2015"	"bug01"	"pi_BCG_att123"	"22-B-039_2022-10-18_1_First"	74.1379310344828	3	"> 35%(30-40)"	">"	30	40	TRUE	NA	"Rule0"	NA	NA	NA	NA	NA	"bug01"	"bug01"	1	"bug01_L3_Rule0_pi_BCG_att123"
"BCG_CT_2015"	"bug01"	"pi_BCG_att123"	"22-B-039_2022-10-18_1_First"	74.1379310344828	4	"> 15%(10-20)"	">"	10	20	TRUE	NA	"Rule0"	NA	NA	NA	NA	NA	"bug01"	"bug01"	1	"bug01_L4_Rule0_pi_BCG_att123"
"BCG_CT_2015"	"bug01"	"pi_BCG_att123"	"22-B-040_2022-10-18_1_First"	52.914798206278	2	"> 35%(30-40)"	">"	30	40	TRUE	NA	"Rule0"	NA	NA	NA	NA	NA	"bug01"	"bug01"	1	"bug01_L2_Rule0_pi_BCG_att123"
"BCG_CT_2015"	"bug01"	"pi_BCG_att123"	"22-B-040_2022-10-18_1_First"	52.914798206278	3	"> 35%(30-40)"	">"	30	40	TRUE	NA	"Rule0"	NA	NA	NA	NA	NA	"bug01"	"bug01"	1	"bug01_L3_Rule0_pi_BCG_att123"
"BCG_CT_2015"	"bug01"	"pi_BCG_att123"	"22-B-040_2022-10-18_1_First"	52.914798206278	4	"> 15%(10-20)"	">"	10	20	TRUE	NA	"Rule0"	NA	NA	NA	NA	NA	"bug01"	"bug01"	1	"bug01_L4_Rule0_pi_BCG_att123"
"BCG_CT_2015"	"bug01"	"pi_BCG_att123"	"22-B-041_2022-10-18_1_First"	42.3076923076923	2	"> 35%(30-40)"	">"	30	40	TRUE	NA	"Rule0"	NA	NA	NA	NA	NA	"bug01"	"bug01"	1	"bug01_L2_Rule0_pi_BCG_att123"
"BCG_CT_2015"	"bug01"	"pi_BCG_att123"	"22-B-041_2022-10-18_1_First"	42.3076923076923	3	"> 35%(30-40)"	">"	30	40	TRUE	NA	"Rule0"	NA	NA	NA	NA	NA	"bug01"	"bug01"	1	"bug01_L3_Rule0_pi_BCG_att123"
"BCG_CT_2015"	"bug01"	"pi_BCG_att123"	"22-B-041_2022-10-18_1_First"	42.3076923076923	4	"> 15%(10-20)"	">"	10	20	TRUE	NA	"Rule0"	NA	NA	NA	NA	NA	"bug01"	"bug01"	1	"bug01_L4_Rule0_pi_BCG_att123"
"BCG_CT_2015"	"bug01"	"pi_BCG_att123"	"22-B-042_2022-10-19_1_First"	57.5	2	"> 35%(30-40)"	">"	30	40	TRUE	NA	"Rule0"	NA	NA	NA	NA	NA	"bug01"	"bug01"	1	"bug01_L2_Rule0_pi_BCG_att123"
"BCG_CT_2015"	"bug01"	"pi_BCG_att123"	"22-B-042_2022-10-19_1_First"	57.5	3	"> 35%(30-40)"	">"	30	40	TRUE	NA	"Rule0"	NA	NA	NA	NA	NA	"bug01"	"bug01"	1	"bug01_L3_Rule0_pi_BCG_att123"
"BCG_CT_2015"	"bug01"	"pi_BCG_att123"	"22-B-042_2022-10-19_1_First"	57.5	4	"> 15%(10-20)"	">"	10	20	TRUE	NA	"Rule0"	NA	NA	NA	NA	NA	"bug01"	"bug01"	1	"bug01_L4_Rule0_pi_BCG_att123"
"BCG_CT_2015"	"bug01"	"pi_BCG_att123"	"22-B-043_2022-10-19_1_First"	11.0169491525424	2	"> 35%(30-40)"	">"	30	40	TRUE	NA	"Rule0"	NA	NA	NA	NA	NA	"bug01"	"bug01"	0	"bug01_L2_Rule0_pi_BCG_att123"
"BCG_CT_2015"	"bug01"	"pi_BCG_att123"	"22-B-043_2022-10-19_1_First"	11.0169491525424	3	"> 35%(30-40)"	">"	30	40	TRUE	NA	"Rule0"	NA	NA	NA	NA	NA	"bug01"	"bug01"	0	"bug01_L3_Rule0_pi_BCG_att123"
"BCG_CT_2015"	"bug01"	"pi_BCG_att123"	"22-B-043_2022-10-19_1_First"	11.0169491525424	4	"> 15%(10-20)"	">"	10	20	TRUE	NA	"Rule0"	NA	NA	NA	NA	NA	"bug01"	"bug01"	0.101694915254237	"bug01_L4_Rule0_pi_BCG_att123"
"BCG_CT_2015"	"bug01"	"pi_BCG_att123"	"22-B-044_2022-10-19_1_First"	64.390243902439	2	"> 35%(30-40)"	">"	30	40	TRUE	NA	"Rule0"	NA	NA	NA	NA	NA	"bug01"	"bug01"	1	"bug01_L2_Rule0_pi_BCG_att123"
"BCG_CT_2015"	"bug01"	"pi_BCG_att123"	"22-B-044_2022-10-19_1_First"	64.390243902439	3	"> 35%(30-40)"	">"	30	40	TRUE	NA	"Rule0"	NA	NA	NA	NA	NA	"bug01"	"bug01"	1	"bug01_L3_Rule0_pi_BCG_att123"
"BCG_CT_2015"	"bug01"	"pi_BCG_att123"	"22-B-044_2022-10-19_1_First"	64.390243902439	4	"> 15%(10-20)"	">"	10	20	TRUE	NA	"Rule0"	NA	NA	NA	NA	NA	"bug01"	"bug01"	1	"bug01_L4_Rule0_pi_BCG_att123"
"BCG_CT_2015"	"bug01"	"pi_BCG_att123"	"22-B-045_2022-10-19_1_First"	44.2307692307692	2	"> 35%(30-40)"	">"	30	40	TRUE	NA	"Rule0"	NA	NA	NA	NA	NA	"bug01"	"bug01"	1	"bug01_L2_Rule0_pi_BCG_att123"
"BCG_CT_2015"	"bug01"	"pi_BCG_att123"	"22-B-045_2022-10-19_1_First"	44.2307692307692	3	"> 35%(30-40)"	">"	30	40	TRUE	NA	"Rule0"	NA	NA	NA	NA	NA	"bug01"	"bug01"	1	"bug01_L3_Rule0_pi_BCG_att123"
"BCG_CT_2015"	"bug01"	"pi_BCG_att123"	"22-B-045_2022-10-19_1_First"	44.2307692307692	4	"> 15%(10-20)"	">"	10	20	TRUE	NA	"Rule0"	NA	NA	NA	NA	NA	"bug01"	"bug01"	1	"bug01_L4_Rule0_pi_BCG_att123"
"BCG_CT_2015"	"bug01"	"pi_BCG_att123"	"22-B-046_2022-10-19_1_First"	56.4444444444444	2	"> 35%(30-40)"	">"	30	40	TRUE	NA	"Rule0"	NA	NA	NA	NA	NA	"bug01"	"bug01"	1	"bug01_L2_Rule0_pi_BCG_att123"
"BCG_CT_2015"	"bug01"	"pi_BCG_att123"	"22-B-046_2022-10-19_1_First"	56.4444444444444	3	"> 35%(30-40)"	">"	30	40	TRUE	NA	"Rule0"	NA	NA	NA	NA	NA	"bug01"	"bug01"	1	"bug01_L3_Rule0_pi_BCG_att123"
"BCG_CT_2015"	"bug01"	"pi_BCG_att123"	"22-B-046_2022-10-19_1_First"	56.4444444444444	4	"> 15%(10-20)"	">"	10	20	TRUE	NA	"Rule0"	NA	NA	NA	NA	NA	"bug01"	"bug01"	1	"bug01_L4_Rule0_pi_BCG_att123"
"BCG_CT_2015"	"bug01"	"pi_BCG_att123"	"22-B-047_2022-10-21_1_First"	67.1641791044776	2	"> 35%(30-40)"	">"	30	40	TRUE	NA	"Rule0"	NA	NA	NA	NA	NA	"bug01"	"bug01"	1	"bug01_L2_Rule0_pi_BCG_att123"
"BCG_CT_2015"	"bug01"	"pi_BCG_att123"	"22-B-047_2022-10-21_1_First"	67.1641791044776	3	"> 35%(30-40)"	">"	30	40	TRUE	NA	"Rule0"	NA	NA	NA	NA	NA	"bug01"	"bug01"	1	"bug01_L3_Rule0_pi_BCG_att123"
"BCG_CT_2015"	"bug01"	"pi_BCG_att123"	"22-B-047_2022-10-21_1_First"	67.1641791044776	4	"> 15%(10-20)"	">"	10	20	TRUE	NA	"Rule0"	NA	NA	NA	NA	NA	"bug01"	"bug01"	1	"bug01_L4_Rule0_pi_BCG_att123"
"BCG_CT_2015"	"bug01"	"pi_BCG_att123"	"21-B-001_2021-09-29_1_First"	20.8955223880597	2	"> 35%(30-40)"	">"	30	40	TRUE	NA	"Rule0"	NA	NA	NA	NA	NA	"bug01"	"bug01"	0	"bug01_L2_Rule0_pi_BCG_att123"
"BCG_CT_2015"	"bug01"	"pi_BCG_att123"	"21-B-001_2021-09-29_1_First"	20.8955223880597	3	"> 35%(30-40)"	">"	30	40	TRUE	NA	"Rule0"	NA	NA	NA	NA	NA	"bug01"	"bug01"	0	"bug01_L3_Rule0_pi_BCG_att123"
"BCG_CT_2015"	"bug01"	"pi_BCG_att123"	"21-B-001_2021-09-29_1_First"	20.8955223880597	4	"> 15%(10-20)"	">"	10	20	TRUE	NA	"Rule0"	NA	NA	NA	NA	NA	"bug01"	"bug01"	1	"bug01_L4_Rule0_pi_BCG_att123"
"BCG_CT_2015"	"bug01"	"pi_BCG_att123"	"21-B-004_2021-09-30_1_First"	37.6175548589342	2	"> 35%(30-40)"	">"	30	40	TRUE	NA	"Rule0"	NA	NA	NA	NA	NA	"bug01"	"bug01"	0.761755485893417	"bug01_L2_Rule0_pi_BCG_att123"
"BCG_CT_2015"	"bug01"	"pi_BCG_att123"	"21-B-004_2021-09-30_1_First"	37.6175548589342	3	"> 35%(30-40)"	">"	30	40	TRUE	NA	"Rule0"	NA	NA	NA	NA	NA	"bug01"	"bug01"	0.761755485893417	"bug01_L3_Rule0_pi_BCG_att123"
"BCG_CT_2015"	"bug01"	"pi_BCG_att123"	"21-B-004_2021-09-30_1_First"	37.6175548589342	4	"> 15%(10-20)"	">"	10	20	TRUE	NA	"Rule0"	NA	NA	NA	NA	NA	"bug01"	"bug01"	1	"bug01_L4_Rule0_pi_BCG_att123"
"BCG_CT_2015"	"bug01"	"pi_BCG_att123"	"22-B-013_2022-10-07_1_First"	37.3271889400922	2	"> 35%(30-40)"	">"	30	40	TRUE	NA	"Rule0"	NA	NA	NA	NA	NA	"bug01"	"bug01"	0.732718894009216	"bug01_L2_Rule0_pi_BCG_att123"
"BCG_CT_2015"	"bug01"	"pi_BCG_att123"	"22-B-013_2022-10-07_1_First"	37.3271889400922	3	"> 35%(30-40)"	">"	30	40	TRUE	NA	"Rule0"	NA	NA	NA	NA	NA	"bug01"	"bug01"	0.732718894009216	"bug01_L3_Rule0_pi_BCG_att123"
"BCG_CT_2015"	"bug01"	"pi_BCG_att123"	"22-B-013_2022-10-07_1_First"	37.3271889400922	4	"> 15%(10-20)"	">"	10	20	TRUE	NA	"Rule0"	NA	NA	NA	NA	NA	"bug01"	"bug01"	1	"bug01_L4_Rule0_pi_BCG_att123"
"BCG_CT_2015"	"bug01"	"pi_BCG_att123"	"22-B-014_2022-10-11_1_First"	4.95049504950495	2	"> 35%(30-40)"	">"	30	40	TRUE	NA	"Rule0"	NA	NA	NA	NA	NA	"bug01"	"bug01"	0	"bug01_L2_Rule0_pi_BCG_att123"
"BCG_CT_2015"	"bug01"	"pi_BCG_att123"	"22-B-014_2022-10-11_1_First"	4.95049504950495	3	"> 35%(30-40)"	">"	30	40	TRUE	NA	"Rule0"	NA	NA	NA	NA	NA	"bug01"	"bug01"	0	"bug01_L3_Rule0_pi_BCG_att123"
"BCG_CT_2015"	"bug01"	"pi_BCG_att123"	"22-B-014_2022-10-11_1_First"	4.95049504950495	4	"> 15%(10-20)"	">"	10	20	TRUE	NA	"Rule0"	NA	NA	NA	NA	NA	"bug01"	"bug01"	0	"bug01_L4_Rule0_pi_BCG_att123"
"BCG_CT_2015"	"bug01"	"pi_BCG_att123"	"22-B-015_2022-10-11_1_First"	9	2	"> 35%(30-40)"	">"	30	40	TRUE	NA	"Rule0"	NA	NA	NA	NA	NA	"bug01"	"bug01"	0	"bug01_L2_Rule0_pi_BCG_att123"
"BCG_CT_2015"	"bug01"	"pi_BCG_att123"	"22-B-015_2022-10-11_1_First"	9	3	"> 35%(30-40)"	">"	30	40	TRUE	NA	"Rule0"	NA	NA	NA	NA	NA	"bug01"	"bug01"	0	"bug01_L3_Rule0_pi_BCG_att123"
"BCG_CT_2015"	"bug01"	"pi_BCG_att123"	"22-B-015_2022-10-11_1_First"	9	4	"> 15%(10-20)"	">"	10	20	TRUE	NA	"Rule0"	NA	NA	NA	NA	NA	"bug01"	"bug01"	0	"bug01_L4_Rule0_pi_BCG_att123"
"BCG_CT_2015"	"bug01"	"pi_BCG_att123"	"21-B-007_2021-09-30_1_Second"	29.8076923076923	2	"> 35%(30-40)"	">"	30	40	TRUE	NA	"Rule0"	NA	NA	NA	NA	NA	"bug01"	"bug01"	0	"bug01_L2_Rule0_pi_BCG_att123"
"BCG_CT_2015"	"bug01"	"pi_BCG_att123"	"21-B-007_2021-09-30_1_Second"	29.8076923076923	3	"> 35%(30-40)"	">"	30	40	TRUE	NA	"Rule0"	NA	NA	NA	NA	NA	"bug01"	"bug01"	0	"bug01_L3_Rule0_pi_BCG_att123"
"BCG_CT_2015"	"bug01"	"pi_BCG_att123"	"21-B-007_2021-09-30_1_Second"	29.8076923076923	4	"> 15%(10-20)"	">"	10	20	TRUE	NA	"Rule0"	NA	NA	NA	NA	NA	"bug01"	"bug01"	1	"bug01_L4_Rule0_pi_BCG_att123"
"BCG_CT_2015"	"bug01"	"pi_BCG_att123"	"21-B-008_2021-09-30_1_First"	30.6603773584906	2	"> 35%(30-40)"	">"	30	40	TRUE	NA	"Rule0"	NA	NA	NA	NA	NA	"bug01"	"bug01"	0.0660377358490569	"bug01_L2_Rule0_pi_BCG_att123"
"BCG_CT_2015"	"bug01"	"pi_BCG_att123"	"21-B-008_2021-09-30_1_First"	30.6603773584906	3	"> 35%(30-40)"	">"	30	40	TRUE	NA	"Rule0"	NA	NA	NA	NA	NA	"bug01"	"bug01"	0.0660377358490569	"bug01_L3_Rule0_pi_BCG_att123"
"BCG_CT_2015"	"bug01"	"pi_BCG_att123"	"21-B-008_2021-09-30_1_First"	30.6603773584906	4	"> 15%(10-20)"	">"	10	20	TRUE	NA	"Rule0"	NA	NA	NA	NA	NA	"bug01"	"bug01"	1	"bug01_L4_Rule0_pi_BCG_att123"
"BCG_CT_2015"	"bug01"	"pi_BCG_att123"	"21-B-009_2021-09-30_1_First"	20.6293706293706	2	"> 35%(30-40)"	">"	30	40	TRUE	NA	"Rule0"	NA	NA	NA	NA	NA	"bug01"	"bug01"	0	"bug01_L2_Rule0_pi_BCG_att123"
"BCG_CT_2015"	"bug01"	"pi_BCG_att123"	"21-B-009_2021-09-30_1_First"	20.6293706293706	3	"> 35%(30-40)"	">"	30	40	TRUE	NA	"Rule0"	NA	NA	NA	NA	NA	"bug01"	"bug01"	0	"bug01_L3_Rule0_pi_BCG_att123"
"BCG_CT_2015"	"bug01"	"pi_BCG_att123"	"21-B-009_2021-09-30_1_First"	20.6293706293706	4	"> 15%(10-20)"	">"	10	20	TRUE	NA	"Rule0"	NA	NA	NA	NA	NA	"bug01"	"bug01"	1	"bug01_L4_Rule0_pi_BCG_att123"
"BCG_CT_2015"	"bug01"	"pi_BCG_att123"	"21-B-013_2021-10-04_1_First"	29.9595141700405	2	"> 35%(30-40)"	">"	30	40	TRUE	NA	"Rule0"	NA	NA	NA	NA	NA	"bug01"	"bug01"	0	"bug01_L2_Rule0_pi_BCG_att123"
"BCG_CT_2015"	"bug01"	"pi_BCG_att123"	"21-B-013_2021-10-04_1_First"	29.9595141700405	3	"> 35%(30-40)"	">"	30	40	TRUE	NA	"Rule0"	NA	NA	NA	NA	NA	"bug01"	"bug01"	0	"bug01_L3_Rule0_pi_BCG_att123"
"BCG_CT_2015"	"bug01"	"pi_BCG_att123"	"21-B-013_2021-10-04_1_First"	29.9595141700405	4	"> 15%(10-20)"	">"	10	20	TRUE	NA	"Rule0"	NA	NA	NA	NA	NA	"bug01"	"bug01"	1	"bug01_L4_Rule0_pi_BCG_att123"
"BCG_CT_2015"	"bug01"	"pi_BCG_att123"	"21-B-014_2021-10-06_1_First"	55.9633027522936	2	"> 35%(30-40)"	">"	30	40	TRUE	NA	"Rule0"	NA	NA	NA	NA	NA	"bug01"	"bug01"	1	"bug01_L2_Rule0_pi_BCG_att123"
"BCG_CT_2015"	"bug01"	"pi_BCG_att123"	"21-B-014_2021-10-06_1_First"	55.9633027522936	3	"> 35%(30-40)"	">"	30	40	TRUE	NA	"Rule0"	NA	NA	NA	NA	NA	"bug01"	"bug01"	1	"bug01_L3_Rule0_pi_BCG_att123"
"BCG_CT_2015"	"bug01"	"pi_BCG_att123"	"21-B-014_2021-10-06_1_First"	55.9633027522936	4	"> 15%(10-20)"	">"	10	20	TRUE	NA	"Rule0"	NA	NA	NA	NA	NA	"bug01"	"bug01"	1	"bug01_L4_Rule0_pi_BCG_att123"
"BCG_CT_2015"	"bug01"	"pi_BCG_att123"	"21-B-014_2021-10-06_1_Second"	55.9241706161137	2	"> 35%(30-40)"	">"	30	40	TRUE	NA	"Rule0"	NA	NA	NA	NA	NA	"bug01"	"bug01"	1	"bug01_L2_Rule0_pi_BCG_att123"
"BCG_CT_2015"	"bug01"	"pi_BCG_att123"	"21-B-014_2021-10-06_1_Second"	55.9241706161137	3	"> 35%(30-40)"	">"	30	40	TRUE	NA	"Rule0"	NA	NA	NA	NA	NA	"bug01"	"bug01"	1	"bug01_L3_Rule0_pi_BCG_att123"
"BCG_CT_2015"	"bug01"	"pi_BCG_att123"	"21-B-014_2021-10-06_1_Second"	55.9241706161137	4	"> 15%(10-20)"	">"	10	20	TRUE	NA	"Rule0"	NA	NA	NA	NA	NA	"bug01"	"bug01"	1	"bug01_L4_Rule0_pi_BCG_att123"
"BCG_CT_2015"	"bug01"	"pi_BCG_att123"	"21-B-015_2021-10-06_1_First"	72.2772277227723	2	"> 35%(30-40)"	">"	30	40	TRUE	NA	"Rule0"	NA	NA	NA	NA	NA	"bug01"	"bug01"	1	"bug01_L2_Rule0_pi_BCG_att123"
"BCG_CT_2015"	"bug01"	"pi_BCG_att123"	"21-B-015_2021-10-06_1_First"	72.2772277227723	3	"> 35%(30-40)"	">"	30	40	TRUE	NA	"Rule0"	NA	NA	NA	NA	NA	"bug01"	"bug01"	1	"bug01_L3_Rule0_pi_BCG_att123"
"BCG_CT_2015"	"bug01"	"pi_BCG_att123"	"21-B-015_2021-10-06_1_First"	72.2772277227723	4	"> 15%(10-20)"	">"	10	20	TRUE	NA	"Rule0"	NA	NA	NA	NA	NA	"bug01"	"bug01"	1	"bug01_L4_Rule0_pi_BCG_att123"
"BCG_CT_2015"	"bug01"	"pi_BCG_att123"	"21-B-016_2021-10-06_1_First"	58.3710407239819	2	"> 35%(30-40)"	">"	30	40	TRUE	NA	"Rule0"	NA	NA	NA	NA	NA	"bug01"	"bug01"	1	"bug01_L2_Rule0_pi_BCG_att123"
"BCG_CT_2015"	"bug01"	"pi_BCG_att123"	"21-B-016_2021-10-06_1_First"	58.3710407239819	3	"> 35%(30-40)"	">"	30	40	TRUE	NA	"Rule0"	NA	NA	NA	NA	NA	"bug01"	"bug01"	1	"bug01_L3_Rule0_pi_BCG_att123"
"BCG_CT_2015"	"bug01"	"pi_BCG_att123"	"21-B-016_2021-10-06_1_First"	58.3710407239819	4	"> 15%(10-20)"	">"	10	20	TRUE	NA	"Rule0"	NA	NA	NA	NA	NA	"bug01"	"bug01"	1	"bug01_L4_Rule0_pi_BCG_att123"
"BCG_CT_2015"	"bug01"	"pi_BCG_att123"	"21-B-017_2021-10-06_1_First"	22.1238938053097	2	"> 35%(30-40)"	">"	30	40	TRUE	NA	"Rule0"	NA	NA	NA	NA	NA	"bug01"	"bug01"	0	"bug01_L2_Rule0_pi_BCG_att123"
"BCG_CT_2015"	"bug01"	"pi_BCG_att123"	"21-B-017_2021-10-06_1_First"	22.1238938053097	3	"> 35%(30-40)"	">"	30	40	TRUE	NA	"Rule0"	NA	NA	NA	NA	NA	"bug01"	"bug01"	0	"bug01_L3_Rule0_pi_BCG_att123"
"BCG_CT_2015"	"bug01"	"pi_BCG_att123"	"21-B-017_2021-10-06_1_First"	22.1238938053097	4	"> 15%(10-20)"	">"	10	20	TRUE	NA	"Rule0"	NA	NA	NA	NA	NA	"bug01"	"bug01"	1	"bug01_L4_Rule0_pi_BCG_att123"
"BCG_CT_2015"	"bug01"	"pi_BCG_att123"	"21-B-018_2021-10-07_1_First"	19.9261992619926	2	"> 35%(30-40)"	">"	30	40	TRUE	NA	"Rule0"	NA	NA	NA	NA	NA	"bug01"	"bug01"	0	"bug01_L2_Rule0_pi_BCG_att123"
"BCG_CT_2015"	"bug01"	"pi_BCG_att123"	"21-B-018_2021-10-07_1_First"	19.9261992619926	3	"> 35%(30-40)"	">"	30	40	TRUE	NA	"Rule0"	NA	NA	NA	NA	NA	"bug01"	"bug01"	0	"bug01_L3_Rule0_pi_BCG_att123"
"BCG_CT_2015"	"bug01"	"pi_BCG_att123"	"21-B-018_2021-10-07_1_First"	19.9261992619926	4	"> 15%(10-20)"	">"	10	20	TRUE	NA	"Rule0"	NA	NA	NA	NA	NA	"bug01"	"bug01"	0.992619926199262	"bug01_L4_Rule0_pi_BCG_att123"
"BCG_CT_2015"	"bug01"	"pi_BCG_att123"	"21-B-018_2021-10-07_1_Second"	16.8582375478927	2	"> 35%(30-40)"	">"	30	40	TRUE	NA	"Rule0"	NA	NA	NA	NA	NA	"bug01"	"bug01"	0	"bug01_L2_Rule0_pi_BCG_att123"
"BCG_CT_2015"	"bug01"	"pi_BCG_att123"	"21-B-018_2021-10-07_1_Second"	16.8582375478927	3	"> 35%(30-40)"	">"	30	40	TRUE	NA	"Rule0"	NA	NA	NA	NA	NA	"bug01"	"bug01"	0	"bug01_L3_Rule0_pi_BCG_att123"
"BCG_CT_2015"	"bug01"	"pi_BCG_att123"	"21-B-018_2021-10-07_1_Second"	16.8582375478927	4	"> 15%(10-20)"	">"	10	20	TRUE	NA	"Rule0"	NA	NA	NA	NA	NA	"bug01"	"bug01"	0.685823754789272	"bug01_L4_Rule0_pi_BCG_att123"
"BCG_CT_2015"	"bug01"	"pi_BCG_att123"	"21-B-019_2021-10-07_1_First"	14.2156862745098	2	"> 35%(30-40)"	">"	30	40	TRUE	NA	"Rule0"	NA	NA	NA	NA	NA	"bug01"	"bug01"	0	"bug01_L2_Rule0_pi_BCG_att123"
"BCG_CT_2015"	"bug01"	"pi_BCG_att123"	"21-B-019_2021-10-07_1_First"	14.2156862745098	3	"> 35%(30-40)"	">"	30	40	TRUE	NA	"Rule0"	NA	NA	NA	NA	NA	"bug01"	"bug01"	0	"bug01_L3_Rule0_pi_BCG_att123"
"BCG_CT_2015"	"bug01"	"pi_BCG_att123"	"21-B-019_2021-10-07_1_First"	14.2156862745098	4	"> 15%(10-20)"	">"	10	20	TRUE	NA	"Rule0"	NA	NA	NA	NA	NA	"bug01"	"bug01"	0.42156862745098	"bug01_L4_Rule0_pi_BCG_att123"
"BCG_CT_2015"	"bug01"	"pi_BCG_att123"	"21-B-020_2021-10-07_1_First"	51.3761467889908	2	"> 35%(30-40)"	">"	30	40	TRUE	NA	"Rule0"	NA	NA	NA	NA	NA	"bug01"	"bug01"	1	"bug01_L2_Rule0_pi_BCG_att123"
"BCG_CT_2015"	"bug01"	"pi_BCG_att123"	"21-B-020_2021-10-07_1_First"	51.3761467889908	3	"> 35%(30-40)"	">"	30	40	TRUE	NA	"Rule0"	NA	NA	NA	NA	NA	"bug01"	"bug01"	1	"bug01_L3_Rule0_pi_BCG_att123"
"BCG_CT_2015"	"bug01"	"pi_BCG_att123"	"21-B-020_2021-10-07_1_First"	51.3761467889908	4	"> 15%(10-20)"	">"	10	20	TRUE	NA	"Rule0"	NA	NA	NA	NA	NA	"bug01"	"bug01"	1	"bug01_L4_Rule0_pi_BCG_att123"
"BCG_CT_2015"	"bug01"	"pi_BCG_att123"	"21-B-021_2021-10-07_2_First"	64.6551724137931	2	"> 35%(30-40)"	">"	30	40	TRUE	NA	"Rule0"	NA	NA	NA	NA	NA	"bug01"	"bug01"	1	"bug01_L2_Rule0_pi_BCG_att123"
"BCG_CT_2015"	"bug01"	"pi_BCG_att123"	"21-B-021_2021-10-07_2_First"	64.6551724137931	3	"> 35%(30-40)"	">"	30	40	TRUE	NA	"Rule0"	NA	NA	NA	NA	NA	"bug01"	"bug01"	1	"bug01_L3_Rule0_pi_BCG_att123"
"BCG_CT_2015"	"bug01"	"pi_BCG_att123"	"21-B-021_2021-10-07_2_First"	64.6551724137931	4	"> 15%(10-20)"	">"	10	20	TRUE	NA	"Rule0"	NA	NA	NA	NA	NA	"bug01"	"bug01"	1	"bug01_L4_Rule0_pi_BCG_att123"
"BCG_CT_2015"	"bug01"	"pi_BCG_att123"	"21-B-023_2021-10-07_1_First"	69.8630136986301	2	"> 35%(30-40)"	">"	30	40	TRUE	NA	"Rule0"	NA	NA	NA	NA	NA	"bug01"	"bug01"	1	"bug01_L2_Rule0_pi_BCG_att123"
"BCG_CT_2015"	"bug01"	"pi_BCG_att123"	"21-B-023_2021-10-07_1_First"	69.8630136986301	3	"> 35%(30-40)"	">"	30	40	TRUE	NA	"Rule0"	NA	NA	NA	NA	NA	"bug01"	"bug01"	1	"bug01_L3_Rule0_pi_BCG_att123"
"BCG_CT_2015"	"bug01"	"pi_BCG_att123"	"21-B-023_2021-10-07_1_First"	69.8630136986301	4	"> 15%(10-20)"	">"	10	20	TRUE	NA	"Rule0"	NA	NA	NA	NA	NA	"bug01"	"bug01"	1	"bug01_L4_Rule0_pi_BCG_att123"
"BCG_CT_2015"	"bug01"	"pi_BCG_att123"	"21-B-028_2021-10-12_1_First"	63.3187772925764	2	"> 35%(30-40)"	">"	30	40	TRUE	NA	"Rule0"	NA	NA	NA	NA	NA	"bug01"	"bug01"	1	"bug01_L2_Rule0_pi_BCG_att123"
"BCG_CT_2015"	"bug01"	"pi_BCG_att123"	"21-B-028_2021-10-12_1_First"	63.3187772925764	3	"> 35%(30-40)"	">"	30	40	TRUE	NA	"Rule0"	NA	NA	NA	NA	NA	"bug01"	"bug01"	1	"bug01_L3_Rule0_pi_BCG_att123"
"BCG_CT_2015"	"bug01"	"pi_BCG_att123"	"21-B-028_2021-10-12_1_First"	63.3187772925764	4	"> 15%(10-20)"	">"	10	20	TRUE	NA	"Rule0"	NA	NA	NA	NA	NA	"bug01"	"bug01"	1	"bug01_L4_Rule0_pi_BCG_att123"
"BCG_CT_2015"	"bug01"	"pi_BCG_att123"	"21-B-029_2021-10-12_1_First"	34.4660194174757	2	"> 35%(30-40)"	">"	30	40	TRUE	NA	"Rule0"	NA	NA	NA	NA	NA	"bug01"	"bug01"	0.446601941747573	"bug01_L2_Rule0_pi_BCG_att123"
"BCG_CT_2015"	"bug01"	"pi_BCG_att123"	"21-B-029_2021-10-12_1_First"	34.4660194174757	3	"> 35%(30-40)"	">"	30	40	TRUE	NA	"Rule0"	NA	NA	NA	NA	NA	"bug01"	"bug01"	0.446601941747573	"bug01_L3_Rule0_pi_BCG_att123"
"BCG_CT_2015"	"bug01"	"pi_BCG_att123"	"21-B-029_2021-10-12_1_First"	34.4660194174757	4	"> 15%(10-20)"	">"	10	20	TRUE	NA	"Rule0"	NA	NA	NA	NA	NA	"bug01"	"bug01"	1	"bug01_L4_Rule0_pi_BCG_att123"
"BCG_CT_2015"	"bug01"	"pi_BCG_att123"	"21-B-031_2021-10-12_1_First"	16.9154228855721	2	"> 35%(30-40)"	">"	30	40	TRUE	NA	"Rule0"	NA	NA	NA	NA	NA	"bug01"	"bug01"	0	"bug01_L2_Rule0_pi_BCG_att123"
"BCG_CT_2015"	"bug01"	"pi_BCG_att123"	"21-B-031_2021-10-12_1_First"	16.9154228855721	3	"> 35%(30-40)"	">"	30	40	TRUE	NA	"Rule0"	NA	NA	NA	NA	NA	"bug01"	"bug01"	0	"bug01_L3_Rule0_pi_BCG_att123"
"BCG_CT_2015"	"bug01"	"pi_BCG_att123"	"21-B-031_2021-10-12_1_First"	16.9154228855721	4	"> 15%(10-20)"	">"	10	20	TRUE	NA	"Rule0"	NA	NA	NA	NA	NA	"bug01"	"bug01"	0.691542288557214	"bug01_L4_Rule0_pi_BCG_att123"
"BCG_CT_2015"	"bug01"	"pi_BCG_att123"	"21-B-032_2021-10-13_1_First"	70.8695652173913	2	"> 35%(30-40)"	">"	30	40	TRUE	NA	"Rule0"	NA	NA	NA	NA	NA	"bug01"	"bug01"	1	"bug01_L2_Rule0_pi_BCG_att123"
"BCG_CT_2015"	"bug01"	"pi_BCG_att123"	"21-B-032_2021-10-13_1_First"	70.8695652173913	3	"> 35%(30-40)"	">"	30	40	TRUE	NA	"Rule0"	NA	NA	NA	NA	NA	"bug01"	"bug01"	1	"bug01_L3_Rule0_pi_BCG_att123"
"BCG_CT_2015"	"bug01"	"pi_BCG_att123"	"21-B-032_2021-10-13_1_First"	70.8695652173913	4	"> 15%(10-20)"	">"	10	20	TRUE	NA	"Rule0"	NA	NA	NA	NA	NA	"bug01"	"bug01"	1	"bug01_L4_Rule0_pi_BCG_att123"
"BCG_CT_2015"	"bug01"	"pi_BCG_att123"	"21-B-033_2021-10-13_2_First"	73.3067729083665	2	"> 35%(30-40)"	">"	30	40	TRUE	NA	"Rule0"	NA	NA	NA	NA	NA	"bug01"	"bug01"	1	"bug01_L2_Rule0_pi_BCG_att123"
"BCG_CT_2015"	"bug01"	"pi_BCG_att123"	"21-B-033_2021-10-13_2_First"	73.3067729083665	3	"> 35%(30-40)"	">"	30	40	TRUE	NA	"Rule0"	NA	NA	NA	NA	NA	"bug01"	"bug01"	1	"bug01_L3_Rule0_pi_BCG_att123"
"BCG_CT_2015"	"bug01"	"pi_BCG_att123"	"21-B-033_2021-10-13_2_First"	73.3067729083665	4	"> 15%(10-20)"	">"	10	20	TRUE	NA	"Rule0"	NA	NA	NA	NA	NA	"bug01"	"bug01"	1	"bug01_L4_Rule0_pi_BCG_att123"
"BCG_CT_2015"	"bug01"	"pi_BCG_att123"	"21-B-034_2021-10-13_1_First"	35.1598173515982	2	"> 35%(30-40)"	">"	30	40	TRUE	NA	"Rule0"	NA	NA	NA	NA	NA	"bug01"	"bug01"	0.515981735159817	"bug01_L2_Rule0_pi_BCG_att123"
"BCG_CT_2015"	"bug01"	"pi_BCG_att123"	"21-B-034_2021-10-13_1_First"	35.1598173515982	3	"> 35%(30-40)"	">"	30	40	TRUE	NA	"Rule0"	NA	NA	NA	NA	NA	"bug01"	"bug01"	0.515981735159817	"bug01_L3_Rule0_pi_BCG_att123"
"BCG_CT_2015"	"bug01"	"pi_BCG_att123"	"21-B-034_2021-10-13_1_First"	35.1598173515982	4	"> 15%(10-20)"	">"	10	20	TRUE	NA	"Rule0"	NA	NA	NA	NA	NA	"bug01"	"bug01"	1	"bug01_L4_Rule0_pi_BCG_att123"
"BCG_CT_2015"	"bug01"	"pi_BCG_att123"	"21-B-035_2021-10-13_1_First"	67.4641148325359	2	"> 35%(30-40)"	">"	30	40	TRUE	NA	"Rule0"	NA	NA	NA	NA	NA	"bug01"	"bug01"	1	"bug01_L2_Rule0_pi_BCG_att123"
"BCG_CT_2015"	"bug01"	"pi_BCG_att123"	"21-B-035_2021-10-13_1_First"	67.4641148325359	3	"> 35%(30-40)"	">"	30	40	TRUE	NA	"Rule0"	NA	NA	NA	NA	NA	"bug01"	"bug01"	1	"bug01_L3_Rule0_pi_BCG_att123"
"BCG_CT_2015"	"bug01"	"pi_BCG_att123"	"21-B-035_2021-10-13_1_First"	67.4641148325359	4	"> 15%(10-20)"	">"	10	20	TRUE	NA	"Rule0"	NA	NA	NA	NA	NA	"bug01"	"bug01"	1	"bug01_L4_Rule0_pi_BCG_att123"
"BCG_CT_2015"	"bug01"	"pi_BCG_att123"	"21-B-036_2021-10-13_1_First"	50.7389162561576	2	"> 35%(30-40)"	">"	30	40	TRUE	NA	"Rule0"	NA	NA	NA	NA	NA	"bug01"	"bug01"	1	"bug01_L2_Rule0_pi_BCG_att123"
"BCG_CT_2015"	"bug01"	"pi_BCG_att123"	"21-B-036_2021-10-13_1_First"	50.7389162561576	3	"> 35%(30-40)"	">"	30	40	TRUE	NA	"Rule0"	NA	NA	NA	NA	NA	"bug01"	"bug01"	1	"bug01_L3_Rule0_pi_BCG_att123"
"BCG_CT_2015"	"bug01"	"pi_BCG_att123"	"21-B-036_2021-10-13_1_First"	50.7389162561576	4	"> 15%(10-20)"	">"	10	20	TRUE	NA	"Rule0"	NA	NA	NA	NA	NA	"bug01"	"bug01"	1	"bug01_L4_Rule0_pi_BCG_att123"
"BCG_CT_2015"	"bug01"	"pi_BCG_att123"	"21-B-037_2021-10-14_1_First"	63.5922330097087	2	"> 35%(30-40)"	">"	30	40	TRUE	NA	"Rule0"	NA	NA	NA	NA	NA	"bug01"	"bug01"	1	"bug01_L2_Rule0_pi_BCG_att123"
"BCG_CT_2015"	"bug01"	"pi_BCG_att123"	"21-B-037_2021-10-14_1_First"	63.5922330097087	3	"> 35%(30-40)"	">"	30	40	TRUE	NA	"Rule0"	NA	NA	NA	NA	NA	"bug01"	"bug01"	1	"bug01_L3_Rule0_pi_BCG_att123"
"BCG_CT_2015"	"bug01"	"pi_BCG_att123"	"21-B-037_2021-10-14_1_First"	63.5922330097087	4	"> 15%(10-20)"	">"	10	20	TRUE	NA	"Rule0"	NA	NA	NA	NA	NA	"bug01"	"bug01"	1	"bug01_L4_Rule0_pi_BCG_att123"
"BCG_CT_2015"	"bug01"	"pi_BCG_att123"	"22-B-001_2022-09-21_1_First"	38.3084577114428	2	"> 35%(30-40)"	">"	30	40	TRUE	NA	"Rule0"	NA	NA	NA	NA	NA	"bug01"	"bug01"	0.830845771144278	"bug01_L2_Rule0_pi_BCG_att123"
"BCG_CT_2015"	"bug01"	"pi_BCG_att123"	"22-B-001_2022-09-21_1_First"	38.3084577114428	3	"> 35%(30-40)"	">"	30	40	TRUE	NA	"Rule0"	NA	NA	NA	NA	NA	"bug01"	"bug01"	0.830845771144278	"bug01_L3_Rule0_pi_BCG_att123"
"BCG_CT_2015"	"bug01"	"pi_BCG_att123"	"22-B-001_2022-09-21_1_First"	38.3084577114428	4	"> 15%(10-20)"	">"	10	20	TRUE	NA	"Rule0"	NA	NA	NA	NA	NA	"bug01"	"bug01"	1	"bug01_L4_Rule0_pi_BCG_att123"
"BCG_CT_2015"	"bug01"	"pi_BCG_att123"	"22-B-002_2022-09-29_1_First"	27.8301886792453	2	"> 35%(30-40)"	">"	30	40	TRUE	NA	"Rule0"	NA	NA	NA	NA	NA	"bug01"	"bug01"	0	"bug01_L2_Rule0_pi_BCG_att123"
"BCG_CT_2015"	"bug01"	"pi_BCG_att123"	"22-B-002_2022-09-29_1_First"	27.8301886792453	3	"> 35%(30-40)"	">"	30	40	TRUE	NA	"Rule0"	NA	NA	NA	NA	NA	"bug01"	"bug01"	0	"bug01_L3_Rule0_pi_BCG_att123"
"BCG_CT_2015"	"bug01"	"pi_BCG_att123"	"22-B-002_2022-09-29_1_First"	27.8301886792453	4	"> 15%(10-20)"	">"	10	20	TRUE	NA	"Rule0"	NA	NA	NA	NA	NA	"bug01"	"bug01"	1	"bug01_L4_Rule0_pi_BCG_att123"
"BCG_CT_2015"	"bug01"	"pi_BCG_att123"	"22-B-003_2022-09-29_1_First"	66.5	2	"> 35%(30-40)"	">"	30	40	TRUE	NA	"Rule0"	NA	NA	NA	NA	NA	"bug01"	"bug01"	1	"bug01_L2_Rule0_pi_BCG_att123"
"BCG_CT_2015"	"bug01"	"pi_BCG_att123"	"22-B-003_2022-09-29_1_First"	66.5	3	"> 35%(30-40)"	">"	30	40	TRUE	NA	"Rule0"	NA	NA	NA	NA	NA	"bug01"	"bug01"	1	"bug01_L3_Rule0_pi_BCG_att123"
"BCG_CT_2015"	"bug01"	"pi_BCG_att123"	"22-B-003_2022-09-29_1_First"	66.5	4	"> 15%(10-20)"	">"	10	20	TRUE	NA	"Rule0"	NA	NA	NA	NA	NA	"bug01"	"bug01"	1	"bug01_L4_Rule0_pi_BCG_att123"
"BCG_CT_2015"	"bug01"	"pi_BCG_att123"	"22-B-004_2022-09-29_1_First"	54.5	2	"> 35%(30-40)"	">"	30	40	TRUE	NA	"Rule0"	NA	NA	NA	NA	NA	"bug01"	"bug01"	1	"bug01_L2_Rule0_pi_BCG_att123"
"BCG_CT_2015"	"bug01"	"pi_BCG_att123"	"22-B-004_2022-09-29_1_First"	54.5	3	"> 35%(30-40)"	">"	30	40	TRUE	NA	"Rule0"	NA	NA	NA	NA	NA	"bug01"	"bug01"	1	"bug01_L3_Rule0_pi_BCG_att123"
"BCG_CT_2015"	"bug01"	"pi_BCG_att123"	"22-B-004_2022-09-29_1_First"	54.5	4	"> 15%(10-20)"	">"	10	20	TRUE	NA	"Rule0"	NA	NA	NA	NA	NA	"bug01"	"bug01"	1	"bug01_L4_Rule0_pi_BCG_att123"
"BCG_CT_2015"	"bug01"	"pi_BCG_att123"	"22-B-005_2022-09-30_1_First"	65.5339805825243	2	"> 35%(30-40)"	">"	30	40	TRUE	NA	"Rule0"	NA	NA	NA	NA	NA	"bug01"	"bug01"	1	"bug01_L2_Rule0_pi_BCG_att123"
"BCG_CT_2015"	"bug01"	"pi_BCG_att123"	"22-B-005_2022-09-30_1_First"	65.5339805825243	3	"> 35%(30-40)"	">"	30	40	TRUE	NA	"Rule0"	NA	NA	NA	NA	NA	"bug01"	"bug01"	1	"bug01_L3_Rule0_pi_BCG_att123"
"BCG_CT_2015"	"bug01"	"pi_BCG_att123"	"22-B-005_2022-09-30_1_First"	65.5339805825243	4	"> 15%(10-20)"	">"	10	20	TRUE	NA	"Rule0"	NA	NA	NA	NA	NA	"bug01"	"bug01"	1	"bug01_L4_Rule0_pi_BCG_att123"
"BCG_CT_2015"	"bug01"	"pi_BCG_att123"	"22-B-006_2022-09-30_1_First"	43.5	2	"> 35%(30-40)"	">"	30	40	TRUE	NA	"Rule0"	NA	NA	NA	NA	NA	"bug01"	"bug01"	1	"bug01_L2_Rule0_pi_BCG_att123"
"BCG_CT_2015"	"bug01"	"pi_BCG_att123"	"22-B-006_2022-09-30_1_First"	43.5	3	"> 35%(30-40)"	">"	30	40	TRUE	NA	"Rule0"	NA	NA	NA	NA	NA	"bug01"	"bug01"	1	"bug01_L3_Rule0_pi_BCG_att123"
"BCG_CT_2015"	"bug01"	"pi_BCG_att123"	"22-B-006_2022-09-30_1_First"	43.5	4	"> 15%(10-20)"	">"	10	20	TRUE	NA	"Rule0"	NA	NA	NA	NA	NA	"bug01"	"bug01"	1	"bug01_L4_Rule0_pi_BCG_att123"
"BCG_CT_2015"	"bug01"	"pi_BCG_att123"	"22-B-006_2022-09-30_1_Second"	36.318407960199	2	"> 35%(30-40)"	">"	30	40	TRUE	NA	"Rule0"	NA	NA	NA	NA	NA	"bug01"	"bug01"	0.6318407960199	"bug01_L2_Rule0_pi_BCG_att123"
"BCG_CT_2015"	"bug01"	"pi_BCG_att123"	"22-B-006_2022-09-30_1_Second"	36.318407960199	3	"> 35%(30-40)"	">"	30	40	TRUE	NA	"Rule0"	NA	NA	NA	NA	NA	"bug01"	"bug01"	0.6318407960199	"bug01_L3_Rule0_pi_BCG_att123"
"BCG_CT_2015"	"bug01"	"pi_BCG_att123"	"22-B-006_2022-09-30_1_Second"	36.318407960199	4	"> 15%(10-20)"	">"	10	20	TRUE	NA	"Rule0"	NA	NA	NA	NA	NA	"bug01"	"bug01"	1	"bug01_L4_Rule0_pi_BCG_att123"
"BCG_CT_2015"	"bug01"	"pi_BCG_att123"	"22-B-007_2022-09-30_1_First"	59.7156398104265	2	"> 35%(30-40)"	">"	30	40	TRUE	NA	"Rule0"	NA	NA	NA	NA	NA	"bug01"	"bug01"	1	"bug01_L2_Rule0_pi_BCG_att123"
"BCG_CT_2015"	"bug01"	"pi_BCG_att123"	"22-B-007_2022-09-30_1_First"	59.7156398104265	3	"> 35%(30-40)"	">"	30	40	TRUE	NA	"Rule0"	NA	NA	NA	NA	NA	"bug01"	"bug01"	1	"bug01_L3_Rule0_pi_BCG_att123"
"BCG_CT_2015"	"bug01"	"pi_BCG_att123"	"22-B-007_2022-09-30_1_First"	59.7156398104265	4	"> 15%(10-20)"	">"	10	20	TRUE	NA	"Rule0"	NA	NA	NA	NA	NA	"bug01"	"bug01"	1	"bug01_L4_Rule0_pi_BCG_att123"
"BCG_CT_2015"	"bug01"	"pi_BCG_att123"	"22-B-008_2022-10-06_1_First"	66.6666666666667	2	"> 35%(30-40)"	">"	30	40	TRUE	NA	"Rule0"	NA	NA	NA	NA	NA	"bug01"	"bug01"	1	"bug01_L2_Rule0_pi_BCG_att123"
"BCG_CT_2015"	"bug01"	"pi_BCG_att123"	"22-B-008_2022-10-06_1_First"	66.6666666666667	3	"> 35%(30-40)"	">"	30	40	TRUE	NA	"Rule0"	NA	NA	NA	NA	NA	"bug01"	"bug01"	1	"bug01_L3_Rule0_pi_BCG_att123"
"BCG_CT_2015"	"bug01"	"pi_BCG_att123"	"22-B-008_2022-10-06_1_First"	66.6666666666667	4	"> 15%(10-20)"	">"	10	20	TRUE	NA	"Rule0"	NA	NA	NA	NA	NA	"bug01"	"bug01"	1	"bug01_L4_Rule0_pi_BCG_att123"
"BCG_CT_2015"	"bug01"	"pi_BCG_att123"	"22-B-009_2022-10-06_1_First"	56.3318777292576	2	"> 35%(30-40)"	">"	30	40	TRUE	NA	"Rule0"	NA	NA	NA	NA	NA	"bug01"	"bug01"	1	"bug01_L2_Rule0_pi_BCG_att123"
"BCG_CT_2015"	"bug01"	"pi_BCG_att123"	"22-B-009_2022-10-06_1_First"	56.3318777292576	3	"> 35%(30-40)"	">"	30	40	TRUE	NA	"Rule0"	NA	NA	NA	NA	NA	"bug01"	"bug01"	1	"bug01_L3_Rule0_pi_BCG_att123"
"BCG_CT_2015"	"bug01"	"pi_BCG_att123"	"22-B-009_2022-10-06_1_First"	56.3318777292576	4	"> 15%(10-20)"	">"	10	20	TRUE	NA	"Rule0"	NA	NA	NA	NA	NA	"bug01"	"bug01"	1	"bug01_L4_Rule0_pi_BCG_att123"
"BCG_CT_2015"	"bug01"	"pi_BCG_att123"	"22-B-009_2022-10-06_1_Second"	56.5217391304348	2	"> 35%(30-40)"	">"	30	40	TRUE	NA	"Rule0"	NA	NA	NA	NA	NA	"bug01"	"bug01"	1	"bug01_L2_Rule0_pi_BCG_att123"
"BCG_CT_2015"	"bug01"	"pi_BCG_att123"	"22-B-009_2022-10-06_1_Second"	56.5217391304348	3	"> 35%(30-40)"	">"	30	40	TRUE	NA	"Rule0"	NA	NA	NA	NA	NA	"bug01"	"bug01"	1	"bug01_L3_Rule0_pi_BCG_att123"
"BCG_CT_2015"	"bug01"	"pi_BCG_att123"	"22-B-009_2022-10-06_1_Second"	56.5217391304348	4	"> 15%(10-20)"	">"	10	20	TRUE	NA	"Rule0"	NA	NA	NA	NA	NA	"bug01"	"bug01"	1	"bug01_L4_Rule0_pi_BCG_att123"
"BCG_CT_2015"	"bug01"	"pi_BCG_att123"	"22-B-010_2022-10-06_1_First"	62.5550660792952	2	"> 35%(30-40)"	">"	30	40	TRUE	NA	"Rule0"	NA	NA	NA	NA	NA	"bug01"	"bug01"	1	"bug01_L2_Rule0_pi_BCG_att123"
"BCG_CT_2015"	"bug01"	"pi_BCG_att123"	"22-B-010_2022-10-06_1_First"	62.5550660792952	3	"> 35%(30-40)"	">"	30	40	TRUE	NA	"Rule0"	NA	NA	NA	NA	NA	"bug01"	"bug01"	1	"bug01_L3_Rule0_pi_BCG_att123"
"BCG_CT_2015"	"bug01"	"pi_BCG_att123"	"22-B-010_2022-10-06_1_First"	62.5550660792952	4	"> 15%(10-20)"	">"	10	20	TRUE	NA	"Rule0"	NA	NA	NA	NA	NA	"bug01"	"bug01"	1	"bug01_L4_Rule0_pi_BCG_att123"
"BCG_CT_2015"	"bug01"	"pi_BCG_att123"	"21-B-005_2021-09-30_1_First"	19.1637630662021	2	"> 35%(30-40)"	">"	30	40	TRUE	NA	"Rule0"	NA	NA	NA	NA	NA	"bug01"	"bug01"	0	"bug01_L2_Rule0_pi_BCG_att123"
"BCG_CT_2015"	"bug01"	"pi_BCG_att123"	"21-B-005_2021-09-30_1_First"	19.1637630662021	3	"> 35%(30-40)"	">"	30	40	TRUE	NA	"Rule0"	NA	NA	NA	NA	NA	"bug01"	"bug01"	0	"bug01_L3_Rule0_pi_BCG_att123"
"BCG_CT_2015"	"bug01"	"pi_BCG_att123"	"21-B-005_2021-09-30_1_First"	19.1637630662021	4	"> 15%(10-20)"	">"	10	20	TRUE	NA	"Rule0"	NA	NA	NA	NA	NA	"bug01"	"bug01"	0.916376306620209	"bug01_L4_Rule0_pi_BCG_att123"
"BCG_CT_2015"	"bug01"	"pi_BCG_att123"	"21-B-006_2021-09-30_2_First"	29.0836653386454	2	"> 35%(30-40)"	">"	30	40	TRUE	NA	"Rule0"	NA	NA	NA	NA	NA	"bug01"	"bug01"	0	"bug01_L2_Rule0_pi_BCG_att123"
"BCG_CT_2015"	"bug01"	"pi_BCG_att123"	"21-B-006_2021-09-30_2_First"	29.0836653386454	3	"> 35%(30-40)"	">"	30	40	TRUE	NA	"Rule0"	NA	NA	NA	NA	NA	"bug01"	"bug01"	0	"bug01_L3_Rule0_pi_BCG_att123"
"BCG_CT_2015"	"bug01"	"pi_BCG_att123"	"21-B-006_2021-09-30_2_First"	29.0836653386454	4	"> 15%(10-20)"	">"	10	20	TRUE	NA	"Rule0"	NA	NA	NA	NA	NA	"bug01"	"bug01"	1	"bug01_L4_Rule0_pi_BCG_att123"
"BCG_CT_2015"	"bug01"	"pi_BCG_att123"	"21-B-007_2021-09-30_1_First"	33.976833976834	2	"> 35%(30-40)"	">"	30	40	TRUE	NA	"Rule0"	NA	NA	NA	NA	NA	"bug01"	"bug01"	0.397683397683398	"bug01_L2_Rule0_pi_BCG_att123"
"BCG_CT_2015"	"bug01"	"pi_BCG_att123"	"21-B-007_2021-09-30_1_First"	33.976833976834	3	"> 35%(30-40)"	">"	30	40	TRUE	NA	"Rule0"	NA	NA	NA	NA	NA	"bug01"	"bug01"	0.397683397683398	"bug01_L3_Rule0_pi_BCG_att123"
"BCG_CT_2015"	"bug01"	"pi_BCG_att123"	"21-B-007_2021-09-30_1_First"	33.976833976834	4	"> 15%(10-20)"	">"	10	20	TRUE	NA	"Rule0"	NA	NA	NA	NA	NA	"bug01"	"bug01"	1	"bug01_L4_Rule0_pi_BCG_att123"
"BCG_CT_2015"	"bug01"	"pi_BCG_att5extra"	"21-B-001_2021-09-29_1_First"	50.7462686567164	3	"< 45% (40-50)"	"<"	40	50	FALSE	NA	"Rule0"	NA	NA	NA	NA	NA	"bug01"	"bug01"	0	"bug01_L3_Rule0_pi_BCG_att5extra"
"BCG_CT_2015"	"bug01"	"pi_BCG_att5extra"	"21-B-001_2021-09-29_1_First"	50.7462686567164	4	"< 70% (65-75)"	"<"	65	75	FALSE	NA	"Rule0"	NA	NA	NA	NA	NA	"bug01"	"bug01"	1	"bug01_L4_Rule0_pi_BCG_att5extra"
"BCG_CT_2015"	"bug01"	"pi_BCG_att5extra"	"21-B-001_2021-09-29_1_First"	50.7462686567164	2	"< 12.5% (10-15)"	"<"	10	15	FALSE	NA	"Rule1"	NA	NA	NA	NA	NA	"bug01"	"bug01"	0	"bug01_L2_Rule1_pi_BCG_att5extra"
"BCG_CT_2015"	"bug01"	"pi_BCG_att5extra"	"21-B-007_2021-09-30_1_First"	26.2548262548263	3	"< 45% (40-50)"	"<"	40	50	FALSE	NA	"Rule0"	NA	NA	NA	NA	NA	"bug01"	"bug01"	1	"bug01_L3_Rule0_pi_BCG_att5extra"
"BCG_CT_2015"	"bug01"	"pi_BCG_att5extra"	"21-B-007_2021-09-30_1_First"	26.2548262548263	4	"< 70% (65-75)"	"<"	65	75	FALSE	NA	"Rule0"	NA	NA	NA	NA	NA	"bug01"	"bug01"	1	"bug01_L4_Rule0_pi_BCG_att5extra"
"BCG_CT_2015"	"bug01"	"pi_BCG_att5extra"	"21-B-007_2021-09-30_1_First"	26.2548262548263	2	"< 12.5% (10-15)"	"<"	10	15	FALSE	NA	"Rule1"	NA	NA	NA	NA	NA	"bug01"	"bug01"	0	"bug01_L2_Rule1_pi_BCG_att5extra"
"BCG_CT_2015"	"bug01"	"pi_BCG_att5extra"	"21-B-007_2021-09-30_1_Second"	20.6730769230769	3	"< 45% (40-50)"	"<"	40	50	FALSE	NA	"Rule0"	NA	NA	NA	NA	NA	"bug01"	"bug01"	1	"bug01_L3_Rule0_pi_BCG_att5extra"
"BCG_CT_2015"	"bug01"	"pi_BCG_att5extra"	"21-B-007_2021-09-30_1_Second"	20.6730769230769	4	"< 70% (65-75)"	"<"	65	75	FALSE	NA	"Rule0"	NA	NA	NA	NA	NA	"bug01"	"bug01"	1	"bug01_L4_Rule0_pi_BCG_att5extra"
"BCG_CT_2015"	"bug01"	"pi_BCG_att5extra"	"21-B-007_2021-09-30_1_Second"	20.6730769230769	2	"< 12.5% (10-15)"	"<"	10	15	FALSE	NA	"Rule1"	NA	NA	NA	NA	NA	"bug01"	"bug01"	0	"bug01_L2_Rule1_pi_BCG_att5extra"
"BCG_CT_2015"	"bug01"	"pi_BCG_att5extra"	"21-B-008_2021-09-30_1_First"	13.6792452830189	3	"< 45% (40-50)"	"<"	40	50	FALSE	NA	"Rule0"	NA	NA	NA	NA	NA	"bug01"	"bug01"	1	"bug01_L3_Rule0_pi_BCG_att5extra"
"BCG_CT_2015"	"bug01"	"pi_BCG_att5extra"	"21-B-008_2021-09-30_1_First"	13.6792452830189	4	"< 70% (65-75)"	"<"	65	75	FALSE	NA	"Rule0"	NA	NA	NA	NA	NA	"bug01"	"bug01"	1	"bug01_L4_Rule0_pi_BCG_att5extra"
"BCG_CT_2015"	"bug01"	"pi_BCG_att5extra"	"21-B-008_2021-09-30_1_First"	13.6792452830189	2	"< 12.5% (10-15)"	"<"	10	15	FALSE	NA	"Rule1"	NA	NA	NA	NA	NA	"bug01"	"bug01"	0.264150943396226	"bug01_L2_Rule1_pi_BCG_att5extra"
"BCG_CT_2015"	"bug01"	"pi_BCG_att5extra"	"21-B-009_2021-09-30_1_First"	43.7062937062937	3	"< 45% (40-50)"	"<"	40	50	FALSE	NA	"Rule0"	NA	NA	NA	NA	NA	"bug01"	"bug01"	0.629370629370629	"bug01_L3_Rule0_pi_BCG_att5extra"
"BCG_CT_2015"	"bug01"	"pi_BCG_att5extra"	"21-B-009_2021-09-30_1_First"	43.7062937062937	4	"< 70% (65-75)"	"<"	65	75	FALSE	NA	"Rule0"	NA	NA	NA	NA	NA	"bug01"	"bug01"	1	"bug01_L4_Rule0_pi_BCG_att5extra"
"BCG_CT_2015"	"bug01"	"pi_BCG_att5extra"	"21-B-009_2021-09-30_1_First"	43.7062937062937	2	"< 12.5% (10-15)"	"<"	10	15	FALSE	NA	"Rule1"	NA	NA	NA	NA	NA	"bug01"	"bug01"	0	"bug01_L2_Rule1_pi_BCG_att5extra"
"BCG_CT_2015"	"bug01"	"pi_BCG_att5extra"	"21-B-013_2021-10-04_1_First"	9.31174089068826	3	"< 45% (40-50)"	"<"	40	50	FALSE	NA	"Rule0"	NA	NA	NA	NA	NA	"bug01"	"bug01"	1	"bug01_L3_Rule0_pi_BCG_att5extra"
"BCG_CT_2015"	"bug01"	"pi_BCG_att5extra"	"21-B-013_2021-10-04_1_First"	9.31174089068826	4	"< 70% (65-75)"	"<"	65	75	FALSE	NA	"Rule0"	NA	NA	NA	NA	NA	"bug01"	"bug01"	1	"bug01_L4_Rule0_pi_BCG_att5extra"
"BCG_CT_2015"	"bug01"	"pi_BCG_att5extra"	"21-B-013_2021-10-04_1_First"	9.31174089068826	2	"< 12.5% (10-15)"	"<"	10	15	FALSE	NA	"Rule1"	NA	NA	NA	NA	NA	"bug01"	"bug01"	1	"bug01_L2_Rule1_pi_BCG_att5extra"
"BCG_CT_2015"	"bug01"	"pi_BCG_att5extra"	"21-B-014_2021-10-06_1_First"	10.0917431192661	3	"< 45% (40-50)"	"<"	40	50	FALSE	NA	"Rule0"	NA	NA	NA	NA	NA	"bug01"	"bug01"	1	"bug01_L3_Rule0_pi_BCG_att5extra"
"BCG_CT_2015"	"bug01"	"pi_BCG_att5extra"	"21-B-014_2021-10-06_1_First"	10.0917431192661	4	"< 70% (65-75)"	"<"	65	75	FALSE	NA	"Rule0"	NA	NA	NA	NA	NA	"bug01"	"bug01"	1	"bug01_L4_Rule0_pi_BCG_att5extra"
"BCG_CT_2015"	"bug01"	"pi_BCG_att5extra"	"21-B-014_2021-10-06_1_First"	10.0917431192661	2	"< 12.5% (10-15)"	"<"	10	15	FALSE	NA	"Rule1"	NA	NA	NA	NA	NA	"bug01"	"bug01"	0.981651376146789	"bug01_L2_Rule1_pi_BCG_att5extra"
"BCG_CT_2015"	"bug01"	"pi_BCG_att5extra"	"21-B-014_2021-10-06_1_Second"	8.53080568720379	3	"< 45% (40-50)"	"<"	40	50	FALSE	NA	"Rule0"	NA	NA	NA	NA	NA	"bug01"	"bug01"	1	"bug01_L3_Rule0_pi_BCG_att5extra"
"BCG_CT_2015"	"bug01"	"pi_BCG_att5extra"	"21-B-014_2021-10-06_1_Second"	8.53080568720379	4	"< 70% (65-75)"	"<"	65	75	FALSE	NA	"Rule0"	NA	NA	NA	NA	NA	"bug01"	"bug01"	1	"bug01_L4_Rule0_pi_BCG_att5extra"
"BCG_CT_2015"	"bug01"	"pi_BCG_att5extra"	"21-B-014_2021-10-06_1_Second"	8.53080568720379	2	"< 12.5% (10-15)"	"<"	10	15	FALSE	NA	"Rule1"	NA	NA	NA	NA	NA	"bug01"	"bug01"	1	"bug01_L2_Rule1_pi_BCG_att5extra"
"BCG_CT_2015"	"bug01"	"pi_BCG_att5extra"	"21-B-015_2021-10-06_1_First"	5.44554455445545	3	"< 45% (40-50)"	"<"	40	50	FALSE	NA	"Rule0"	NA	NA	NA	NA	NA	"bug01"	"bug01"	1	"bug01_L3_Rule0_pi_BCG_att5extra"
"BCG_CT_2015"	"bug01"	"pi_BCG_att5extra"	"21-B-015_2021-10-06_1_First"	5.44554455445545	4	"< 70% (65-75)"	"<"	65	75	FALSE	NA	"Rule0"	NA	NA	NA	NA	NA	"bug01"	"bug01"	1	"bug01_L4_Rule0_pi_BCG_att5extra"
"BCG_CT_2015"	"bug01"	"pi_BCG_att5extra"	"21-B-015_2021-10-06_1_First"	5.44554455445545	2	"< 12.5% (10-15)"	"<"	10	15	FALSE	NA	"Rule1"	NA	NA	NA	NA	NA	"bug01"	"bug01"	1	"bug01_L2_Rule1_pi_BCG_att5extra"
"BCG_CT_2015"	"bug01"	"pi_BCG_att5extra"	"21-B-016_2021-10-06_1_First"	9.04977375565611	3	"< 45% (40-50)"	"<"	40	50	FALSE	NA	"Rule0"	NA	NA	NA	NA	NA	"bug01"	"bug01"	1	"bug01_L3_Rule0_pi_BCG_att5extra"
"BCG_CT_2015"	"bug01"	"pi_BCG_att5extra"	"21-B-016_2021-10-06_1_First"	9.04977375565611	4	"< 70% (65-75)"	"<"	65	75	FALSE	NA	"Rule0"	NA	NA	NA	NA	NA	"bug01"	"bug01"	1	"bug01_L4_Rule0_pi_BCG_att5extra"
"BCG_CT_2015"	"bug01"	"pi_BCG_att5extra"	"21-B-016_2021-10-06_1_First"	9.04977375565611	2	"< 12.5% (10-15)"	"<"	10	15	FALSE	NA	"Rule1"	NA	NA	NA	NA	NA	"bug01"	"bug01"	1	"bug01_L2_Rule1_pi_BCG_att5extra"
"BCG_CT_2015"	"bug01"	"pi_BCG_att5extra"	"21-B-017_2021-10-06_1_First"	15.4867256637168	3	"< 45% (40-50)"	"<"	40	50	FALSE	NA	"Rule0"	NA	NA	NA	NA	NA	"bug01"	"bug01"	1	"bug01_L3_Rule0_pi_BCG_att5extra"
"BCG_CT_2015"	"bug01"	"pi_BCG_att5extra"	"21-B-017_2021-10-06_1_First"	15.4867256637168	4	"< 70% (65-75)"	"<"	65	75	FALSE	NA	"Rule0"	NA	NA	NA	NA	NA	"bug01"	"bug01"	1	"bug01_L4_Rule0_pi_BCG_att5extra"
"BCG_CT_2015"	"bug01"	"pi_BCG_att5extra"	"21-B-017_2021-10-06_1_First"	15.4867256637168	2	"< 12.5% (10-15)"	"<"	10	15	FALSE	NA	"Rule1"	NA	NA	NA	NA	NA	"bug01"	"bug01"	0	"bug01_L2_Rule1_pi_BCG_att5extra"
"BCG_CT_2015"	"bug01"	"pi_BCG_att5extra"	"21-B-018_2021-10-07_1_First"	50.5535055350554	3	"< 45% (40-50)"	"<"	40	50	FALSE	NA	"Rule0"	NA	NA	NA	NA	NA	"bug01"	"bug01"	0	"bug01_L3_Rule0_pi_BCG_att5extra"
"BCG_CT_2015"	"bug01"	"pi_BCG_att5extra"	"21-B-018_2021-10-07_1_First"	50.5535055350554	4	"< 70% (65-75)"	"<"	65	75	FALSE	NA	"Rule0"	NA	NA	NA	NA	NA	"bug01"	"bug01"	1	"bug01_L4_Rule0_pi_BCG_att5extra"
"BCG_CT_2015"	"bug01"	"pi_BCG_att5extra"	"21-B-018_2021-10-07_1_First"	50.5535055350554	2	"< 12.5% (10-15)"	"<"	10	15	FALSE	NA	"Rule1"	NA	NA	NA	NA	NA	"bug01"	"bug01"	0	"bug01_L2_Rule1_pi_BCG_att5extra"
"BCG_CT_2015"	"bug01"	"pi_BCG_att5extra"	"21-B-018_2021-10-07_1_Second"	46.7432950191571	3	"< 45% (40-50)"	"<"	40	50	FALSE	NA	"Rule0"	NA	NA	NA	NA	NA	"bug01"	"bug01"	0.325670498084291	"bug01_L3_Rule0_pi_BCG_att5extra"
"BCG_CT_2015"	"bug01"	"pi_BCG_att5extra"	"21-B-018_2021-10-07_1_Second"	46.7432950191571	4	"< 70% (65-75)"	"<"	65	75	FALSE	NA	"Rule0"	NA	NA	NA	NA	NA	"bug01"	"bug01"	1	"bug01_L4_Rule0_pi_BCG_att5extra"
"BCG_CT_2015"	"bug01"	"pi_BCG_att5extra"	"21-B-018_2021-10-07_1_Second"	46.7432950191571	2	"< 12.5% (10-15)"	"<"	10	15	FALSE	NA	"Rule1"	NA	NA	NA	NA	NA	"bug01"	"bug01"	0	"bug01_L2_Rule1_pi_BCG_att5extra"
"BCG_CT_2015"	"bug01"	"pi_BCG_att5extra"	"21-B-019_2021-10-07_1_First"	33.8235294117647	3	"< 45% (40-50)"	"<"	40	50	FALSE	NA	"Rule0"	NA	NA	NA	NA	NA	"bug01"	"bug01"	1	"bug01_L3_Rule0_pi_BCG_att5extra"
"BCG_CT_2015"	"bug01"	"pi_BCG_att5extra"	"21-B-019_2021-10-07_1_First"	33.8235294117647	4	"< 70% (65-75)"	"<"	65	75	FALSE	NA	"Rule0"	NA	NA	NA	NA	NA	"bug01"	"bug01"	1	"bug01_L4_Rule0_pi_BCG_att5extra"
"BCG_CT_2015"	"bug01"	"pi_BCG_att5extra"	"21-B-019_2021-10-07_1_First"	33.8235294117647	2	"< 12.5% (10-15)"	"<"	10	15	FALSE	NA	"Rule1"	NA	NA	NA	NA	NA	"bug01"	"bug01"	0	"bug01_L2_Rule1_pi_BCG_att5extra"
"BCG_CT_2015"	"bug01"	"pi_BCG_att5extra"	"21-B-020_2021-10-07_1_First"	16.0550458715596	3	"< 45% (40-50)"	"<"	40	50	FALSE	NA	"Rule0"	NA	NA	NA	NA	NA	"bug01"	"bug01"	1	"bug01_L3_Rule0_pi_BCG_att5extra"
"BCG_CT_2015"	"bug01"	"pi_BCG_att5extra"	"21-B-020_2021-10-07_1_First"	16.0550458715596	4	"< 70% (65-75)"	"<"	65	75	FALSE	NA	"Rule0"	NA	NA	NA	NA	NA	"bug01"	"bug01"	1	"bug01_L4_Rule0_pi_BCG_att5extra"
"BCG_CT_2015"	"bug01"	"pi_BCG_att5extra"	"21-B-020_2021-10-07_1_First"	16.0550458715596	2	"< 12.5% (10-15)"	"<"	10	15	FALSE	NA	"Rule1"	NA	NA	NA	NA	NA	"bug01"	"bug01"	0	"bug01_L2_Rule1_pi_BCG_att5extra"
"BCG_CT_2015"	"bug01"	"pi_BCG_att5extra"	"21-B-021_2021-10-07_2_First"	9.91379310344828	3	"< 45% (40-50)"	"<"	40	50	FALSE	NA	"Rule0"	NA	NA	NA	NA	NA	"bug01"	"bug01"	1	"bug01_L3_Rule0_pi_BCG_att5extra"
"BCG_CT_2015"	"bug01"	"pi_BCG_att5extra"	"21-B-021_2021-10-07_2_First"	9.91379310344828	4	"< 70% (65-75)"	"<"	65	75	FALSE	NA	"Rule0"	NA	NA	NA	NA	NA	"bug01"	"bug01"	1	"bug01_L4_Rule0_pi_BCG_att5extra"
"BCG_CT_2015"	"bug01"	"pi_BCG_att5extra"	"21-B-021_2021-10-07_2_First"	9.91379310344828	2	"< 12.5% (10-15)"	"<"	10	15	FALSE	NA	"Rule1"	NA	NA	NA	NA	NA	"bug01"	"bug01"	1	"bug01_L2_Rule1_pi_BCG_att5extra"
"BCG_CT_2015"	"bug01"	"pi_BCG_att5extra"	"21-B-023_2021-10-07_1_First"	17.8082191780822	3	"< 45% (40-50)"	"<"	40	50	FALSE	NA	"Rule0"	NA	NA	NA	NA	NA	"bug01"	"bug01"	1	"bug01_L3_Rule0_pi_BCG_att5extra"
"BCG_CT_2015"	"bug01"	"pi_BCG_att5extra"	"21-B-023_2021-10-07_1_First"	17.8082191780822	4	"< 70% (65-75)"	"<"	65	75	FALSE	NA	"Rule0"	NA	NA	NA	NA	NA	"bug01"	"bug01"	1	"bug01_L4_Rule0_pi_BCG_att5extra"
"BCG_CT_2015"	"bug01"	"pi_BCG_att5extra"	"21-B-023_2021-10-07_1_First"	17.8082191780822	2	"< 12.5% (10-15)"	"<"	10	15	FALSE	NA	"Rule1"	NA	NA	NA	NA	NA	"bug01"	"bug01"	0	"bug01_L2_Rule1_pi_BCG_att5extra"
"BCG_CT_2015"	"bug01"	"pi_BCG_att5extra"	"21-B-028_2021-10-12_1_First"	15.7205240174672	3	"< 45% (40-50)"	"<"	40	50	FALSE	NA	"Rule0"	NA	NA	NA	NA	NA	"bug01"	"bug01"	1	"bug01_L3_Rule0_pi_BCG_att5extra"
"BCG_CT_2015"	"bug01"	"pi_BCG_att5extra"	"21-B-028_2021-10-12_1_First"	15.7205240174672	4	"< 70% (65-75)"	"<"	65	75	FALSE	NA	"Rule0"	NA	NA	NA	NA	NA	"bug01"	"bug01"	1	"bug01_L4_Rule0_pi_BCG_att5extra"
"BCG_CT_2015"	"bug01"	"pi_BCG_att5extra"	"21-B-028_2021-10-12_1_First"	15.7205240174672	2	"< 12.5% (10-15)"	"<"	10	15	FALSE	NA	"Rule1"	NA	NA	NA	NA	NA	"bug01"	"bug01"	0	"bug01_L2_Rule1_pi_BCG_att5extra"
"BCG_CT_2015"	"bug01"	"pi_BCG_att5extra"	"21-B-029_2021-10-12_1_First"	30.5825242718447	3	"< 45% (40-50)"	"<"	40	50	FALSE	NA	"Rule0"	NA	NA	NA	NA	NA	"bug01"	"bug01"	1	"bug01_L3_Rule0_pi_BCG_att5extra"
"BCG_CT_2015"	"bug01"	"pi_BCG_att5extra"	"21-B-029_2021-10-12_1_First"	30.5825242718447	4	"< 70% (65-75)"	"<"	65	75	FALSE	NA	"Rule0"	NA	NA	NA	NA	NA	"bug01"	"bug01"	1	"bug01_L4_Rule0_pi_BCG_att5extra"
"BCG_CT_2015"	"bug01"	"pi_BCG_att5extra"	"21-B-029_2021-10-12_1_First"	30.5825242718447	2	"< 12.5% (10-15)"	"<"	10	15	FALSE	NA	"Rule1"	NA	NA	NA	NA	NA	"bug01"	"bug01"	0	"bug01_L2_Rule1_pi_BCG_att5extra"
"BCG_CT_2015"	"bug01"	"pi_BCG_att5extra"	"21-B-031_2021-10-12_1_First"	8.45771144278607	3	"< 45% (40-50)"	"<"	40	50	FALSE	NA	"Rule0"	NA	NA	NA	NA	NA	"bug01"	"bug01"	1	"bug01_L3_Rule0_pi_BCG_att5extra"
"BCG_CT_2015"	"bug01"	"pi_BCG_att5extra"	"21-B-031_2021-10-12_1_First"	8.45771144278607	4	"< 70% (65-75)"	"<"	65	75	FALSE	NA	"Rule0"	NA	NA	NA	NA	NA	"bug01"	"bug01"	1	"bug01_L4_Rule0_pi_BCG_att5extra"
"BCG_CT_2015"	"bug01"	"pi_BCG_att5extra"	"21-B-031_2021-10-12_1_First"	8.45771144278607	2	"< 12.5% (10-15)"	"<"	10	15	FALSE	NA	"Rule1"	NA	NA	NA	NA	NA	"bug01"	"bug01"	1	"bug01_L2_Rule1_pi_BCG_att5extra"
"BCG_CT_2015"	"bug01"	"pi_BCG_att5extra"	"21-B-032_2021-10-13_1_First"	5.21739130434783	3	"< 45% (40-50)"	"<"	40	50	FALSE	NA	"Rule0"	NA	NA	NA	NA	NA	"bug01"	"bug01"	1	"bug01_L3_Rule0_pi_BCG_att5extra"
"BCG_CT_2015"	"bug01"	"pi_BCG_att5extra"	"21-B-032_2021-10-13_1_First"	5.21739130434783	4	"< 70% (65-75)"	"<"	65	75	FALSE	NA	"Rule0"	NA	NA	NA	NA	NA	"bug01"	"bug01"	1	"bug01_L4_Rule0_pi_BCG_att5extra"
"BCG_CT_2015"	"bug01"	"pi_BCG_att5extra"	"21-B-032_2021-10-13_1_First"	5.21739130434783	2	"< 12.5% (10-15)"	"<"	10	15	FALSE	NA	"Rule1"	NA	NA	NA	NA	NA	"bug01"	"bug01"	1	"bug01_L2_Rule1_pi_BCG_att5extra"
"BCG_CT_2015"	"bug01"	"pi_BCG_att5extra"	"21-B-033_2021-10-13_2_First"	9.9601593625498	3	"< 45% (40-50)"	"<"	40	50	FALSE	NA	"Rule0"	NA	NA	NA	NA	NA	"bug01"	"bug01"	1	"bug01_L3_Rule0_pi_BCG_att5extra"
"BCG_CT_2015"	"bug01"	"pi_BCG_att5extra"	"21-B-033_2021-10-13_2_First"	9.9601593625498	4	"< 70% (65-75)"	"<"	65	75	FALSE	NA	"Rule0"	NA	NA	NA	NA	NA	"bug01"	"bug01"	1	"bug01_L4_Rule0_pi_BCG_att5extra"
"BCG_CT_2015"	"bug01"	"pi_BCG_att5extra"	"21-B-033_2021-10-13_2_First"	9.9601593625498	2	"< 12.5% (10-15)"	"<"	10	15	FALSE	NA	"Rule1"	NA	NA	NA	NA	NA	"bug01"	"bug01"	1	"bug01_L2_Rule1_pi_BCG_att5extra"
"BCG_CT_2015"	"bug01"	"pi_BCG_att5extra"	"21-B-034_2021-10-13_1_First"	20.5479452054795	3	"< 45% (40-50)"	"<"	40	50	FALSE	NA	"Rule0"	NA	NA	NA	NA	NA	"bug01"	"bug01"	1	"bug01_L3_Rule0_pi_BCG_att5extra"
"BCG_CT_2015"	"bug01"	"pi_BCG_att5extra"	"21-B-034_2021-10-13_1_First"	20.5479452054795	4	"< 70% (65-75)"	"<"	65	75	FALSE	NA	"Rule0"	NA	NA	NA	NA	NA	"bug01"	"bug01"	1	"bug01_L4_Rule0_pi_BCG_att5extra"
"BCG_CT_2015"	"bug01"	"pi_BCG_att5extra"	"21-B-034_2021-10-13_1_First"	20.5479452054795	2	"< 12.5% (10-15)"	"<"	10	15	FALSE	NA	"Rule1"	NA	NA	NA	NA	NA	"bug01"	"bug01"	0	"bug01_L2_Rule1_pi_BCG_att5extra"
"BCG_CT_2015"	"bug01"	"pi_BCG_att5extra"	"21-B-035_2021-10-13_1_First"	2.39234449760766	3	"< 45% (40-50)"	"<"	40	50	FALSE	NA	"Rule0"	NA	NA	NA	NA	NA	"bug01"	"bug01"	1	"bug01_L3_Rule0_pi_BCG_att5extra"
"BCG_CT_2015"	"bug01"	"pi_BCG_att5extra"	"21-B-035_2021-10-13_1_First"	2.39234449760766	4	"< 70% (65-75)"	"<"	65	75	FALSE	NA	"Rule0"	NA	NA	NA	NA	NA	"bug01"	"bug01"	1	"bug01_L4_Rule0_pi_BCG_att5extra"
"BCG_CT_2015"	"bug01"	"pi_BCG_att5extra"	"21-B-035_2021-10-13_1_First"	2.39234449760766	2	"< 12.5% (10-15)"	"<"	10	15	FALSE	NA	"Rule1"	NA	NA	NA	NA	NA	"bug01"	"bug01"	1	"bug01_L2_Rule1_pi_BCG_att5extra"
"BCG_CT_2015"	"bug01"	"pi_BCG_att5extra"	"21-B-036_2021-10-13_1_First"	12.807881773399	3	"< 45% (40-50)"	"<"	40	50	FALSE	NA	"Rule0"	NA	NA	NA	NA	NA	"bug01"	"bug01"	1	"bug01_L3_Rule0_pi_BCG_att5extra"
"BCG_CT_2015"	"bug01"	"pi_BCG_att5extra"	"21-B-036_2021-10-13_1_First"	12.807881773399	4	"< 70% (65-75)"	"<"	65	75	FALSE	NA	"Rule0"	NA	NA	NA	NA	NA	"bug01"	"bug01"	1	"bug01_L4_Rule0_pi_BCG_att5extra"
"BCG_CT_2015"	"bug01"	"pi_BCG_att5extra"	"21-B-036_2021-10-13_1_First"	12.807881773399	2	"< 12.5% (10-15)"	"<"	10	15	FALSE	NA	"Rule1"	NA	NA	NA	NA	NA	"bug01"	"bug01"	0.438423645320197	"bug01_L2_Rule1_pi_BCG_att5extra"
"BCG_CT_2015"	"bug01"	"pi_BCG_att5extra"	"21-B-037_2021-10-14_1_First"	3.39805825242718	3	"< 45% (40-50)"	"<"	40	50	FALSE	NA	"Rule0"	NA	NA	NA	NA	NA	"bug01"	"bug01"	1	"bug01_L3_Rule0_pi_BCG_att5extra"
"BCG_CT_2015"	"bug01"	"pi_BCG_att5extra"	"21-B-037_2021-10-14_1_First"	3.39805825242718	4	"< 70% (65-75)"	"<"	65	75	FALSE	NA	"Rule0"	NA	NA	NA	NA	NA	"bug01"	"bug01"	1	"bug01_L4_Rule0_pi_BCG_att5extra"
"BCG_CT_2015"	"bug01"	"pi_BCG_att5extra"	"21-B-037_2021-10-14_1_First"	3.39805825242718	2	"< 12.5% (10-15)"	"<"	10	15	FALSE	NA	"Rule1"	NA	NA	NA	NA	NA	"bug01"	"bug01"	1	"bug01_L2_Rule1_pi_BCG_att5extra"
"BCG_CT_2015"	"bug01"	"pi_BCG_att5extra"	"22-B-001_2022-09-21_1_First"	49.2537313432836	3	"< 45% (40-50)"	"<"	40	50	FALSE	NA	"Rule0"	NA	NA	NA	NA	NA	"bug01"	"bug01"	0.0746268656716413	"bug01_L3_Rule0_pi_BCG_att5extra"
"BCG_CT_2015"	"bug01"	"pi_BCG_att5extra"	"22-B-001_2022-09-21_1_First"	49.2537313432836	4	"< 70% (65-75)"	"<"	65	75	FALSE	NA	"Rule0"	NA	NA	NA	NA	NA	"bug01"	"bug01"	1	"bug01_L4_Rule0_pi_BCG_att5extra"
"BCG_CT_2015"	"bug01"	"pi_BCG_att5extra"	"22-B-001_2022-09-21_1_First"	49.2537313432836	2	"< 12.5% (10-15)"	"<"	10	15	FALSE	NA	"Rule1"	NA	NA	NA	NA	NA	"bug01"	"bug01"	0	"bug01_L2_Rule1_pi_BCG_att5extra"
"BCG_CT_2015"	"bug01"	"pi_BCG_att5extra"	"22-B-002_2022-09-29_1_First"	33.9622641509434	3	"< 45% (40-50)"	"<"	40	50	FALSE	NA	"Rule0"	NA	NA	NA	NA	NA	"bug01"	"bug01"	1	"bug01_L3_Rule0_pi_BCG_att5extra"
"BCG_CT_2015"	"bug01"	"pi_BCG_att5extra"	"22-B-002_2022-09-29_1_First"	33.9622641509434	4	"< 70% (65-75)"	"<"	65	75	FALSE	NA	"Rule0"	NA	NA	NA	NA	NA	"bug01"	"bug01"	1	"bug01_L4_Rule0_pi_BCG_att5extra"
"BCG_CT_2015"	"bug01"	"pi_BCG_att5extra"	"22-B-002_2022-09-29_1_First"	33.9622641509434	2	"< 12.5% (10-15)"	"<"	10	15	FALSE	NA	"Rule1"	NA	NA	NA	NA	NA	"bug01"	"bug01"	0	"bug01_L2_Rule1_pi_BCG_att5extra"
"BCG_CT_2015"	"bug01"	"pi_BCG_att5extra"	"22-B-003_2022-09-29_1_First"	7	3	"< 45% (40-50)"	"<"	40	50	FALSE	NA	"Rule0"	NA	NA	NA	NA	NA	"bug01"	"bug01"	1	"bug01_L3_Rule0_pi_BCG_att5extra"
"BCG_CT_2015"	"bug01"	"pi_BCG_att5extra"	"22-B-003_2022-09-29_1_First"	7	4	"< 70% (65-75)"	"<"	65	75	FALSE	NA	"Rule0"	NA	NA	NA	NA	NA	"bug01"	"bug01"	1	"bug01_L4_Rule0_pi_BCG_att5extra"
"BCG_CT_2015"	"bug01"	"pi_BCG_att5extra"	"22-B-003_2022-09-29_1_First"	7	2	"< 12.5% (10-15)"	"<"	10	15	FALSE	NA	"Rule1"	NA	NA	NA	NA	NA	"bug01"	"bug01"	1	"bug01_L2_Rule1_pi_BCG_att5extra"
"BCG_CT_2015"	"bug01"	"pi_BCG_att5extra"	"22-B-004_2022-09-29_1_First"	2	3	"< 45% (40-50)"	"<"	40	50	FALSE	NA	"Rule0"	NA	NA	NA	NA	NA	"bug01"	"bug01"	1	"bug01_L3_Rule0_pi_BCG_att5extra"
"BCG_CT_2015"	"bug01"	"pi_BCG_att5extra"	"22-B-004_2022-09-29_1_First"	2	4	"< 70% (65-75)"	"<"	65	75	FALSE	NA	"Rule0"	NA	NA	NA	NA	NA	"bug01"	"bug01"	1	"bug01_L4_Rule0_pi_BCG_att5extra"
"BCG_CT_2015"	"bug01"	"pi_BCG_att5extra"	"22-B-004_2022-09-29_1_First"	2	2	"< 12.5% (10-15)"	"<"	10	15	FALSE	NA	"Rule1"	NA	NA	NA	NA	NA	"bug01"	"bug01"	1	"bug01_L2_Rule1_pi_BCG_att5extra"
"BCG_CT_2015"	"bug01"	"pi_BCG_att5extra"	"22-B-005_2022-09-30_1_First"	4.36893203883495	3	"< 45% (40-50)"	"<"	40	50	FALSE	NA	"Rule0"	NA	NA	NA	NA	NA	"bug01"	"bug01"	1	"bug01_L3_Rule0_pi_BCG_att5extra"
"BCG_CT_2015"	"bug01"	"pi_BCG_att5extra"	"22-B-005_2022-09-30_1_First"	4.36893203883495	4	"< 70% (65-75)"	"<"	65	75	FALSE	NA	"Rule0"	NA	NA	NA	NA	NA	"bug01"	"bug01"	1	"bug01_L4_Rule0_pi_BCG_att5extra"
"BCG_CT_2015"	"bug01"	"pi_BCG_att5extra"	"22-B-005_2022-09-30_1_First"	4.36893203883495	2	"< 12.5% (10-15)"	"<"	10	15	FALSE	NA	"Rule1"	NA	NA	NA	NA	NA	"bug01"	"bug01"	1	"bug01_L2_Rule1_pi_BCG_att5extra"
"BCG_CT_2015"	"bug01"	"pi_BCG_att5extra"	"22-B-006_2022-09-30_1_First"	29.5	3	"< 45% (40-50)"	"<"	40	50	FALSE	NA	"Rule0"	NA	NA	NA	NA	NA	"bug01"	"bug01"	1	"bug01_L3_Rule0_pi_BCG_att5extra"
"BCG_CT_2015"	"bug01"	"pi_BCG_att5extra"	"22-B-006_2022-09-30_1_First"	29.5	4	"< 70% (65-75)"	"<"	65	75	FALSE	NA	"Rule0"	NA	NA	NA	NA	NA	"bug01"	"bug01"	1	"bug01_L4_Rule0_pi_BCG_att5extra"
"BCG_CT_2015"	"bug01"	"pi_BCG_att5extra"	"22-B-006_2022-09-30_1_First"	29.5	2	"< 12.5% (10-15)"	"<"	10	15	FALSE	NA	"Rule1"	NA	NA	NA	NA	NA	"bug01"	"bug01"	0	"bug01_L2_Rule1_pi_BCG_att5extra"
"BCG_CT_2015"	"bug01"	"pi_BCG_att5extra"	"22-B-006_2022-09-30_1_Second"	29.8507462686567	3	"< 45% (40-50)"	"<"	40	50	FALSE	NA	"Rule0"	NA	NA	NA	NA	NA	"bug01"	"bug01"	1	"bug01_L3_Rule0_pi_BCG_att5extra"
"BCG_CT_2015"	"bug01"	"pi_BCG_att5extra"	"22-B-006_2022-09-30_1_Second"	29.8507462686567	4	"< 70% (65-75)"	"<"	65	75	FALSE	NA	"Rule0"	NA	NA	NA	NA	NA	"bug01"	"bug01"	1	"bug01_L4_Rule0_pi_BCG_att5extra"
"BCG_CT_2015"	"bug01"	"pi_BCG_att5extra"	"22-B-006_2022-09-30_1_Second"	29.8507462686567	2	"< 12.5% (10-15)"	"<"	10	15	FALSE	NA	"Rule1"	NA	NA	NA	NA	NA	"bug01"	"bug01"	0	"bug01_L2_Rule1_pi_BCG_att5extra"
"BCG_CT_2015"	"bug01"	"pi_BCG_att5extra"	"22-B-007_2022-09-30_1_First"	5.68720379146919	3	"< 45% (40-50)"	"<"	40	50	FALSE	NA	"Rule0"	NA	NA	NA	NA	NA	"bug01"	"bug01"	1	"bug01_L3_Rule0_pi_BCG_att5extra"
"BCG_CT_2015"	"bug01"	"pi_BCG_att5extra"	"22-B-007_2022-09-30_1_First"	5.68720379146919	4	"< 70% (65-75)"	"<"	65	75	FALSE	NA	"Rule0"	NA	NA	NA	NA	NA	"bug01"	"bug01"	1	"bug01_L4_Rule0_pi_BCG_att5extra"
"BCG_CT_2015"	"bug01"	"pi_BCG_att5extra"	"22-B-007_2022-09-30_1_First"	5.68720379146919	2	"< 12.5% (10-15)"	"<"	10	15	FALSE	NA	"Rule1"	NA	NA	NA	NA	NA	"bug01"	"bug01"	1	"bug01_L2_Rule1_pi_BCG_att5extra"
"BCG_CT_2015"	"bug01"	"pi_BCG_att5extra"	"22-B-008_2022-10-06_1_First"	3.38164251207729	3	"< 45% (40-50)"	"<"	40	50	FALSE	NA	"Rule0"	NA	NA	NA	NA	NA	"bug01"	"bug01"	1	"bug01_L3_Rule0_pi_BCG_att5extra"
"BCG_CT_2015"	"bug01"	"pi_BCG_att5extra"	"22-B-008_2022-10-06_1_First"	3.38164251207729	4	"< 70% (65-75)"	"<"	65	75	FALSE	NA	"Rule0"	NA	NA	NA	NA	NA	"bug01"	"bug01"	1	"bug01_L4_Rule0_pi_BCG_att5extra"
"BCG_CT_2015"	"bug01"	"pi_BCG_att5extra"	"22-B-008_2022-10-06_1_First"	3.38164251207729	2	"< 12.5% (10-15)"	"<"	10	15	FALSE	NA	"Rule1"	NA	NA	NA	NA	NA	"bug01"	"bug01"	1	"bug01_L2_Rule1_pi_BCG_att5extra"
"BCG_CT_2015"	"bug01"	"pi_BCG_att5extra"	"22-B-009_2022-10-06_1_First"	5.67685589519651	3	"< 45% (40-50)"	"<"	40	50	FALSE	NA	"Rule0"	NA	NA	NA	NA	NA	"bug01"	"bug01"	1	"bug01_L3_Rule0_pi_BCG_att5extra"
"BCG_CT_2015"	"bug01"	"pi_BCG_att5extra"	"22-B-009_2022-10-06_1_First"	5.67685589519651	4	"< 70% (65-75)"	"<"	65	75	FALSE	NA	"Rule0"	NA	NA	NA	NA	NA	"bug01"	"bug01"	1	"bug01_L4_Rule0_pi_BCG_att5extra"
"BCG_CT_2015"	"bug01"	"pi_BCG_att5extra"	"22-B-009_2022-10-06_1_First"	5.67685589519651	2	"< 12.5% (10-15)"	"<"	10	15	FALSE	NA	"Rule1"	NA	NA	NA	NA	NA	"bug01"	"bug01"	1	"bug01_L2_Rule1_pi_BCG_att5extra"
"BCG_CT_2015"	"bug01"	"pi_BCG_att5extra"	"22-B-009_2022-10-06_1_Second"	5.79710144927536	3	"< 45% (40-50)"	"<"	40	50	FALSE	NA	"Rule0"	NA	NA	NA	NA	NA	"bug01"	"bug01"	1	"bug01_L3_Rule0_pi_BCG_att5extra"
"BCG_CT_2015"	"bug01"	"pi_BCG_att5extra"	"22-B-009_2022-10-06_1_Second"	5.79710144927536	4	"< 70% (65-75)"	"<"	65	75	FALSE	NA	"Rule0"	NA	NA	NA	NA	NA	"bug01"	"bug01"	1	"bug01_L4_Rule0_pi_BCG_att5extra"
"BCG_CT_2015"	"bug01"	"pi_BCG_att5extra"	"22-B-009_2022-10-06_1_Second"	5.79710144927536	2	"< 12.5% (10-15)"	"<"	10	15	FALSE	NA	"Rule1"	NA	NA	NA	NA	NA	"bug01"	"bug01"	1	"bug01_L2_Rule1_pi_BCG_att5extra"
"BCG_CT_2015"	"bug01"	"pi_BCG_att5extra"	"22-B-010_2022-10-06_1_First"	18.0616740088106	3	"< 45% (40-50)"	"<"	40	50	FALSE	NA	"Rule0"	NA	NA	NA	NA	NA	"bug01"	"bug01"	1	"bug01_L3_Rule0_pi_BCG_att5extra"
"BCG_CT_2015"	"bug01"	"pi_BCG_att5extra"	"22-B-010_2022-10-06_1_First"	18.0616740088106	4	"< 70% (65-75)"	"<"	65	75	FALSE	NA	"Rule0"	NA	NA	NA	NA	NA	"bug01"	"bug01"	1	"bug01_L4_Rule0_pi_BCG_att5extra"
"BCG_CT_2015"	"bug01"	"pi_BCG_att5extra"	"22-B-010_2022-10-06_1_First"	18.0616740088106	2	"< 12.5% (10-15)"	"<"	10	15	FALSE	NA	"Rule1"	NA	NA	NA	NA	NA	"bug01"	"bug01"	0	"bug01_L2_Rule1_pi_BCG_att5extra"
"BCG_CT_2015"	"bug01"	"pi_BCG_att5extra"	"21-B-004_2021-09-30_1_First"	0.940438871473354	3	"< 45% (40-50)"	"<"	40	50	FALSE	NA	"Rule0"	NA	NA	NA	NA	NA	"bug01"	"bug01"	1	"bug01_L3_Rule0_pi_BCG_att5extra"
"BCG_CT_2015"	"bug01"	"pi_BCG_att5extra"	"21-B-004_2021-09-30_1_First"	0.940438871473354	4	"< 70% (65-75)"	"<"	65	75	FALSE	NA	"Rule0"	NA	NA	NA	NA	NA	"bug01"	"bug01"	1	"bug01_L4_Rule0_pi_BCG_att5extra"
"BCG_CT_2015"	"bug01"	"pi_BCG_att5extra"	"21-B-004_2021-09-30_1_First"	0.940438871473354	2	"< 12.5% (10-15)"	"<"	10	15	FALSE	NA	"Rule1"	NA	NA	NA	NA	NA	"bug01"	"bug01"	1	"bug01_L2_Rule1_pi_BCG_att5extra"
"BCG_CT_2015"	"bug01"	"pi_BCG_att5extra"	"21-B-005_2021-09-30_1_First"	18.1184668989547	3	"< 45% (40-50)"	"<"	40	50	FALSE	NA	"Rule0"	NA	NA	NA	NA	NA	"bug01"	"bug01"	1	"bug01_L3_Rule0_pi_BCG_att5extra"
"BCG_CT_2015"	"bug01"	"pi_BCG_att5extra"	"21-B-005_2021-09-30_1_First"	18.1184668989547	4	"< 70% (65-75)"	"<"	65	75	FALSE	NA	"Rule0"	NA	NA	NA	NA	NA	"bug01"	"bug01"	1	"bug01_L4_Rule0_pi_BCG_att5extra"
"BCG_CT_2015"	"bug01"	"pi_BCG_att5extra"	"21-B-005_2021-09-30_1_First"	18.1184668989547	2	"< 12.5% (10-15)"	"<"	10	15	FALSE	NA	"Rule1"	NA	NA	NA	NA	NA	"bug01"	"bug01"	0	"bug01_L2_Rule1_pi_BCG_att5extra"
"BCG_CT_2015"	"bug01"	"pi_BCG_att5extra"	"21-B-006_2021-09-30_2_First"	22.7091633466135	3	"< 45% (40-50)"	"<"	40	50	FALSE	NA	"Rule0"	NA	NA	NA	NA	NA	"bug01"	"bug01"	1	"bug01_L3_Rule0_pi_BCG_att5extra"
"BCG_CT_2015"	"bug01"	"pi_BCG_att5extra"	"21-B-006_2021-09-30_2_First"	22.7091633466135	4	"< 70% (65-75)"	"<"	65	75	FALSE	NA	"Rule0"	NA	NA	NA	NA	NA	"bug01"	"bug01"	1	"bug01_L4_Rule0_pi_BCG_att5extra"
"BCG_CT_2015"	"bug01"	"pi_BCG_att5extra"	"21-B-006_2021-09-30_2_First"	22.7091633466135	2	"< 12.5% (10-15)"	"<"	10	15	FALSE	NA	"Rule1"	NA	NA	NA	NA	NA	"bug01"	"bug01"	0	"bug01_L2_Rule1_pi_BCG_att5extra"
"BCG_CT_2015"	"bug01"	"pi_BCG_att5extra"	"22-B-013_2022-10-07_1_First"	7.83410138248848	3	"< 45% (40-50)"	"<"	40	50	FALSE	NA	"Rule0"	NA	NA	NA	NA	NA	"bug01"	"bug01"	1	"bug01_L3_Rule0_pi_BCG_att5extra"
"BCG_CT_2015"	"bug01"	"pi_BCG_att5extra"	"22-B-013_2022-10-07_1_First"	7.83410138248848	4	"< 70% (65-75)"	"<"	65	75	FALSE	NA	"Rule0"	NA	NA	NA	NA	NA	"bug01"	"bug01"	1	"bug01_L4_Rule0_pi_BCG_att5extra"
"BCG_CT_2015"	"bug01"	"pi_BCG_att5extra"	"22-B-013_2022-10-07_1_First"	7.83410138248848	2	"< 12.5% (10-15)"	"<"	10	15	FALSE	NA	"Rule1"	NA	NA	NA	NA	NA	"bug01"	"bug01"	1	"bug01_L2_Rule1_pi_BCG_att5extra"
"BCG_CT_2015"	"bug01"	"pi_BCG_att5extra"	"22-B-014_2022-10-11_1_First"	33.1683168316832	3	"< 45% (40-50)"	"<"	40	50	FALSE	NA	"Rule0"	NA	NA	NA	NA	NA	"bug01"	"bug01"	1	"bug01_L3_Rule0_pi_BCG_att5extra"
"BCG_CT_2015"	"bug01"	"pi_BCG_att5extra"	"22-B-014_2022-10-11_1_First"	33.1683168316832	4	"< 70% (65-75)"	"<"	65	75	FALSE	NA	"Rule0"	NA	NA	NA	NA	NA	"bug01"	"bug01"	1	"bug01_L4_Rule0_pi_BCG_att5extra"
"BCG_CT_2015"	"bug01"	"pi_BCG_att5extra"	"22-B-014_2022-10-11_1_First"	33.1683168316832	2	"< 12.5% (10-15)"	"<"	10	15	FALSE	NA	"Rule1"	NA	NA	NA	NA	NA	"bug01"	"bug01"	0	"bug01_L2_Rule1_pi_BCG_att5extra"
"BCG_CT_2015"	"bug01"	"pi_BCG_att5extra"	"22-B-015_2022-10-11_1_First"	2.5	3	"< 45% (40-50)"	"<"	40	50	FALSE	NA	"Rule0"	NA	NA	NA	NA	NA	"bug01"	"bug01"	1	"bug01_L3_Rule0_pi_BCG_att5extra"
"BCG_CT_2015"	"bug01"	"pi_BCG_att5extra"	"22-B-015_2022-10-11_1_First"	2.5	4	"< 70% (65-75)"	"<"	65	75	FALSE	NA	"Rule0"	NA	NA	NA	NA	NA	"bug01"	"bug01"	1	"bug01_L4_Rule0_pi_BCG_att5extra"
"BCG_CT_2015"	"bug01"	"pi_BCG_att5extra"	"22-B-015_2022-10-11_1_First"	2.5	2	"< 12.5% (10-15)"	"<"	10	15	FALSE	NA	"Rule1"	NA	NA	NA	NA	NA	"bug01"	"bug01"	1	"bug01_L2_Rule1_pi_BCG_att5extra"
"BCG_CT_2015"	"bug01"	"pi_BCG_att5extra"	"22-B-016_2022-10-11_1_First"	20.7920792079208	3	"< 45% (40-50)"	"<"	40	50	FALSE	NA	"Rule0"	NA	NA	NA	NA	NA	"bug01"	"bug01"	1	"bug01_L3_Rule0_pi_BCG_att5extra"
"BCG_CT_2015"	"bug01"	"pi_BCG_att5extra"	"22-B-016_2022-10-11_1_First"	20.7920792079208	4	"< 70% (65-75)"	"<"	65	75	FALSE	NA	"Rule0"	NA	NA	NA	NA	NA	"bug01"	"bug01"	1	"bug01_L4_Rule0_pi_BCG_att5extra"
"BCG_CT_2015"	"bug01"	"pi_BCG_att5extra"	"22-B-016_2022-10-11_1_First"	20.7920792079208	2	"< 12.5% (10-15)"	"<"	10	15	FALSE	NA	"Rule1"	NA	NA	NA	NA	NA	"bug01"	"bug01"	0	"bug01_L2_Rule1_pi_BCG_att5extra"
"BCG_CT_2015"	"bug01"	"pi_BCG_att5extra"	"22-B-017_2022-10-11_2_First"	12.6760563380282	3	"< 45% (40-50)"	"<"	40	50	FALSE	NA	"Rule0"	NA	NA	NA	NA	NA	"bug01"	"bug01"	1	"bug01_L3_Rule0_pi_BCG_att5extra"
"BCG_CT_2015"	"bug01"	"pi_BCG_att5extra"	"22-B-017_2022-10-11_2_First"	12.6760563380282	4	"< 70% (65-75)"	"<"	65	75	FALSE	NA	"Rule0"	NA	NA	NA	NA	NA	"bug01"	"bug01"	1	"bug01_L4_Rule0_pi_BCG_att5extra"
"BCG_CT_2015"	"bug01"	"pi_BCG_att5extra"	"22-B-017_2022-10-11_2_First"	12.6760563380282	2	"< 12.5% (10-15)"	"<"	10	15	FALSE	NA	"Rule1"	NA	NA	NA	NA	NA	"bug01"	"bug01"	0.464788732394366	"bug01_L2_Rule1_pi_BCG_att5extra"
"BCG_CT_2015"	"bug01"	"pi_BCG_att5extra"	"22-B-018_2022-10-12_1_First"	16.4556962025316	3	"< 45% (40-50)"	"<"	40	50	FALSE	NA	"Rule0"	NA	NA	NA	NA	NA	"bug01"	"bug01"	1	"bug01_L3_Rule0_pi_BCG_att5extra"
"BCG_CT_2015"	"bug01"	"pi_BCG_att5extra"	"22-B-018_2022-10-12_1_First"	16.4556962025316	4	"< 70% (65-75)"	"<"	65	75	FALSE	NA	"Rule0"	NA	NA	NA	NA	NA	"bug01"	"bug01"	1	"bug01_L4_Rule0_pi_BCG_att5extra"
"BCG_CT_2015"	"bug01"	"pi_BCG_att5extra"	"22-B-018_2022-10-12_1_First"	16.4556962025316	2	"< 12.5% (10-15)"	"<"	10	15	FALSE	NA	"Rule1"	NA	NA	NA	NA	NA	"bug01"	"bug01"	0	"bug01_L2_Rule1_pi_BCG_att5extra"
"BCG_CT_2015"	"bug01"	"pi_BCG_att5extra"	"22-B-019_2022-10-12_1_First"	17.3708920187793	3	"< 45% (40-50)"	"<"	40	50	FALSE	NA	"Rule0"	NA	NA	NA	NA	NA	"bug01"	"bug01"	1	"bug01_L3_Rule0_pi_BCG_att5extra"
"BCG_CT_2015"	"bug01"	"pi_BCG_att5extra"	"22-B-019_2022-10-12_1_First"	17.3708920187793	4	"< 70% (65-75)"	"<"	65	75	FALSE	NA	"Rule0"	NA	NA	NA	NA	NA	"bug01"	"bug01"	1	"bug01_L4_Rule0_pi_BCG_att5extra"
"BCG_CT_2015"	"bug01"	"pi_BCG_att5extra"	"22-B-019_2022-10-12_1_First"	17.3708920187793	2	"< 12.5% (10-15)"	"<"	10	15	FALSE	NA	"Rule1"	NA	NA	NA	NA	NA	"bug01"	"bug01"	0	"bug01_L2_Rule1_pi_BCG_att5extra"
"BCG_CT_2015"	"bug01"	"pi_BCG_att5extra"	"22-B-020_2022-10-12_1_First"	8	3	"< 45% (40-50)"	"<"	40	50	FALSE	NA	"Rule0"	NA	NA	NA	NA	NA	"bug01"	"bug01"	1	"bug01_L3_Rule0_pi_BCG_att5extra"
"BCG_CT_2015"	"bug01"	"pi_BCG_att5extra"	"22-B-020_2022-10-12_1_First"	8	4	"< 70% (65-75)"	"<"	65	75	FALSE	NA	"Rule0"	NA	NA	NA	NA	NA	"bug01"	"bug01"	1	"bug01_L4_Rule0_pi_BCG_att5extra"
"BCG_CT_2015"	"bug01"	"pi_BCG_att5extra"	"22-B-020_2022-10-12_1_First"	8	2	"< 12.5% (10-15)"	"<"	10	15	FALSE	NA	"Rule1"	NA	NA	NA	NA	NA	"bug01"	"bug01"	1	"bug01_L2_Rule1_pi_BCG_att5extra"
"BCG_CT_2015"	"bug01"	"pi_BCG_att5extra"	"22-B-021_2022-10-13_1_First"	14.1509433962264	3	"< 45% (40-50)"	"<"	40	50	FALSE	NA	"Rule0"	NA	NA	NA	NA	NA	"bug01"	"bug01"	1	"bug01_L3_Rule0_pi_BCG_att5extra"
"BCG_CT_2015"	"bug01"	"pi_BCG_att5extra"	"22-B-021_2022-10-13_1_First"	14.1509433962264	4	"< 70% (65-75)"	"<"	65	75	FALSE	NA	"Rule0"	NA	NA	NA	NA	NA	"bug01"	"bug01"	1	"bug01_L4_Rule0_pi_BCG_att5extra"
"BCG_CT_2015"	"bug01"	"pi_BCG_att5extra"	"22-B-021_2022-10-13_1_First"	14.1509433962264	2	"< 12.5% (10-15)"	"<"	10	15	FALSE	NA	"Rule1"	NA	NA	NA	NA	NA	"bug01"	"bug01"	0.169811320754717	"bug01_L2_Rule1_pi_BCG_att5extra"
"BCG_CT_2015"	"bug01"	"pi_BCG_att5extra"	"22-B-022_2022-10-13_1_Second"	11.9815668202765	3	"< 45% (40-50)"	"<"	40	50	FALSE	NA	"Rule0"	NA	NA	NA	NA	NA	"bug01"	"bug01"	1	"bug01_L3_Rule0_pi_BCG_att5extra"
"BCG_CT_2015"	"bug01"	"pi_BCG_att5extra"	"22-B-022_2022-10-13_1_Second"	11.9815668202765	4	"< 70% (65-75)"	"<"	65	75	FALSE	NA	"Rule0"	NA	NA	NA	NA	NA	"bug01"	"bug01"	1	"bug01_L4_Rule0_pi_BCG_att5extra"
"BCG_CT_2015"	"bug01"	"pi_BCG_att5extra"	"22-B-022_2022-10-13_1_Second"	11.9815668202765	2	"< 12.5% (10-15)"	"<"	10	15	FALSE	NA	"Rule1"	NA	NA	NA	NA	NA	"bug01"	"bug01"	0.6036866359447	"bug01_L2_Rule1_pi_BCG_att5extra"
"BCG_CT_2015"	"bug01"	"pi_BCG_att5extra"	"22-B-022_2022-10-13_2_First"	12.5541125541126	3	"< 45% (40-50)"	"<"	40	50	FALSE	NA	"Rule0"	NA	NA	NA	NA	NA	"bug01"	"bug01"	1	"bug01_L3_Rule0_pi_BCG_att5extra"
"BCG_CT_2015"	"bug01"	"pi_BCG_att5extra"	"22-B-022_2022-10-13_2_First"	12.5541125541126	4	"< 70% (65-75)"	"<"	65	75	FALSE	NA	"Rule0"	NA	NA	NA	NA	NA	"bug01"	"bug01"	1	"bug01_L4_Rule0_pi_BCG_att5extra"
"BCG_CT_2015"	"bug01"	"pi_BCG_att5extra"	"22-B-022_2022-10-13_2_First"	12.5541125541126	2	"< 12.5% (10-15)"	"<"	10	15	FALSE	NA	"Rule1"	NA	NA	NA	NA	NA	"bug01"	"bug01"	0.489177489177489	"bug01_L2_Rule1_pi_BCG_att5extra"
"BCG_CT_2015"	"bug01"	"pi_BCG_att5extra"	"22-B-023_2022-10-13_1_First"	50.2463054187192	3	"< 45% (40-50)"	"<"	40	50	FALSE	NA	"Rule0"	NA	NA	NA	NA	NA	"bug01"	"bug01"	0	"bug01_L3_Rule0_pi_BCG_att5extra"
"BCG_CT_2015"	"bug01"	"pi_BCG_att5extra"	"22-B-023_2022-10-13_1_First"	50.2463054187192	4	"< 70% (65-75)"	"<"	65	75	FALSE	NA	"Rule0"	NA	NA	NA	NA	NA	"bug01"	"bug01"	1	"bug01_L4_Rule0_pi_BCG_att5extra"
"BCG_CT_2015"	"bug01"	"pi_BCG_att5extra"	"22-B-023_2022-10-13_1_First"	50.2463054187192	2	"< 12.5% (10-15)"	"<"	10	15	FALSE	NA	"Rule1"	NA	NA	NA	NA	NA	"bug01"	"bug01"	0	"bug01_L2_Rule1_pi_BCG_att5extra"
"BCG_CT_2015"	"bug01"	"pi_BCG_att5extra"	"22-B-024_2022-10-13_2_First"	51.9823788546256	3	"< 45% (40-50)"	"<"	40	50	FALSE	NA	"Rule0"	NA	NA	NA	NA	NA	"bug01"	"bug01"	0	"bug01_L3_Rule0_pi_BCG_att5extra"
"BCG_CT_2015"	"bug01"	"pi_BCG_att5extra"	"22-B-024_2022-10-13_2_First"	51.9823788546256	4	"< 70% (65-75)"	"<"	65	75	FALSE	NA	"Rule0"	NA	NA	NA	NA	NA	"bug01"	"bug01"	1	"bug01_L4_Rule0_pi_BCG_att5extra"
"BCG_CT_2015"	"bug01"	"pi_BCG_att5extra"	"22-B-024_2022-10-13_2_First"	51.9823788546256	2	"< 12.5% (10-15)"	"<"	10	15	FALSE	NA	"Rule1"	NA	NA	NA	NA	NA	"bug01"	"bug01"	0	"bug01_L2_Rule1_pi_BCG_att5extra"
"BCG_CT_2015"	"bug01"	"pi_BCG_att5extra"	"22-B-025_2022-10-13_1_First"	7.3469387755102	3	"< 45% (40-50)"	"<"	40	50	FALSE	NA	"Rule0"	NA	NA	NA	NA	NA	"bug01"	"bug01"	1	"bug01_L3_Rule0_pi_BCG_att5extra"
"BCG_CT_2015"	"bug01"	"pi_BCG_att5extra"	"22-B-025_2022-10-13_1_First"	7.3469387755102	4	"< 70% (65-75)"	"<"	65	75	FALSE	NA	"Rule0"	NA	NA	NA	NA	NA	"bug01"	"bug01"	1	"bug01_L4_Rule0_pi_BCG_att5extra"
"BCG_CT_2015"	"bug01"	"pi_BCG_att5extra"	"22-B-025_2022-10-13_1_First"	7.3469387755102	2	"< 12.5% (10-15)"	"<"	10	15	FALSE	NA	"Rule1"	NA	NA	NA	NA	NA	"bug01"	"bug01"	1	"bug01_L2_Rule1_pi_BCG_att5extra"
"BCG_CT_2015"	"bug01"	"pi_BCG_att5extra"	"22-B-026_2022-10-13_1_First"	2.71493212669683	3	"< 45% (40-50)"	"<"	40	50	FALSE	NA	"Rule0"	NA	NA	NA	NA	NA	"bug01"	"bug01"	1	"bug01_L3_Rule0_pi_BCG_att5extra"
"BCG_CT_2015"	"bug01"	"pi_BCG_att5extra"	"22-B-026_2022-10-13_1_First"	2.71493212669683	4	"< 70% (65-75)"	"<"	65	75	FALSE	NA	"Rule0"	NA	NA	NA	NA	NA	"bug01"	"bug01"	1	"bug01_L4_Rule0_pi_BCG_att5extra"
"BCG_CT_2015"	"bug01"	"pi_BCG_att5extra"	"22-B-026_2022-10-13_1_First"	2.71493212669683	2	"< 12.5% (10-15)"	"<"	10	15	FALSE	NA	"Rule1"	NA	NA	NA	NA	NA	"bug01"	"bug01"	1	"bug01_L2_Rule1_pi_BCG_att5extra"
"BCG_CT_2015"	"bug01"	"pi_BCG_att5extra"	"22-B-027_2022-10-13_1_First"	3.46320346320346	3	"< 45% (40-50)"	"<"	40	50	FALSE	NA	"Rule0"	NA	NA	NA	NA	NA	"bug01"	"bug01"	1	"bug01_L3_Rule0_pi_BCG_att5extra"
"BCG_CT_2015"	"bug01"	"pi_BCG_att5extra"	"22-B-027_2022-10-13_1_First"	3.46320346320346	4	"< 70% (65-75)"	"<"	65	75	FALSE	NA	"Rule0"	NA	NA	NA	NA	NA	"bug01"	"bug01"	1	"bug01_L4_Rule0_pi_BCG_att5extra"
"BCG_CT_2015"	"bug01"	"pi_BCG_att5extra"	"22-B-027_2022-10-13_1_First"	3.46320346320346	2	"< 12.5% (10-15)"	"<"	10	15	FALSE	NA	"Rule1"	NA	NA	NA	NA	NA	"bug01"	"bug01"	1	"bug01_L2_Rule1_pi_BCG_att5extra"
"BCG_CT_2015"	"bug01"	"pi_BCG_att5extra"	"22-B-028_2022-10-14_1_First"	10.8374384236453	3	"< 45% (40-50)"	"<"	40	50	FALSE	NA	"Rule0"	NA	NA	NA	NA	NA	"bug01"	"bug01"	1	"bug01_L3_Rule0_pi_BCG_att5extra"
"BCG_CT_2015"	"bug01"	"pi_BCG_att5extra"	"22-B-028_2022-10-14_1_First"	10.8374384236453	4	"< 70% (65-75)"	"<"	65	75	FALSE	NA	"Rule0"	NA	NA	NA	NA	NA	"bug01"	"bug01"	1	"bug01_L4_Rule0_pi_BCG_att5extra"
"BCG_CT_2015"	"bug01"	"pi_BCG_att5extra"	"22-B-028_2022-10-14_1_First"	10.8374384236453	2	"< 12.5% (10-15)"	"<"	10	15	FALSE	NA	"Rule1"	NA	NA	NA	NA	NA	"bug01"	"bug01"	0.832512315270936	"bug01_L2_Rule1_pi_BCG_att5extra"
"BCG_CT_2015"	"bug01"	"pi_BCG_att5extra"	"22-B-028_2022-10-14_1_Second"	12.5	3	"< 45% (40-50)"	"<"	40	50	FALSE	NA	"Rule0"	NA	NA	NA	NA	NA	"bug01"	"bug01"	1	"bug01_L3_Rule0_pi_BCG_att5extra"
"BCG_CT_2015"	"bug01"	"pi_BCG_att5extra"	"22-B-028_2022-10-14_1_Second"	12.5	4	"< 70% (65-75)"	"<"	65	75	FALSE	NA	"Rule0"	NA	NA	NA	NA	NA	"bug01"	"bug01"	1	"bug01_L4_Rule0_pi_BCG_att5extra"
"BCG_CT_2015"	"bug01"	"pi_BCG_att5extra"	"22-B-028_2022-10-14_1_Second"	12.5	2	"< 12.5% (10-15)"	"<"	10	15	FALSE	NA	"Rule1"	NA	NA	NA	NA	NA	"bug01"	"bug01"	0.5	"bug01_L2_Rule1_pi_BCG_att5extra"
"BCG_CT_2015"	"bug01"	"pi_BCG_att5extra"	"22-B-029_2022-10-14_2_First"	10.2439024390244	3	"< 45% (40-50)"	"<"	40	50	FALSE	NA	"Rule0"	NA	NA	NA	NA	NA	"bug01"	"bug01"	1	"bug01_L3_Rule0_pi_BCG_att5extra"
"BCG_CT_2015"	"bug01"	"pi_BCG_att5extra"	"22-B-029_2022-10-14_2_First"	10.2439024390244	4	"< 70% (65-75)"	"<"	65	75	FALSE	NA	"Rule0"	NA	NA	NA	NA	NA	"bug01"	"bug01"	1	"bug01_L4_Rule0_pi_BCG_att5extra"
"BCG_CT_2015"	"bug01"	"pi_BCG_att5extra"	"22-B-029_2022-10-14_2_First"	10.2439024390244	2	"< 12.5% (10-15)"	"<"	10	15	FALSE	NA	"Rule1"	NA	NA	NA	NA	NA	"bug01"	"bug01"	0.951219512195122	"bug01_L2_Rule1_pi_BCG_att5extra"
"BCG_CT_2015"	"bug01"	"pi_BCG_att5extra"	"22-B-030_2022-10-14_1_First"	9.04761904761905	3	"< 45% (40-50)"	"<"	40	50	FALSE	NA	"Rule0"	NA	NA	NA	NA	NA	"bug01"	"bug01"	1	"bug01_L3_Rule0_pi_BCG_att5extra"
"BCG_CT_2015"	"bug01"	"pi_BCG_att5extra"	"22-B-030_2022-10-14_1_First"	9.04761904761905	4	"< 70% (65-75)"	"<"	65	75	FALSE	NA	"Rule0"	NA	NA	NA	NA	NA	"bug01"	"bug01"	1	"bug01_L4_Rule0_pi_BCG_att5extra"
"BCG_CT_2015"	"bug01"	"pi_BCG_att5extra"	"22-B-030_2022-10-14_1_First"	9.04761904761905	2	"< 12.5% (10-15)"	"<"	10	15	FALSE	NA	"Rule1"	NA	NA	NA	NA	NA	"bug01"	"bug01"	1	"bug01_L2_Rule1_pi_BCG_att5extra"
"BCG_CT_2015"	"bug01"	"pi_BCG_att5extra"	"22-B-031_2022-10-14_1_First"	3.5	3	"< 45% (40-50)"	"<"	40	50	FALSE	NA	"Rule0"	NA	NA	NA	NA	NA	"bug01"	"bug01"	1	"bug01_L3_Rule0_pi_BCG_att5extra"
"BCG_CT_2015"	"bug01"	"pi_BCG_att5extra"	"22-B-031_2022-10-14_1_First"	3.5	4	"< 70% (65-75)"	"<"	65	75	FALSE	NA	"Rule0"	NA	NA	NA	NA	NA	"bug01"	"bug01"	1	"bug01_L4_Rule0_pi_BCG_att5extra"
"BCG_CT_2015"	"bug01"	"pi_BCG_att5extra"	"22-B-031_2022-10-14_1_First"	3.5	2	"< 12.5% (10-15)"	"<"	10	15	FALSE	NA	"Rule1"	NA	NA	NA	NA	NA	"bug01"	"bug01"	1	"bug01_L2_Rule1_pi_BCG_att5extra"
"BCG_CT_2015"	"bug01"	"pi_BCG_att5extra"	"22-B-032_2022-10-14_1_First"	23.1132075471698	3	"< 45% (40-50)"	"<"	40	50	FALSE	NA	"Rule0"	NA	NA	NA	NA	NA	"bug01"	"bug01"	1	"bug01_L3_Rule0_pi_BCG_att5extra"
"BCG_CT_2015"	"bug01"	"pi_BCG_att5extra"	"22-B-032_2022-10-14_1_First"	23.1132075471698	4	"< 70% (65-75)"	"<"	65	75	FALSE	NA	"Rule0"	NA	NA	NA	NA	NA	"bug01"	"bug01"	1	"bug01_L4_Rule0_pi_BCG_att5extra"
"BCG_CT_2015"	"bug01"	"pi_BCG_att5extra"	"22-B-032_2022-10-14_1_First"	23.1132075471698	2	"< 12.5% (10-15)"	"<"	10	15	FALSE	NA	"Rule1"	NA	NA	NA	NA	NA	"bug01"	"bug01"	0	"bug01_L2_Rule1_pi_BCG_att5extra"
"BCG_CT_2015"	"bug01"	"pi_BCG_att5extra"	"22-B-033_2022-10-14_1_First"	2	3	"< 45% (40-50)"	"<"	40	50	FALSE	NA	"Rule0"	NA	NA	NA	NA	NA	"bug01"	"bug01"	1	"bug01_L3_Rule0_pi_BCG_att5extra"
"BCG_CT_2015"	"bug01"	"pi_BCG_att5extra"	"22-B-033_2022-10-14_1_First"	2	4	"< 70% (65-75)"	"<"	65	75	FALSE	NA	"Rule0"	NA	NA	NA	NA	NA	"bug01"	"bug01"	1	"bug01_L4_Rule0_pi_BCG_att5extra"
"BCG_CT_2015"	"bug01"	"pi_BCG_att5extra"	"22-B-033_2022-10-14_1_First"	2	2	"< 12.5% (10-15)"	"<"	10	15	FALSE	NA	"Rule1"	NA	NA	NA	NA	NA	"bug01"	"bug01"	1	"bug01_L2_Rule1_pi_BCG_att5extra"
"BCG_CT_2015"	"bug01"	"pi_BCG_att5extra"	"22-B-034_2022-10-17_1_First"	3.46320346320346	3	"< 45% (40-50)"	"<"	40	50	FALSE	NA	"Rule0"	NA	NA	NA	NA	NA	"bug01"	"bug01"	1	"bug01_L3_Rule0_pi_BCG_att5extra"
"BCG_CT_2015"	"bug01"	"pi_BCG_att5extra"	"22-B-034_2022-10-17_1_First"	3.46320346320346	4	"< 70% (65-75)"	"<"	65	75	FALSE	NA	"Rule0"	NA	NA	NA	NA	NA	"bug01"	"bug01"	1	"bug01_L4_Rule0_pi_BCG_att5extra"
"BCG_CT_2015"	"bug01"	"pi_BCG_att5extra"	"22-B-034_2022-10-17_1_First"	3.46320346320346	2	"< 12.5% (10-15)"	"<"	10	15	FALSE	NA	"Rule1"	NA	NA	NA	NA	NA	"bug01"	"bug01"	1	"bug01_L2_Rule1_pi_BCG_att5extra"
"BCG_CT_2015"	"bug01"	"pi_BCG_att5extra"	"22-B-035_2022-10-17_2_First"	14.8325358851675	3	"< 45% (40-50)"	"<"	40	50	FALSE	NA	"Rule0"	NA	NA	NA	NA	NA	"bug01"	"bug01"	1	"bug01_L3_Rule0_pi_BCG_att5extra"
"BCG_CT_2015"	"bug01"	"pi_BCG_att5extra"	"22-B-035_2022-10-17_2_First"	14.8325358851675	4	"< 70% (65-75)"	"<"	65	75	FALSE	NA	"Rule0"	NA	NA	NA	NA	NA	"bug01"	"bug01"	1	"bug01_L4_Rule0_pi_BCG_att5extra"
"BCG_CT_2015"	"bug01"	"pi_BCG_att5extra"	"22-B-035_2022-10-17_2_First"	14.8325358851675	2	"< 12.5% (10-15)"	"<"	10	15	FALSE	NA	"Rule1"	NA	NA	NA	NA	NA	"bug01"	"bug01"	0.0334928229665072	"bug01_L2_Rule1_pi_BCG_att5extra"
"BCG_CT_2015"	"bug01"	"pi_BCG_att5extra"	"22-B-036_2022-10-17_1_First"	3.5	3	"< 45% (40-50)"	"<"	40	50	FALSE	NA	"Rule0"	NA	NA	NA	NA	NA	"bug01"	"bug01"	1	"bug01_L3_Rule0_pi_BCG_att5extra"
"BCG_CT_2015"	"bug01"	"pi_BCG_att5extra"	"22-B-036_2022-10-17_1_First"	3.5	4	"< 70% (65-75)"	"<"	65	75	FALSE	NA	"Rule0"	NA	NA	NA	NA	NA	"bug01"	"bug01"	1	"bug01_L4_Rule0_pi_BCG_att5extra"
"BCG_CT_2015"	"bug01"	"pi_BCG_att5extra"	"22-B-036_2022-10-17_1_First"	3.5	2	"< 12.5% (10-15)"	"<"	10	15	FALSE	NA	"Rule1"	NA	NA	NA	NA	NA	"bug01"	"bug01"	1	"bug01_L2_Rule1_pi_BCG_att5extra"
"BCG_CT_2015"	"bug01"	"pi_BCG_att5extra"	"22-B-037_2022-10-17_1_First"	4.83091787439614	3	"< 45% (40-50)"	"<"	40	50	FALSE	NA	"Rule0"	NA	NA	NA	NA	NA	"bug01"	"bug01"	1	"bug01_L3_Rule0_pi_BCG_att5extra"
"BCG_CT_2015"	"bug01"	"pi_BCG_att5extra"	"22-B-037_2022-10-17_1_First"	4.83091787439614	4	"< 70% (65-75)"	"<"	65	75	FALSE	NA	"Rule0"	NA	NA	NA	NA	NA	"bug01"	"bug01"	1	"bug01_L4_Rule0_pi_BCG_att5extra"
"BCG_CT_2015"	"bug01"	"pi_BCG_att5extra"	"22-B-037_2022-10-17_1_First"	4.83091787439614	2	"< 12.5% (10-15)"	"<"	10	15	FALSE	NA	"Rule1"	NA	NA	NA	NA	NA	"bug01"	"bug01"	1	"bug01_L2_Rule1_pi_BCG_att5extra"
"BCG_CT_2015"	"bug01"	"pi_BCG_att5extra"	"22-B-037_2022-10-17_1_Second"	3.68663594470046	3	"< 45% (40-50)"	"<"	40	50	FALSE	NA	"Rule0"	NA	NA	NA	NA	NA	"bug01"	"bug01"	1	"bug01_L3_Rule0_pi_BCG_att5extra"
"BCG_CT_2015"	"bug01"	"pi_BCG_att5extra"	"22-B-037_2022-10-17_1_Second"	3.68663594470046	4	"< 70% (65-75)"	"<"	65	75	FALSE	NA	"Rule0"	NA	NA	NA	NA	NA	"bug01"	"bug01"	1	"bug01_L4_Rule0_pi_BCG_att5extra"
"BCG_CT_2015"	"bug01"	"pi_BCG_att5extra"	"22-B-037_2022-10-17_1_Second"	3.68663594470046	2	"< 12.5% (10-15)"	"<"	10	15	FALSE	NA	"Rule1"	NA	NA	NA	NA	NA	"bug01"	"bug01"	1	"bug01_L2_Rule1_pi_BCG_att5extra"
"BCG_CT_2015"	"bug01"	"pi_BCG_att5extra"	"22-B-038_2022-10-17_1_First"	6.19047619047619	3	"< 45% (40-50)"	"<"	40	50	FALSE	NA	"Rule0"	NA	NA	NA	NA	NA	"bug01"	"bug01"	1	"bug01_L3_Rule0_pi_BCG_att5extra"
"BCG_CT_2015"	"bug01"	"pi_BCG_att5extra"	"22-B-038_2022-10-17_1_First"	6.19047619047619	4	"< 70% (65-75)"	"<"	65	75	FALSE	NA	"Rule0"	NA	NA	NA	NA	NA	"bug01"	"bug01"	1	"bug01_L4_Rule0_pi_BCG_att5extra"
"BCG_CT_2015"	"bug01"	"pi_BCG_att5extra"	"22-B-038_2022-10-17_1_First"	6.19047619047619	2	"< 12.5% (10-15)"	"<"	10	15	FALSE	NA	"Rule1"	NA	NA	NA	NA	NA	"bug01"	"bug01"	1	"bug01_L2_Rule1_pi_BCG_att5extra"
"BCG_CT_2015"	"bug01"	"pi_BCG_att5extra"	"22-B-039_2022-10-18_1_First"	6.89655172413793	3	"< 45% (40-50)"	"<"	40	50	FALSE	NA	"Rule0"	NA	NA	NA	NA	NA	"bug01"	"bug01"	1	"bug01_L3_Rule0_pi_BCG_att5extra"
"BCG_CT_2015"	"bug01"	"pi_BCG_att5extra"	"22-B-039_2022-10-18_1_First"	6.89655172413793	4	"< 70% (65-75)"	"<"	65	75	FALSE	NA	"Rule0"	NA	NA	NA	NA	NA	"bug01"	"bug01"	1	"bug01_L4_Rule0_pi_BCG_att5extra"
"BCG_CT_2015"	"bug01"	"pi_BCG_att5extra"	"22-B-039_2022-10-18_1_First"	6.89655172413793	2	"< 12.5% (10-15)"	"<"	10	15	FALSE	NA	"Rule1"	NA	NA	NA	NA	NA	"bug01"	"bug01"	1	"bug01_L2_Rule1_pi_BCG_att5extra"
"BCG_CT_2015"	"bug01"	"pi_BCG_att5extra"	"22-B-040_2022-10-18_1_First"	7.17488789237668	3	"< 45% (40-50)"	"<"	40	50	FALSE	NA	"Rule0"	NA	NA	NA	NA	NA	"bug01"	"bug01"	1	"bug01_L3_Rule0_pi_BCG_att5extra"
"BCG_CT_2015"	"bug01"	"pi_BCG_att5extra"	"22-B-040_2022-10-18_1_First"	7.17488789237668	4	"< 70% (65-75)"	"<"	65	75	FALSE	NA	"Rule0"	NA	NA	NA	NA	NA	"bug01"	"bug01"	1	"bug01_L4_Rule0_pi_BCG_att5extra"
"BCG_CT_2015"	"bug01"	"pi_BCG_att5extra"	"22-B-040_2022-10-18_1_First"	7.17488789237668	2	"< 12.5% (10-15)"	"<"	10	15	FALSE	NA	"Rule1"	NA	NA	NA	NA	NA	"bug01"	"bug01"	1	"bug01_L2_Rule1_pi_BCG_att5extra"
"BCG_CT_2015"	"bug01"	"pi_BCG_att5extra"	"22-B-041_2022-10-18_1_First"	14.4230769230769	3	"< 45% (40-50)"	"<"	40	50	FALSE	NA	"Rule0"	NA	NA	NA	NA	NA	"bug01"	"bug01"	1	"bug01_L3_Rule0_pi_BCG_att5extra"
"BCG_CT_2015"	"bug01"	"pi_BCG_att5extra"	"22-B-041_2022-10-18_1_First"	14.4230769230769	4	"< 70% (65-75)"	"<"	65	75	FALSE	NA	"Rule0"	NA	NA	NA	NA	NA	"bug01"	"bug01"	1	"bug01_L4_Rule0_pi_BCG_att5extra"
"BCG_CT_2015"	"bug01"	"pi_BCG_att5extra"	"22-B-041_2022-10-18_1_First"	14.4230769230769	2	"< 12.5% (10-15)"	"<"	10	15	FALSE	NA	"Rule1"	NA	NA	NA	NA	NA	"bug01"	"bug01"	0.115384615384615	"bug01_L2_Rule1_pi_BCG_att5extra"
"BCG_CT_2015"	"bug01"	"pi_BCG_att5extra"	"22-B-042_2022-10-19_1_First"	4.5	3	"< 45% (40-50)"	"<"	40	50	FALSE	NA	"Rule0"	NA	NA	NA	NA	NA	"bug01"	"bug01"	1	"bug01_L3_Rule0_pi_BCG_att5extra"
"BCG_CT_2015"	"bug01"	"pi_BCG_att5extra"	"22-B-042_2022-10-19_1_First"	4.5	4	"< 70% (65-75)"	"<"	65	75	FALSE	NA	"Rule0"	NA	NA	NA	NA	NA	"bug01"	"bug01"	1	"bug01_L4_Rule0_pi_BCG_att5extra"
"BCG_CT_2015"	"bug01"	"pi_BCG_att5extra"	"22-B-042_2022-10-19_1_First"	4.5	2	"< 12.5% (10-15)"	"<"	10	15	FALSE	NA	"Rule1"	NA	NA	NA	NA	NA	"bug01"	"bug01"	1	"bug01_L2_Rule1_pi_BCG_att5extra"
"BCG_CT_2015"	"bug01"	"pi_BCG_att5extra"	"22-B-043_2022-10-19_1_First"	11.864406779661	3	"< 45% (40-50)"	"<"	40	50	FALSE	NA	"Rule0"	NA	NA	NA	NA	NA	"bug01"	"bug01"	1	"bug01_L3_Rule0_pi_BCG_att5extra"
"BCG_CT_2015"	"bug01"	"pi_BCG_att5extra"	"22-B-043_2022-10-19_1_First"	11.864406779661	4	"< 70% (65-75)"	"<"	65	75	FALSE	NA	"Rule0"	NA	NA	NA	NA	NA	"bug01"	"bug01"	1	"bug01_L4_Rule0_pi_BCG_att5extra"
"BCG_CT_2015"	"bug01"	"pi_BCG_att5extra"	"22-B-043_2022-10-19_1_First"	11.864406779661	2	"< 12.5% (10-15)"	"<"	10	15	FALSE	NA	"Rule1"	NA	NA	NA	NA	NA	"bug01"	"bug01"	0.627118644067797	"bug01_L2_Rule1_pi_BCG_att5extra"
"BCG_CT_2015"	"bug01"	"pi_BCG_att5extra"	"22-B-044_2022-10-19_1_First"	0.48780487804878	3	"< 45% (40-50)"	"<"	40	50	FALSE	NA	"Rule0"	NA	NA	NA	NA	NA	"bug01"	"bug01"	1	"bug01_L3_Rule0_pi_BCG_att5extra"
"BCG_CT_2015"	"bug01"	"pi_BCG_att5extra"	"22-B-044_2022-10-19_1_First"	0.48780487804878	4	"< 70% (65-75)"	"<"	65	75	FALSE	NA	"Rule0"	NA	NA	NA	NA	NA	"bug01"	"bug01"	1	"bug01_L4_Rule0_pi_BCG_att5extra"
"BCG_CT_2015"	"bug01"	"pi_BCG_att5extra"	"22-B-044_2022-10-19_1_First"	0.48780487804878	2	"< 12.5% (10-15)"	"<"	10	15	FALSE	NA	"Rule1"	NA	NA	NA	NA	NA	"bug01"	"bug01"	1	"bug01_L2_Rule1_pi_BCG_att5extra"
"BCG_CT_2015"	"bug01"	"pi_BCG_att5extra"	"22-B-045_2022-10-19_1_First"	43.75	3	"< 45% (40-50)"	"<"	40	50	FALSE	NA	"Rule0"	NA	NA	NA	NA	NA	"bug01"	"bug01"	0.625	"bug01_L3_Rule0_pi_BCG_att5extra"
"BCG_CT_2015"	"bug01"	"pi_BCG_att5extra"	"22-B-045_2022-10-19_1_First"	43.75	4	"< 70% (65-75)"	"<"	65	75	FALSE	NA	"Rule0"	NA	NA	NA	NA	NA	"bug01"	"bug01"	1	"bug01_L4_Rule0_pi_BCG_att5extra"
"BCG_CT_2015"	"bug01"	"pi_BCG_att5extra"	"22-B-045_2022-10-19_1_First"	43.75	2	"< 12.5% (10-15)"	"<"	10	15	FALSE	NA	"Rule1"	NA	NA	NA	NA	NA	"bug01"	"bug01"	0	"bug01_L2_Rule1_pi_BCG_att5extra"
"BCG_CT_2015"	"bug01"	"pi_BCG_att5extra"	"22-B-046_2022-10-19_1_First"	16.8888888888889	3	"< 45% (40-50)"	"<"	40	50	FALSE	NA	"Rule0"	NA	NA	NA	NA	NA	"bug01"	"bug01"	1	"bug01_L3_Rule0_pi_BCG_att5extra"
"BCG_CT_2015"	"bug01"	"pi_BCG_att5extra"	"22-B-046_2022-10-19_1_First"	16.8888888888889	4	"< 70% (65-75)"	"<"	65	75	FALSE	NA	"Rule0"	NA	NA	NA	NA	NA	"bug01"	"bug01"	1	"bug01_L4_Rule0_pi_BCG_att5extra"
"BCG_CT_2015"	"bug01"	"pi_BCG_att5extra"	"22-B-046_2022-10-19_1_First"	16.8888888888889	2	"< 12.5% (10-15)"	"<"	10	15	FALSE	NA	"Rule1"	NA	NA	NA	NA	NA	"bug01"	"bug01"	0	"bug01_L2_Rule1_pi_BCG_att5extra"
"BCG_CT_2015"	"bug01"	"pi_BCG_att5extra"	"22-B-047_2022-10-21_1_First"	5.97014925373134	3	"< 45% (40-50)"	"<"	40	50	FALSE	NA	"Rule0"	NA	NA	NA	NA	NA	"bug01"	"bug01"	1	"bug01_L3_Rule0_pi_BCG_att5extra"
"BCG_CT_2015"	"bug01"	"pi_BCG_att5extra"	"22-B-047_2022-10-21_1_First"	5.97014925373134	4	"< 70% (65-75)"	"<"	65	75	FALSE	NA	"Rule0"	NA	NA	NA	NA	NA	"bug01"	"bug01"	1	"bug01_L4_Rule0_pi_BCG_att5extra"
"BCG_CT_2015"	"bug01"	"pi_BCG_att5extra"	"22-B-047_2022-10-21_1_First"	5.97014925373134	2	"< 12.5% (10-15)"	"<"	10	15	FALSE	NA	"Rule1"	NA	NA	NA	NA	NA	"bug01"	"bug01"	1	"bug01_L2_Rule1_pi_BCG_att5extra"
"BCG_CT_2015"	"bug01"	"pi_BCG_att5extra"	"22-B-011_2022-10-07_1_First"	11.8483412322275	3	"< 45% (40-50)"	"<"	40	50	FALSE	NA	"Rule0"	NA	NA	NA	NA	NA	"bug01"	"bug01"	1	"bug01_L3_Rule0_pi_BCG_att5extra"
"BCG_CT_2015"	"bug01"	"pi_BCG_att5extra"	"22-B-011_2022-10-07_1_First"	11.8483412322275	4	"< 70% (65-75)"	"<"	65	75	FALSE	NA	"Rule0"	NA	NA	NA	NA	NA	"bug01"	"bug01"	1	"bug01_L4_Rule0_pi_BCG_att5extra"
"BCG_CT_2015"	"bug01"	"pi_BCG_att5extra"	"22-B-011_2022-10-07_1_First"	11.8483412322275	2	"< 12.5% (10-15)"	"<"	10	15	FALSE	NA	"Rule1"	NA	NA	NA	NA	NA	"bug01"	"bug01"	0.630331753554502	"bug01_L2_Rule1_pi_BCG_att5extra"
"BCG_CT_2015"	"bug01"	"pi_BCG_att5extra"	"22-B-012_2022-10-07_1_First"	35.0467289719626	3	"< 45% (40-50)"	"<"	40	50	FALSE	NA	"Rule0"	NA	NA	NA	NA	NA	"bug01"	"bug01"	1	"bug01_L3_Rule0_pi_BCG_att5extra"
"BCG_CT_2015"	"bug01"	"pi_BCG_att5extra"	"22-B-012_2022-10-07_1_First"	35.0467289719626	4	"< 70% (65-75)"	"<"	65	75	FALSE	NA	"Rule0"	NA	NA	NA	NA	NA	"bug01"	"bug01"	1	"bug01_L4_Rule0_pi_BCG_att5extra"
"BCG_CT_2015"	"bug01"	"pi_BCG_att5extra"	"22-B-012_2022-10-07_1_First"	35.0467289719626	2	"< 12.5% (10-15)"	"<"	10	15	FALSE	NA	"Rule1"	NA	NA	NA	NA	NA	"bug01"	"bug01"	0	"bug01_L2_Rule1_pi_BCG_att5extra"
"BCG_CT_2015"	"bug01"	"pt_BCG_att123"	"21-B-001_2021-09-29_1_First"	30.4347826086957	2	"> 50% (45-55)"	">"	45	55	TRUE	NA	"Rule0"	NA	NA	NA	NA	NA	"bug01"	"bug01"	0	"bug01_L2_Rule0_pt_BCG_att123"
"BCG_CT_2015"	"bug01"	"pt_BCG_att123"	"21-B-001_2021-09-29_1_First"	30.4347826086957	2	"> 50% (45-55)"	">"	45	55	TRUE	NA	"Rule1"	NA	NA	NA	NA	NA	"bug01"	"bug01"	0	"bug01_L2_Rule1_pt_BCG_att123"
"BCG_CT_2015"	"bug01"	"pt_BCG_att123"	"21-B-006_2021-09-30_2_First"	30.7692307692308	2	"> 50% (45-55)"	">"	45	55	TRUE	NA	"Rule0"	NA	NA	NA	NA	NA	"bug01"	"bug01"	0	"bug01_L2_Rule0_pt_BCG_att123"
"BCG_CT_2015"	"bug01"	"pt_BCG_att123"	"21-B-006_2021-09-30_2_First"	30.7692307692308	2	"> 50% (45-55)"	">"	45	55	TRUE	NA	"Rule1"	NA	NA	NA	NA	NA	"bug01"	"bug01"	0	"bug01_L2_Rule1_pt_BCG_att123"
"BCG_CT_2015"	"bug01"	"pt_BCG_att123"	"21-B-007_2021-09-30_1_First"	33.3333333333333	2	"> 50% (45-55)"	">"	45	55	TRUE	NA	"Rule0"	NA	NA	NA	NA	NA	"bug01"	"bug01"	0	"bug01_L2_Rule0_pt_BCG_att123"
"BCG_CT_2015"	"bug01"	"pt_BCG_att123"	"21-B-007_2021-09-30_1_First"	33.3333333333333	2	"> 50% (45-55)"	">"	45	55	TRUE	NA	"Rule1"	NA	NA	NA	NA	NA	"bug01"	"bug01"	0	"bug01_L2_Rule1_pt_BCG_att123"
"BCG_CT_2015"	"bug01"	"pt_BCG_att123"	"21-B-007_2021-09-30_1_Second"	34.6153846153846	2	"> 50% (45-55)"	">"	45	55	TRUE	NA	"Rule0"	NA	NA	NA	NA	NA	"bug01"	"bug01"	0	"bug01_L2_Rule0_pt_BCG_att123"
"BCG_CT_2015"	"bug01"	"pt_BCG_att123"	"21-B-007_2021-09-30_1_Second"	34.6153846153846	2	"> 50% (45-55)"	">"	45	55	TRUE	NA	"Rule1"	NA	NA	NA	NA	NA	"bug01"	"bug01"	0	"bug01_L2_Rule1_pt_BCG_att123"
"BCG_CT_2015"	"bug01"	"pt_BCG_att123"	"21-B-008_2021-09-30_1_First"	16.9491525423729	2	"> 50% (45-55)"	">"	45	55	TRUE	NA	"Rule0"	NA	NA	NA	NA	NA	"bug01"	"bug01"	0	"bug01_L2_Rule0_pt_BCG_att123"
"BCG_CT_2015"	"bug01"	"pt_BCG_att123"	"21-B-008_2021-09-30_1_First"	16.9491525423729	2	"> 50% (45-55)"	">"	45	55	TRUE	NA	"Rule1"	NA	NA	NA	NA	NA	"bug01"	"bug01"	0	"bug01_L2_Rule1_pt_BCG_att123"
"BCG_CT_2015"	"bug01"	"pt_BCG_att123"	"21-B-009_2021-09-30_1_First"	29.7872340425532	2	"> 50% (45-55)"	">"	45	55	TRUE	NA	"Rule0"	NA	NA	NA	NA	NA	"bug01"	"bug01"	0	"bug01_L2_Rule0_pt_BCG_att123"
"BCG_CT_2015"	"bug01"	"pt_BCG_att123"	"21-B-009_2021-09-30_1_First"	29.7872340425532	2	"> 50% (45-55)"	">"	45	55	TRUE	NA	"Rule1"	NA	NA	NA	NA	NA	"bug01"	"bug01"	0	"bug01_L2_Rule1_pt_BCG_att123"
"BCG_CT_2015"	"bug01"	"pt_BCG_att123"	"21-B-013_2021-10-04_1_First"	24.1379310344828	2	"> 50% (45-55)"	">"	45	55	TRUE	NA	"Rule0"	NA	NA	NA	NA	NA	"bug01"	"bug01"	0	"bug01_L2_Rule0_pt_BCG_att123"
"BCG_CT_2015"	"bug01"	"pt_BCG_att123"	"21-B-013_2021-10-04_1_First"	24.1379310344828	2	"> 50% (45-55)"	">"	45	55	TRUE	NA	"Rule1"	NA	NA	NA	NA	NA	"bug01"	"bug01"	0	"bug01_L2_Rule1_pt_BCG_att123"
"BCG_CT_2015"	"bug01"	"pt_BCG_att123"	"21-B-014_2021-10-06_1_First"	56.6037735849057	2	"> 50% (45-55)"	">"	45	55	TRUE	NA	"Rule0"	NA	NA	NA	NA	NA	"bug01"	"bug01"	1	"bug01_L2_Rule0_pt_BCG_att123"
"BCG_CT_2015"	"bug01"	"pt_BCG_att123"	"21-B-014_2021-10-06_1_First"	56.6037735849057	2	"> 50% (45-55)"	">"	45	55	TRUE	NA	"Rule1"	NA	NA	NA	NA	NA	"bug01"	"bug01"	1	"bug01_L2_Rule1_pt_BCG_att123"
"BCG_CT_2015"	"bug01"	"pt_BCG_att123"	"21-B-014_2021-10-06_1_Second"	51.8518518518519	2	"> 50% (45-55)"	">"	45	55	TRUE	NA	"Rule0"	NA	NA	NA	NA	NA	"bug01"	"bug01"	0.685185185185185	"bug01_L2_Rule0_pt_BCG_att123"
"BCG_CT_2015"	"bug01"	"pt_BCG_att123"	"21-B-014_2021-10-06_1_Second"	51.8518518518519	2	"> 50% (45-55)"	">"	45	55	TRUE	NA	"Rule1"	NA	NA	NA	NA	NA	"bug01"	"bug01"	0.685185185185185	"bug01_L2_Rule1_pt_BCG_att123"
"BCG_CT_2015"	"bug01"	"pt_BCG_att123"	"21-B-015_2021-10-06_1_First"	48.6486486486486	2	"> 50% (45-55)"	">"	45	55	TRUE	NA	"Rule0"	NA	NA	NA	NA	NA	"bug01"	"bug01"	0.364864864864865	"bug01_L2_Rule0_pt_BCG_att123"
"BCG_CT_2015"	"bug01"	"pt_BCG_att123"	"21-B-015_2021-10-06_1_First"	48.6486486486486	2	"> 50% (45-55)"	">"	45	55	TRUE	NA	"Rule1"	NA	NA	NA	NA	NA	"bug01"	"bug01"	0.364864864864865	"bug01_L2_Rule1_pt_BCG_att123"
"BCG_CT_2015"	"bug01"	"pt_BCG_att123"	"21-B-016_2021-10-06_1_First"	41.9354838709677	2	"> 50% (45-55)"	">"	45	55	TRUE	NA	"Rule0"	NA	NA	NA	NA	NA	"bug01"	"bug01"	0	"bug01_L2_Rule0_pt_BCG_att123"
"BCG_CT_2015"	"bug01"	"pt_BCG_att123"	"21-B-016_2021-10-06_1_First"	41.9354838709677	2	"> 50% (45-55)"	">"	45	55	TRUE	NA	"Rule1"	NA	NA	NA	NA	NA	"bug01"	"bug01"	0	"bug01_L2_Rule1_pt_BCG_att123"
"BCG_CT_2015"	"bug01"	"pt_BCG_att123"	"21-B-017_2021-10-06_1_First"	33.9285714285714	2	"> 50% (45-55)"	">"	45	55	TRUE	NA	"Rule0"	NA	NA	NA	NA	NA	"bug01"	"bug01"	0	"bug01_L2_Rule0_pt_BCG_att123"
"BCG_CT_2015"	"bug01"	"pt_BCG_att123"	"21-B-017_2021-10-06_1_First"	33.9285714285714	2	"> 50% (45-55)"	">"	45	55	TRUE	NA	"Rule1"	NA	NA	NA	NA	NA	"bug01"	"bug01"	0	"bug01_L2_Rule1_pt_BCG_att123"
"BCG_CT_2015"	"bug01"	"pt_BCG_att123"	"21-B-018_2021-10-07_1_First"	26.1904761904762	2	"> 50% (45-55)"	">"	45	55	TRUE	NA	"Rule0"	NA	NA	NA	NA	NA	"bug01"	"bug01"	0	"bug01_L2_Rule0_pt_BCG_att123"
"BCG_CT_2015"	"bug01"	"pt_BCG_att123"	"21-B-018_2021-10-07_1_First"	26.1904761904762	2	"> 50% (45-55)"	">"	45	55	TRUE	NA	"Rule1"	NA	NA	NA	NA	NA	"bug01"	"bug01"	0	"bug01_L2_Rule1_pt_BCG_att123"
"BCG_CT_2015"	"bug01"	"pt_BCG_att123"	"21-B-018_2021-10-07_1_Second"	24	2	"> 50% (45-55)"	">"	45	55	TRUE	NA	"Rule0"	NA	NA	NA	NA	NA	"bug01"	"bug01"	0	"bug01_L2_Rule0_pt_BCG_att123"
"BCG_CT_2015"	"bug01"	"pt_BCG_att123"	"21-B-018_2021-10-07_1_Second"	24	2	"> 50% (45-55)"	">"	45	55	TRUE	NA	"Rule1"	NA	NA	NA	NA	NA	"bug01"	"bug01"	0	"bug01_L2_Rule1_pt_BCG_att123"
"BCG_CT_2015"	"bug01"	"pt_BCG_att123"	"21-B-019_2021-10-07_1_First"	33.3333333333333	2	"> 50% (45-55)"	">"	45	55	TRUE	NA	"Rule0"	NA	NA	NA	NA	NA	"bug01"	"bug01"	0	"bug01_L2_Rule0_pt_BCG_att123"
"BCG_CT_2015"	"bug01"	"pt_BCG_att123"	"21-B-019_2021-10-07_1_First"	33.3333333333333	2	"> 50% (45-55)"	">"	45	55	TRUE	NA	"Rule1"	NA	NA	NA	NA	NA	"bug01"	"bug01"	0	"bug01_L2_Rule1_pt_BCG_att123"
"BCG_CT_2015"	"bug01"	"pt_BCG_att123"	"21-B-020_2021-10-07_1_First"	41.8604651162791	2	"> 50% (45-55)"	">"	45	55	TRUE	NA	"Rule0"	NA	NA	NA	NA	NA	"bug01"	"bug01"	0	"bug01_L2_Rule0_pt_BCG_att123"
"BCG_CT_2015"	"bug01"	"pt_BCG_att123"	"21-B-020_2021-10-07_1_First"	41.8604651162791	2	"> 50% (45-55)"	">"	45	55	TRUE	NA	"Rule1"	NA	NA	NA	NA	NA	"bug01"	"bug01"	0	"bug01_L2_Rule1_pt_BCG_att123"
"BCG_CT_2015"	"bug01"	"pt_BCG_att123"	"21-B-021_2021-10-07_2_First"	40.8163265306122	2	"> 50% (45-55)"	">"	45	55	TRUE	NA	"Rule0"	NA	NA	NA	NA	NA	"bug01"	"bug01"	0	"bug01_L2_Rule0_pt_BCG_att123"
"BCG_CT_2015"	"bug01"	"pt_BCG_att123"	"21-B-021_2021-10-07_2_First"	40.8163265306122	2	"> 50% (45-55)"	">"	45	55	TRUE	NA	"Rule1"	NA	NA	NA	NA	NA	"bug01"	"bug01"	0	"bug01_L2_Rule1_pt_BCG_att123"
"BCG_CT_2015"	"bug01"	"pt_BCG_att123"	"21-B-023_2021-10-07_1_First"	40.5405405405405	2	"> 50% (45-55)"	">"	45	55	TRUE	NA	"Rule0"	NA	NA	NA	NA	NA	"bug01"	"bug01"	0	"bug01_L2_Rule0_pt_BCG_att123"
"BCG_CT_2015"	"bug01"	"pt_BCG_att123"	"21-B-023_2021-10-07_1_First"	40.5405405405405	2	"> 50% (45-55)"	">"	45	55	TRUE	NA	"Rule1"	NA	NA	NA	NA	NA	"bug01"	"bug01"	0	"bug01_L2_Rule1_pt_BCG_att123"
"BCG_CT_2015"	"bug01"	"pt_BCG_att123"	"21-B-028_2021-10-12_1_First"	50	2	"> 50% (45-55)"	">"	45	55	TRUE	NA	"Rule0"	NA	NA	NA	NA	NA	"bug01"	"bug01"	0.5	"bug01_L2_Rule0_pt_BCG_att123"
"BCG_CT_2015"	"bug01"	"pt_BCG_att123"	"21-B-028_2021-10-12_1_First"	50	2	"> 50% (45-55)"	">"	45	55	TRUE	NA	"Rule1"	NA	NA	NA	NA	NA	"bug01"	"bug01"	0.5	"bug01_L2_Rule1_pt_BCG_att123"
"BCG_CT_2015"	"bug01"	"pt_BCG_att123"	"21-B-029_2021-10-12_1_First"	32.1428571428571	2	"> 50% (45-55)"	">"	45	55	TRUE	NA	"Rule0"	NA	NA	NA	NA	NA	"bug01"	"bug01"	0	"bug01_L2_Rule0_pt_BCG_att123"
"BCG_CT_2015"	"bug01"	"pt_BCG_att123"	"21-B-029_2021-10-12_1_First"	32.1428571428571	2	"> 50% (45-55)"	">"	45	55	TRUE	NA	"Rule1"	NA	NA	NA	NA	NA	"bug01"	"bug01"	0	"bug01_L2_Rule1_pt_BCG_att123"
"BCG_CT_2015"	"bug01"	"pt_BCG_att123"	"21-B-031_2021-10-12_1_First"	24.1935483870968	2	"> 50% (45-55)"	">"	45	55	TRUE	NA	"Rule0"	NA	NA	NA	NA	NA	"bug01"	"bug01"	0	"bug01_L2_Rule0_pt_BCG_att123"
"BCG_CT_2015"	"bug01"	"pt_BCG_att123"	"21-B-031_2021-10-12_1_First"	24.1935483870968	2	"> 50% (45-55)"	">"	45	55	TRUE	NA	"Rule1"	NA	NA	NA	NA	NA	"bug01"	"bug01"	0	"bug01_L2_Rule1_pt_BCG_att123"
"BCG_CT_2015"	"bug01"	"pt_BCG_att123"	"21-B-032_2021-10-13_1_First"	45.2830188679245	2	"> 50% (45-55)"	">"	45	55	TRUE	NA	"Rule0"	NA	NA	NA	NA	NA	"bug01"	"bug01"	0.0283018867924527	"bug01_L2_Rule0_pt_BCG_att123"
"BCG_CT_2015"	"bug01"	"pt_BCG_att123"	"21-B-032_2021-10-13_1_First"	45.2830188679245	2	"> 50% (45-55)"	">"	45	55	TRUE	NA	"Rule1"	NA	NA	NA	NA	NA	"bug01"	"bug01"	0.0283018867924527	"bug01_L2_Rule1_pt_BCG_att123"
"BCG_CT_2015"	"bug01"	"pt_BCG_att123"	"21-B-033_2021-10-13_2_First"	50.9433962264151	2	"> 50% (45-55)"	">"	45	55	TRUE	NA	"Rule0"	NA	NA	NA	NA	NA	"bug01"	"bug01"	0.59433962264151	"bug01_L2_Rule0_pt_BCG_att123"
"BCG_CT_2015"	"bug01"	"pt_BCG_att123"	"21-B-033_2021-10-13_2_First"	50.9433962264151	2	"> 50% (45-55)"	">"	45	55	TRUE	NA	"Rule1"	NA	NA	NA	NA	NA	"bug01"	"bug01"	0.59433962264151	"bug01_L2_Rule1_pt_BCG_att123"
"BCG_CT_2015"	"bug01"	"pt_BCG_att123"	"21-B-034_2021-10-13_1_First"	31.25	2	"> 50% (45-55)"	">"	45	55	TRUE	NA	"Rule0"	NA	NA	NA	NA	NA	"bug01"	"bug01"	0	"bug01_L2_Rule0_pt_BCG_att123"
"BCG_CT_2015"	"bug01"	"pt_BCG_att123"	"21-B-034_2021-10-13_1_First"	31.25	2	"> 50% (45-55)"	">"	45	55	TRUE	NA	"Rule1"	NA	NA	NA	NA	NA	"bug01"	"bug01"	0	"bug01_L2_Rule1_pt_BCG_att123"
"BCG_CT_2015"	"bug01"	"pt_BCG_att123"	"21-B-035_2021-10-13_1_First"	48.5714285714286	2	"> 50% (45-55)"	">"	45	55	TRUE	NA	"Rule0"	NA	NA	NA	NA	NA	"bug01"	"bug01"	0.357142857142857	"bug01_L2_Rule0_pt_BCG_att123"
"BCG_CT_2015"	"bug01"	"pt_BCG_att123"	"21-B-035_2021-10-13_1_First"	48.5714285714286	2	"> 50% (45-55)"	">"	45	55	TRUE	NA	"Rule1"	NA	NA	NA	NA	NA	"bug01"	"bug01"	0.357142857142857	"bug01_L2_Rule1_pt_BCG_att123"
"BCG_CT_2015"	"bug01"	"pt_BCG_att123"	"21-B-036_2021-10-13_1_First"	47.3684210526316	2	"> 50% (45-55)"	">"	45	55	TRUE	NA	"Rule0"	NA	NA	NA	NA	NA	"bug01"	"bug01"	0.236842105263158	"bug01_L2_Rule0_pt_BCG_att123"
"BCG_CT_2015"	"bug01"	"pt_BCG_att123"	"21-B-036_2021-10-13_1_First"	47.3684210526316	2	"> 50% (45-55)"	">"	45	55	TRUE	NA	"Rule1"	NA	NA	NA	NA	NA	"bug01"	"bug01"	0.236842105263158	"bug01_L2_Rule1_pt_BCG_att123"
"BCG_CT_2015"	"bug01"	"pt_BCG_att123"	"21-B-037_2021-10-14_1_First"	46.1538461538462	2	"> 50% (45-55)"	">"	45	55	TRUE	NA	"Rule0"	NA	NA	NA	NA	NA	"bug01"	"bug01"	0.115384615384615	"bug01_L2_Rule0_pt_BCG_att123"
"BCG_CT_2015"	"bug01"	"pt_BCG_att123"	"21-B-037_2021-10-14_1_First"	46.1538461538462	2	"> 50% (45-55)"	">"	45	55	TRUE	NA	"Rule1"	NA	NA	NA	NA	NA	"bug01"	"bug01"	0.115384615384615	"bug01_L2_Rule1_pt_BCG_att123"
"BCG_CT_2015"	"bug01"	"pt_BCG_att123"	"22-B-001_2022-09-21_1_First"	42.3076923076923	2	"> 50% (45-55)"	">"	45	55	TRUE	NA	"Rule0"	NA	NA	NA	NA	NA	"bug01"	"bug01"	0	"bug01_L2_Rule0_pt_BCG_att123"
"BCG_CT_2015"	"bug01"	"pt_BCG_att123"	"22-B-001_2022-09-21_1_First"	42.3076923076923	2	"> 50% (45-55)"	">"	45	55	TRUE	NA	"Rule1"	NA	NA	NA	NA	NA	"bug01"	"bug01"	0	"bug01_L2_Rule1_pt_BCG_att123"
"BCG_CT_2015"	"bug01"	"pt_BCG_att123"	"22-B-002_2022-09-29_1_First"	39.4736842105263	2	"> 50% (45-55)"	">"	45	55	TRUE	NA	"Rule0"	NA	NA	NA	NA	NA	"bug01"	"bug01"	0	"bug01_L2_Rule0_pt_BCG_att123"
"BCG_CT_2015"	"bug01"	"pt_BCG_att123"	"22-B-002_2022-09-29_1_First"	39.4736842105263	2	"> 50% (45-55)"	">"	45	55	TRUE	NA	"Rule1"	NA	NA	NA	NA	NA	"bug01"	"bug01"	0	"bug01_L2_Rule1_pt_BCG_att123"
"BCG_CT_2015"	"bug01"	"pt_BCG_att123"	"22-B-003_2022-09-29_1_First"	45.2380952380952	2	"> 50% (45-55)"	">"	45	55	TRUE	NA	"Rule0"	NA	NA	NA	NA	NA	"bug01"	"bug01"	0.0238095238095237	"bug01_L2_Rule0_pt_BCG_att123"
"BCG_CT_2015"	"bug01"	"pt_BCG_att123"	"22-B-003_2022-09-29_1_First"	45.2380952380952	2	"> 50% (45-55)"	">"	45	55	TRUE	NA	"Rule1"	NA	NA	NA	NA	NA	"bug01"	"bug01"	0.0238095238095237	"bug01_L2_Rule1_pt_BCG_att123"
"BCG_CT_2015"	"bug01"	"pt_BCG_att123"	"22-B-004_2022-09-29_1_First"	41.1764705882353	2	"> 50% (45-55)"	">"	45	55	TRUE	NA	"Rule0"	NA	NA	NA	NA	NA	"bug01"	"bug01"	0	"bug01_L2_Rule0_pt_BCG_att123"
"BCG_CT_2015"	"bug01"	"pt_BCG_att123"	"22-B-004_2022-09-29_1_First"	41.1764705882353	2	"> 50% (45-55)"	">"	45	55	TRUE	NA	"Rule1"	NA	NA	NA	NA	NA	"bug01"	"bug01"	0	"bug01_L2_Rule1_pt_BCG_att123"
"BCG_CT_2015"	"bug01"	"pt_BCG_att123"	"22-B-005_2022-09-30_1_First"	54.7169811320755	2	"> 50% (45-55)"	">"	45	55	TRUE	NA	"Rule0"	NA	NA	NA	NA	NA	"bug01"	"bug01"	0.971698113207547	"bug01_L2_Rule0_pt_BCG_att123"
"BCG_CT_2015"	"bug01"	"pt_BCG_att123"	"22-B-005_2022-09-30_1_First"	54.7169811320755	2	"> 50% (45-55)"	">"	45	55	TRUE	NA	"Rule1"	NA	NA	NA	NA	NA	"bug01"	"bug01"	0.971698113207547	"bug01_L2_Rule1_pt_BCG_att123"
"BCG_CT_2015"	"bug01"	"pt_BCG_att123"	"22-B-006_2022-09-30_1_First"	31.5789473684211	2	"> 50% (45-55)"	">"	45	55	TRUE	NA	"Rule0"	NA	NA	NA	NA	NA	"bug01"	"bug01"	0	"bug01_L2_Rule0_pt_BCG_att123"
"BCG_CT_2015"	"bug01"	"pt_BCG_att123"	"22-B-006_2022-09-30_1_First"	31.5789473684211	2	"> 50% (45-55)"	">"	45	55	TRUE	NA	"Rule1"	NA	NA	NA	NA	NA	"bug01"	"bug01"	0	"bug01_L2_Rule1_pt_BCG_att123"
"BCG_CT_2015"	"bug01"	"pt_BCG_att123"	"22-B-006_2022-09-30_1_Second"	27.2727272727273	2	"> 50% (45-55)"	">"	45	55	TRUE	NA	"Rule0"	NA	NA	NA	NA	NA	"bug01"	"bug01"	0	"bug01_L2_Rule0_pt_BCG_att123"
"BCG_CT_2015"	"bug01"	"pt_BCG_att123"	"22-B-006_2022-09-30_1_Second"	27.2727272727273	2	"> 50% (45-55)"	">"	45	55	TRUE	NA	"Rule1"	NA	NA	NA	NA	NA	"bug01"	"bug01"	0	"bug01_L2_Rule1_pt_BCG_att123"
"BCG_CT_2015"	"bug01"	"pt_BCG_att123"	"22-B-007_2022-09-30_1_First"	47.6190476190476	2	"> 50% (45-55)"	">"	45	55	TRUE	NA	"Rule0"	NA	NA	NA	NA	NA	"bug01"	"bug01"	0.261904761904762	"bug01_L2_Rule0_pt_BCG_att123"
"BCG_CT_2015"	"bug01"	"pt_BCG_att123"	"22-B-007_2022-09-30_1_First"	47.6190476190476	2	"> 50% (45-55)"	">"	45	55	TRUE	NA	"Rule1"	NA	NA	NA	NA	NA	"bug01"	"bug01"	0.261904761904762	"bug01_L2_Rule1_pt_BCG_att123"
"BCG_CT_2015"	"bug01"	"pt_BCG_att123"	"22-B-008_2022-10-06_1_First"	46.5116279069767	2	"> 50% (45-55)"	">"	45	55	TRUE	NA	"Rule0"	NA	NA	NA	NA	NA	"bug01"	"bug01"	0.151162790697674	"bug01_L2_Rule0_pt_BCG_att123"
"BCG_CT_2015"	"bug01"	"pt_BCG_att123"	"22-B-008_2022-10-06_1_First"	46.5116279069767	2	"> 50% (45-55)"	">"	45	55	TRUE	NA	"Rule1"	NA	NA	NA	NA	NA	"bug01"	"bug01"	0.151162790697674	"bug01_L2_Rule1_pt_BCG_att123"
"BCG_CT_2015"	"bug01"	"pt_BCG_att123"	"22-B-009_2022-10-06_1_First"	47.8260869565217	2	"> 50% (45-55)"	">"	45	55	TRUE	NA	"Rule0"	NA	NA	NA	NA	NA	"bug01"	"bug01"	0.282608695652174	"bug01_L2_Rule0_pt_BCG_att123"
"BCG_CT_2015"	"bug01"	"pt_BCG_att123"	"22-B-009_2022-10-06_1_First"	47.8260869565217	2	"> 50% (45-55)"	">"	45	55	TRUE	NA	"Rule1"	NA	NA	NA	NA	NA	"bug01"	"bug01"	0.282608695652174	"bug01_L2_Rule1_pt_BCG_att123"
"BCG_CT_2015"	"bug01"	"pt_BCG_att123"	"22-B-009_2022-10-06_1_Second"	47.7272727272727	2	"> 50% (45-55)"	">"	45	55	TRUE	NA	"Rule0"	NA	NA	NA	NA	NA	"bug01"	"bug01"	0.272727272727272	"bug01_L2_Rule0_pt_BCG_att123"
"BCG_CT_2015"	"bug01"	"pt_BCG_att123"	"22-B-009_2022-10-06_1_Second"	47.7272727272727	2	"> 50% (45-55)"	">"	45	55	TRUE	NA	"Rule1"	NA	NA	NA	NA	NA	"bug01"	"bug01"	0.272727272727272	"bug01_L2_Rule1_pt_BCG_att123"
"BCG_CT_2015"	"bug01"	"pt_BCG_att123"	"22-B-010_2022-10-06_1_First"	50	2	"> 50% (45-55)"	">"	45	55	TRUE	NA	"Rule0"	NA	NA	NA	NA	NA	"bug01"	"bug01"	0.5	"bug01_L2_Rule0_pt_BCG_att123"
"BCG_CT_2015"	"bug01"	"pt_BCG_att123"	"22-B-010_2022-10-06_1_First"	50	2	"> 50% (45-55)"	">"	45	55	TRUE	NA	"Rule1"	NA	NA	NA	NA	NA	"bug01"	"bug01"	0.5	"bug01_L2_Rule1_pt_BCG_att123"
"BCG_CT_2015"	"bug01"	"pt_BCG_att123"	"21-B-004_2021-09-30_1_First"	37.2881355932203	2	"> 50% (45-55)"	">"	45	55	TRUE	NA	"Rule0"	NA	NA	NA	NA	NA	"bug01"	"bug01"	0	"bug01_L2_Rule0_pt_BCG_att123"
"BCG_CT_2015"	"bug01"	"pt_BCG_att123"	"21-B-004_2021-09-30_1_First"	37.2881355932203	2	"> 50% (45-55)"	">"	45	55	TRUE	NA	"Rule1"	NA	NA	NA	NA	NA	"bug01"	"bug01"	0	"bug01_L2_Rule1_pt_BCG_att123"
"BCG_CT_2015"	"bug01"	"pt_BCG_att123"	"21-B-005_2021-09-30_1_First"	22.5	2	"> 50% (45-55)"	">"	45	55	TRUE	NA	"Rule0"	NA	NA	NA	NA	NA	"bug01"	"bug01"	0	"bug01_L2_Rule0_pt_BCG_att123"
"BCG_CT_2015"	"bug01"	"pt_BCG_att123"	"21-B-005_2021-09-30_1_First"	22.5	2	"> 50% (45-55)"	">"	45	55	TRUE	NA	"Rule1"	NA	NA	NA	NA	NA	"bug01"	"bug01"	0	"bug01_L2_Rule1_pt_BCG_att123"
"BCG_CT_2015"	"bug01"	"pt_BCG_att123"	"22-B-013_2022-10-07_1_First"	32.258064516129	2	"> 50% (45-55)"	">"	45	55	TRUE	NA	"Rule0"	NA	NA	NA	NA	NA	"bug01"	"bug01"	0	"bug01_L2_Rule0_pt_BCG_att123"
"BCG_CT_2015"	"bug01"	"pt_BCG_att123"	"22-B-013_2022-10-07_1_First"	32.258064516129	2	"> 50% (45-55)"	">"	45	55	TRUE	NA	"Rule1"	NA	NA	NA	NA	NA	"bug01"	"bug01"	0	"bug01_L2_Rule1_pt_BCG_att123"
"BCG_CT_2015"	"bug01"	"pt_BCG_att123"	"22-B-014_2022-10-11_1_First"	13.5135135135135	2	"> 50% (45-55)"	">"	45	55	TRUE	NA	"Rule0"	NA	NA	NA	NA	NA	"bug01"	"bug01"	0	"bug01_L2_Rule0_pt_BCG_att123"
"BCG_CT_2015"	"bug01"	"pt_BCG_att123"	"22-B-014_2022-10-11_1_First"	13.5135135135135	2	"> 50% (45-55)"	">"	45	55	TRUE	NA	"Rule1"	NA	NA	NA	NA	NA	"bug01"	"bug01"	0	"bug01_L2_Rule1_pt_BCG_att123"
"BCG_CT_2015"	"bug01"	"pt_BCG_att123"	"22-B-015_2022-10-11_1_First"	15.7894736842105	2	"> 50% (45-55)"	">"	45	55	TRUE	NA	"Rule0"	NA	NA	NA	NA	NA	"bug01"	"bug01"	0	"bug01_L2_Rule0_pt_BCG_att123"
"BCG_CT_2015"	"bug01"	"pt_BCG_att123"	"22-B-015_2022-10-11_1_First"	15.7894736842105	2	"> 50% (45-55)"	">"	45	55	TRUE	NA	"Rule1"	NA	NA	NA	NA	NA	"bug01"	"bug01"	0	"bug01_L2_Rule1_pt_BCG_att123"
"BCG_CT_2015"	"bug01"	"pt_BCG_att123"	"22-B-016_2022-10-11_1_First"	41.025641025641	2	"> 50% (45-55)"	">"	45	55	TRUE	NA	"Rule0"	NA	NA	NA	NA	NA	"bug01"	"bug01"	0	"bug01_L2_Rule0_pt_BCG_att123"
"BCG_CT_2015"	"bug01"	"pt_BCG_att123"	"22-B-016_2022-10-11_1_First"	41.025641025641	2	"> 50% (45-55)"	">"	45	55	TRUE	NA	"Rule1"	NA	NA	NA	NA	NA	"bug01"	"bug01"	0	"bug01_L2_Rule1_pt_BCG_att123"
"BCG_CT_2015"	"bug01"	"pt_BCG_att123"	"22-B-017_2022-10-11_2_First"	30.188679245283	2	"> 50% (45-55)"	">"	45	55	TRUE	NA	"Rule0"	NA	NA	NA	NA	NA	"bug01"	"bug01"	0	"bug01_L2_Rule0_pt_BCG_att123"
"BCG_CT_2015"	"bug01"	"pt_BCG_att123"	"22-B-017_2022-10-11_2_First"	30.188679245283	2	"> 50% (45-55)"	">"	45	55	TRUE	NA	"Rule1"	NA	NA	NA	NA	NA	"bug01"	"bug01"	0	"bug01_L2_Rule1_pt_BCG_att123"
"BCG_CT_2015"	"bug01"	"pt_BCG_att123"	"22-B-018_2022-10-12_1_First"	30.2325581395349	2	"> 50% (45-55)"	">"	45	55	TRUE	NA	"Rule0"	NA	NA	NA	NA	NA	"bug01"	"bug01"	0	"bug01_L2_Rule0_pt_BCG_att123"
"BCG_CT_2015"	"bug01"	"pt_BCG_att123"	"22-B-018_2022-10-12_1_First"	30.2325581395349	2	"> 50% (45-55)"	">"	45	55	TRUE	NA	"Rule1"	NA	NA	NA	NA	NA	"bug01"	"bug01"	0	"bug01_L2_Rule1_pt_BCG_att123"
"BCG_CT_2015"	"bug01"	"pt_BCG_att123"	"22-B-019_2022-10-12_1_First"	34.2105263157895	2	"> 50% (45-55)"	">"	45	55	TRUE	NA	"Rule0"	NA	NA	NA	NA	NA	"bug01"	"bug01"	0	"bug01_L2_Rule0_pt_BCG_att123"
"BCG_CT_2015"	"bug01"	"pt_BCG_att123"	"22-B-019_2022-10-12_1_First"	34.2105263157895	2	"> 50% (45-55)"	">"	45	55	TRUE	NA	"Rule1"	NA	NA	NA	NA	NA	"bug01"	"bug01"	0	"bug01_L2_Rule1_pt_BCG_att123"
"BCG_CT_2015"	"bug01"	"pt_BCG_att123"	"22-B-020_2022-10-12_1_First"	51.1627906976744	2	"> 50% (45-55)"	">"	45	55	TRUE	NA	"Rule0"	NA	NA	NA	NA	NA	"bug01"	"bug01"	0.616279069767442	"bug01_L2_Rule0_pt_BCG_att123"
"BCG_CT_2015"	"bug01"	"pt_BCG_att123"	"22-B-020_2022-10-12_1_First"	51.1627906976744	2	"> 50% (45-55)"	">"	45	55	TRUE	NA	"Rule1"	NA	NA	NA	NA	NA	"bug01"	"bug01"	0.616279069767442	"bug01_L2_Rule1_pt_BCG_att123"
"BCG_CT_2015"	"bug01"	"pt_BCG_att123"	"22-B-021_2022-10-13_1_First"	9.09090909090909	2	"> 50% (45-55)"	">"	45	55	TRUE	NA	"Rule0"	NA	NA	NA	NA	NA	"bug01"	"bug01"	0	"bug01_L2_Rule0_pt_BCG_att123"
"BCG_CT_2015"	"bug01"	"pt_BCG_att123"	"22-B-021_2022-10-13_1_First"	9.09090909090909	2	"> 50% (45-55)"	">"	45	55	TRUE	NA	"Rule1"	NA	NA	NA	NA	NA	"bug01"	"bug01"	0	"bug01_L2_Rule1_pt_BCG_att123"
"BCG_CT_2015"	"bug01"	"pt_BCG_att123"	"22-B-022_2022-10-13_1_Second"	20.5882352941176	2	"> 50% (45-55)"	">"	45	55	TRUE	NA	"Rule0"	NA	NA	NA	NA	NA	"bug01"	"bug01"	0	"bug01_L2_Rule0_pt_BCG_att123"
"BCG_CT_2015"	"bug01"	"pt_BCG_att123"	"22-B-022_2022-10-13_1_Second"	20.5882352941176	2	"> 50% (45-55)"	">"	45	55	TRUE	NA	"Rule1"	NA	NA	NA	NA	NA	"bug01"	"bug01"	0	"bug01_L2_Rule1_pt_BCG_att123"
"BCG_CT_2015"	"bug01"	"pt_BCG_att123"	"22-B-022_2022-10-13_2_First"	13.3333333333333	2	"> 50% (45-55)"	">"	45	55	TRUE	NA	"Rule0"	NA	NA	NA	NA	NA	"bug01"	"bug01"	0	"bug01_L2_Rule0_pt_BCG_att123"
"BCG_CT_2015"	"bug01"	"pt_BCG_att123"	"22-B-022_2022-10-13_2_First"	13.3333333333333	2	"> 50% (45-55)"	">"	45	55	TRUE	NA	"Rule1"	NA	NA	NA	NA	NA	"bug01"	"bug01"	0	"bug01_L2_Rule1_pt_BCG_att123"
"BCG_CT_2015"	"bug01"	"pt_BCG_att123"	"22-B-023_2022-10-13_1_First"	8.57142857142857	2	"> 50% (45-55)"	">"	45	55	TRUE	NA	"Rule0"	NA	NA	NA	NA	NA	"bug01"	"bug01"	0	"bug01_L2_Rule0_pt_BCG_att123"
"BCG_CT_2015"	"bug01"	"pt_BCG_att123"	"22-B-023_2022-10-13_1_First"	8.57142857142857	2	"> 50% (45-55)"	">"	45	55	TRUE	NA	"Rule1"	NA	NA	NA	NA	NA	"bug01"	"bug01"	0	"bug01_L2_Rule1_pt_BCG_att123"
"BCG_CT_2015"	"bug01"	"pt_BCG_att123"	"22-B-024_2022-10-13_2_First"	0	2	"> 50% (45-55)"	">"	45	55	TRUE	NA	"Rule0"	NA	NA	NA	NA	NA	"bug01"	"bug01"	0	"bug01_L2_Rule0_pt_BCG_att123"
"BCG_CT_2015"	"bug01"	"pt_BCG_att123"	"22-B-024_2022-10-13_2_First"	0	2	"> 50% (45-55)"	">"	45	55	TRUE	NA	"Rule1"	NA	NA	NA	NA	NA	"bug01"	"bug01"	0	"bug01_L2_Rule1_pt_BCG_att123"
"BCG_CT_2015"	"bug01"	"pt_BCG_att123"	"22-B-025_2022-10-13_1_First"	56.6037735849057	2	"> 50% (45-55)"	">"	45	55	TRUE	NA	"Rule0"	NA	NA	NA	NA	NA	"bug01"	"bug01"	1	"bug01_L2_Rule0_pt_BCG_att123"
"BCG_CT_2015"	"bug01"	"pt_BCG_att123"	"22-B-025_2022-10-13_1_First"	56.6037735849057	2	"> 50% (45-55)"	">"	45	55	TRUE	NA	"Rule1"	NA	NA	NA	NA	NA	"bug01"	"bug01"	1	"bug01_L2_Rule1_pt_BCG_att123"
"BCG_CT_2015"	"bug01"	"pt_BCG_att123"	"22-B-026_2022-10-13_1_First"	30.7692307692308	2	"> 50% (45-55)"	">"	45	55	TRUE	NA	"Rule0"	NA	NA	NA	NA	NA	"bug01"	"bug01"	0	"bug01_L2_Rule0_pt_BCG_att123"
"BCG_CT_2015"	"bug01"	"pt_BCG_att123"	"22-B-026_2022-10-13_1_First"	30.7692307692308	2	"> 50% (45-55)"	">"	45	55	TRUE	NA	"Rule1"	NA	NA	NA	NA	NA	"bug01"	"bug01"	0	"bug01_L2_Rule1_pt_BCG_att123"
"BCG_CT_2015"	"bug01"	"pt_BCG_att123"	"22-B-027_2022-10-13_1_First"	46.7741935483871	2	"> 50% (45-55)"	">"	45	55	TRUE	NA	"Rule0"	NA	NA	NA	NA	NA	"bug01"	"bug01"	0.17741935483871	"bug01_L2_Rule0_pt_BCG_att123"
"BCG_CT_2015"	"bug01"	"pt_BCG_att123"	"22-B-027_2022-10-13_1_First"	46.7741935483871	2	"> 50% (45-55)"	">"	45	55	TRUE	NA	"Rule1"	NA	NA	NA	NA	NA	"bug01"	"bug01"	0.17741935483871	"bug01_L2_Rule1_pt_BCG_att123"
"BCG_CT_2015"	"bug01"	"pt_BCG_att123"	"22-B-028_2022-10-14_1_First"	45.2380952380952	2	"> 50% (45-55)"	">"	45	55	TRUE	NA	"Rule0"	NA	NA	NA	NA	NA	"bug01"	"bug01"	0.0238095238095237	"bug01_L2_Rule0_pt_BCG_att123"
"BCG_CT_2015"	"bug01"	"pt_BCG_att123"	"22-B-028_2022-10-14_1_First"	45.2380952380952	2	"> 50% (45-55)"	">"	45	55	TRUE	NA	"Rule1"	NA	NA	NA	NA	NA	"bug01"	"bug01"	0.0238095238095237	"bug01_L2_Rule1_pt_BCG_att123"
"BCG_CT_2015"	"bug01"	"pt_BCG_att123"	"22-B-028_2022-10-14_1_Second"	46.3414634146341	2	"> 50% (45-55)"	">"	45	55	TRUE	NA	"Rule0"	NA	NA	NA	NA	NA	"bug01"	"bug01"	0.134146341463415	"bug01_L2_Rule0_pt_BCG_att123"
"BCG_CT_2015"	"bug01"	"pt_BCG_att123"	"22-B-028_2022-10-14_1_Second"	46.3414634146341	2	"> 50% (45-55)"	">"	45	55	TRUE	NA	"Rule1"	NA	NA	NA	NA	NA	"bug01"	"bug01"	0.134146341463415	"bug01_L2_Rule1_pt_BCG_att123"
"BCG_CT_2015"	"bug01"	"pt_BCG_att123"	"22-B-029_2022-10-14_2_First"	45.8333333333333	2	"> 50% (45-55)"	">"	45	55	TRUE	NA	"Rule0"	NA	NA	NA	NA	NA	"bug01"	"bug01"	0.0833333333333339	"bug01_L2_Rule0_pt_BCG_att123"
"BCG_CT_2015"	"bug01"	"pt_BCG_att123"	"22-B-029_2022-10-14_2_First"	45.8333333333333	2	"> 50% (45-55)"	">"	45	55	TRUE	NA	"Rule1"	NA	NA	NA	NA	NA	"bug01"	"bug01"	0.0833333333333339	"bug01_L2_Rule1_pt_BCG_att123"
"BCG_CT_2015"	"bug01"	"pt_BCG_att123"	"22-B-030_2022-10-14_1_First"	55.2631578947368	2	"> 50% (45-55)"	">"	45	55	TRUE	NA	"Rule0"	NA	NA	NA	NA	NA	"bug01"	"bug01"	1	"bug01_L2_Rule0_pt_BCG_att123"
"BCG_CT_2015"	"bug01"	"pt_BCG_att123"	"22-B-030_2022-10-14_1_First"	55.2631578947368	2	"> 50% (45-55)"	">"	45	55	TRUE	NA	"Rule1"	NA	NA	NA	NA	NA	"bug01"	"bug01"	1	"bug01_L2_Rule1_pt_BCG_att123"
"BCG_CT_2015"	"bug01"	"pt_BCG_att123"	"22-B-031_2022-10-14_1_First"	55.8823529411765	2	"> 50% (45-55)"	">"	45	55	TRUE	NA	"Rule0"	NA	NA	NA	NA	NA	"bug01"	"bug01"	1	"bug01_L2_Rule0_pt_BCG_att123"
"BCG_CT_2015"	"bug01"	"pt_BCG_att123"	"22-B-031_2022-10-14_1_First"	55.8823529411765	2	"> 50% (45-55)"	">"	45	55	TRUE	NA	"Rule1"	NA	NA	NA	NA	NA	"bug01"	"bug01"	1	"bug01_L2_Rule1_pt_BCG_att123"
"BCG_CT_2015"	"bug01"	"pt_BCG_att123"	"22-B-032_2022-10-14_1_First"	32.3529411764706	2	"> 50% (45-55)"	">"	45	55	TRUE	NA	"Rule0"	NA	NA	NA	NA	NA	"bug01"	"bug01"	0	"bug01_L2_Rule0_pt_BCG_att123"
"BCG_CT_2015"	"bug01"	"pt_BCG_att123"	"22-B-032_2022-10-14_1_First"	32.3529411764706	2	"> 50% (45-55)"	">"	45	55	TRUE	NA	"Rule1"	NA	NA	NA	NA	NA	"bug01"	"bug01"	0	"bug01_L2_Rule1_pt_BCG_att123"
"BCG_CT_2015"	"bug01"	"pt_BCG_att123"	"22-B-033_2022-10-14_1_First"	51.1627906976744	2	"> 50% (45-55)"	">"	45	55	TRUE	NA	"Rule0"	NA	NA	NA	NA	NA	"bug01"	"bug01"	0.616279069767442	"bug01_L2_Rule0_pt_BCG_att123"
"BCG_CT_2015"	"bug01"	"pt_BCG_att123"	"22-B-033_2022-10-14_1_First"	51.1627906976744	2	"> 50% (45-55)"	">"	45	55	TRUE	NA	"Rule1"	NA	NA	NA	NA	NA	"bug01"	"bug01"	0.616279069767442	"bug01_L2_Rule1_pt_BCG_att123"
"BCG_CT_2015"	"bug01"	"pt_BCG_att123"	"22-B-034_2022-10-17_1_First"	53.1914893617021	2	"> 50% (45-55)"	">"	45	55	TRUE	NA	"Rule0"	NA	NA	NA	NA	NA	"bug01"	"bug01"	0.819148936170213	"bug01_L2_Rule0_pt_BCG_att123"
"BCG_CT_2015"	"bug01"	"pt_BCG_att123"	"22-B-034_2022-10-17_1_First"	53.1914893617021	2	"> 50% (45-55)"	">"	45	55	TRUE	NA	"Rule1"	NA	NA	NA	NA	NA	"bug01"	"bug01"	0.819148936170213	"bug01_L2_Rule1_pt_BCG_att123"
"BCG_CT_2015"	"bug01"	"pt_BCG_att123"	"22-B-035_2022-10-17_2_First"	45.0980392156863	2	"> 50% (45-55)"	">"	45	55	TRUE	NA	"Rule0"	NA	NA	NA	NA	NA	"bug01"	"bug01"	0.00980392156862742	"bug01_L2_Rule0_pt_BCG_att123"
"BCG_CT_2015"	"bug01"	"pt_BCG_att123"	"22-B-035_2022-10-17_2_First"	45.0980392156863	2	"> 50% (45-55)"	">"	45	55	TRUE	NA	"Rule1"	NA	NA	NA	NA	NA	"bug01"	"bug01"	0.00980392156862742	"bug01_L2_Rule1_pt_BCG_att123"
"BCG_CT_2015"	"bug01"	"pt_BCG_att123"	"22-B-036_2022-10-17_1_First"	39.0243902439024	2	"> 50% (45-55)"	">"	45	55	TRUE	NA	"Rule0"	NA	NA	NA	NA	NA	"bug01"	"bug01"	0	"bug01_L2_Rule0_pt_BCG_att123"
"BCG_CT_2015"	"bug01"	"pt_BCG_att123"	"22-B-036_2022-10-17_1_First"	39.0243902439024	2	"> 50% (45-55)"	">"	45	55	TRUE	NA	"Rule1"	NA	NA	NA	NA	NA	"bug01"	"bug01"	0	"bug01_L2_Rule1_pt_BCG_att123"
"BCG_CT_2015"	"bug01"	"pt_BCG_att123"	"22-B-037_2022-10-17_1_First"	45.7142857142857	2	"> 50% (45-55)"	">"	45	55	TRUE	NA	"Rule0"	NA	NA	NA	NA	NA	"bug01"	"bug01"	0.0714285714285712	"bug01_L2_Rule0_pt_BCG_att123"
"BCG_CT_2015"	"bug01"	"pt_BCG_att123"	"22-B-037_2022-10-17_1_First"	45.7142857142857	2	"> 50% (45-55)"	">"	45	55	TRUE	NA	"Rule1"	NA	NA	NA	NA	NA	"bug01"	"bug01"	0.0714285714285712	"bug01_L2_Rule1_pt_BCG_att123"
"BCG_CT_2015"	"bug01"	"pt_BCG_att123"	"22-B-037_2022-10-17_1_Second"	52.5	2	"> 50% (45-55)"	">"	45	55	TRUE	NA	"Rule0"	NA	NA	NA	NA	NA	"bug01"	"bug01"	0.75	"bug01_L2_Rule0_pt_BCG_att123"
"BCG_CT_2015"	"bug01"	"pt_BCG_att123"	"22-B-037_2022-10-17_1_Second"	52.5	2	"> 50% (45-55)"	">"	45	55	TRUE	NA	"Rule1"	NA	NA	NA	NA	NA	"bug01"	"bug01"	0.75	"bug01_L2_Rule1_pt_BCG_att123"
"BCG_CT_2015"	"bug01"	"pt_BCG_att123"	"22-B-038_2022-10-17_1_First"	56.7567567567568	2	"> 50% (45-55)"	">"	45	55	TRUE	NA	"Rule0"	NA	NA	NA	NA	NA	"bug01"	"bug01"	1	"bug01_L2_Rule0_pt_BCG_att123"
"BCG_CT_2015"	"bug01"	"pt_BCG_att123"	"22-B-038_2022-10-17_1_First"	56.7567567567568	2	"> 50% (45-55)"	">"	45	55	TRUE	NA	"Rule1"	NA	NA	NA	NA	NA	"bug01"	"bug01"	1	"bug01_L2_Rule1_pt_BCG_att123"
"BCG_CT_2015"	"bug01"	"pt_BCG_att123"	"22-B-039_2022-10-18_1_First"	58.4905660377358	2	"> 50% (45-55)"	">"	45	55	TRUE	NA	"Rule0"	NA	NA	NA	NA	NA	"bug01"	"bug01"	1	"bug01_L2_Rule0_pt_BCG_att123"
"BCG_CT_2015"	"bug01"	"pt_BCG_att123"	"22-B-039_2022-10-18_1_First"	58.4905660377358	2	"> 50% (45-55)"	">"	45	55	TRUE	NA	"Rule1"	NA	NA	NA	NA	NA	"bug01"	"bug01"	1	"bug01_L2_Rule1_pt_BCG_att123"
"BCG_CT_2015"	"bug01"	"pt_BCG_att123"	"22-B-040_2022-10-18_1_First"	38.7096774193548	2	"> 50% (45-55)"	">"	45	55	TRUE	NA	"Rule0"	NA	NA	NA	NA	NA	"bug01"	"bug01"	0	"bug01_L2_Rule0_pt_BCG_att123"
"BCG_CT_2015"	"bug01"	"pt_BCG_att123"	"22-B-040_2022-10-18_1_First"	38.7096774193548	2	"> 50% (45-55)"	">"	45	55	TRUE	NA	"Rule1"	NA	NA	NA	NA	NA	"bug01"	"bug01"	0	"bug01_L2_Rule1_pt_BCG_att123"
"BCG_CT_2015"	"bug01"	"pt_BCG_att123"	"22-B-041_2022-10-18_1_First"	35.4166666666667	2	"> 50% (45-55)"	">"	45	55	TRUE	NA	"Rule0"	NA	NA	NA	NA	NA	"bug01"	"bug01"	0	"bug01_L2_Rule0_pt_BCG_att123"
"BCG_CT_2015"	"bug01"	"pt_BCG_att123"	"22-B-041_2022-10-18_1_First"	35.4166666666667	2	"> 50% (45-55)"	">"	45	55	TRUE	NA	"Rule1"	NA	NA	NA	NA	NA	"bug01"	"bug01"	0	"bug01_L2_Rule1_pt_BCG_att123"
"BCG_CT_2015"	"bug01"	"pt_BCG_att123"	"22-B-042_2022-10-19_1_First"	43.3333333333333	2	"> 50% (45-55)"	">"	45	55	TRUE	NA	"Rule0"	NA	NA	NA	NA	NA	"bug01"	"bug01"	0	"bug01_L2_Rule0_pt_BCG_att123"
"BCG_CT_2015"	"bug01"	"pt_BCG_att123"	"22-B-042_2022-10-19_1_First"	43.3333333333333	2	"> 50% (45-55)"	">"	45	55	TRUE	NA	"Rule1"	NA	NA	NA	NA	NA	"bug01"	"bug01"	0	"bug01_L2_Rule1_pt_BCG_att123"
"BCG_CT_2015"	"bug01"	"pt_BCG_att123"	"22-B-043_2022-10-19_1_First"	17.1428571428571	2	"> 50% (45-55)"	">"	45	55	TRUE	NA	"Rule0"	NA	NA	NA	NA	NA	"bug01"	"bug01"	0	"bug01_L2_Rule0_pt_BCG_att123"
"BCG_CT_2015"	"bug01"	"pt_BCG_att123"	"22-B-043_2022-10-19_1_First"	17.1428571428571	2	"> 50% (45-55)"	">"	45	55	TRUE	NA	"Rule1"	NA	NA	NA	NA	NA	"bug01"	"bug01"	0	"bug01_L2_Rule1_pt_BCG_att123"
"BCG_CT_2015"	"bug01"	"pt_BCG_att123"	"22-B-044_2022-10-19_1_First"	43.75	2	"> 50% (45-55)"	">"	45	55	TRUE	NA	"Rule0"	NA	NA	NA	NA	NA	"bug01"	"bug01"	0	"bug01_L2_Rule0_pt_BCG_att123"
"BCG_CT_2015"	"bug01"	"pt_BCG_att123"	"22-B-044_2022-10-19_1_First"	43.75	2	"> 50% (45-55)"	">"	45	55	TRUE	NA	"Rule1"	NA	NA	NA	NA	NA	"bug01"	"bug01"	0	"bug01_L2_Rule1_pt_BCG_att123"
"BCG_CT_2015"	"bug01"	"pt_BCG_att123"	"22-B-045_2022-10-19_1_First"	42.3076923076923	2	"> 50% (45-55)"	">"	45	55	TRUE	NA	"Rule0"	NA	NA	NA	NA	NA	"bug01"	"bug01"	0	"bug01_L2_Rule0_pt_BCG_att123"
"BCG_CT_2015"	"bug01"	"pt_BCG_att123"	"22-B-045_2022-10-19_1_First"	42.3076923076923	2	"> 50% (45-55)"	">"	45	55	TRUE	NA	"Rule1"	NA	NA	NA	NA	NA	"bug01"	"bug01"	0	"bug01_L2_Rule1_pt_BCG_att123"
"BCG_CT_2015"	"bug01"	"pt_BCG_att123"	"22-B-046_2022-10-19_1_First"	38.7096774193548	2	"> 50% (45-55)"	">"	45	55	TRUE	NA	"Rule0"	NA	NA	NA	NA	NA	"bug01"	"bug01"	0	"bug01_L2_Rule0_pt_BCG_att123"
"BCG_CT_2015"	"bug01"	"pt_BCG_att123"	"22-B-046_2022-10-19_1_First"	38.7096774193548	2	"> 50% (45-55)"	">"	45	55	TRUE	NA	"Rule1"	NA	NA	NA	NA	NA	"bug01"	"bug01"	0	"bug01_L2_Rule1_pt_BCG_att123"
"BCG_CT_2015"	"bug01"	"pt_BCG_att123"	"22-B-047_2022-10-21_1_First"	36.3636363636364	2	"> 50% (45-55)"	">"	45	55	TRUE	NA	"Rule0"	NA	NA	NA	NA	NA	"bug01"	"bug01"	0	"bug01_L2_Rule0_pt_BCG_att123"
"BCG_CT_2015"	"bug01"	"pt_BCG_att123"	"22-B-047_2022-10-21_1_First"	36.3636363636364	2	"> 50% (45-55)"	">"	45	55	TRUE	NA	"Rule1"	NA	NA	NA	NA	NA	"bug01"	"bug01"	0	"bug01_L2_Rule1_pt_BCG_att123"
"BCG_CT_2015"	"bug01"	"pt_BCG_att123"	"22-B-011_2022-10-07_1_First"	18.6046511627907	2	"> 50% (45-55)"	">"	45	55	TRUE	NA	"Rule0"	NA	NA	NA	NA	NA	"bug01"	"bug01"	0	"bug01_L2_Rule0_pt_BCG_att123"
"BCG_CT_2015"	"bug01"	"pt_BCG_att123"	"22-B-011_2022-10-07_1_First"	18.6046511627907	2	"> 50% (45-55)"	">"	45	55	TRUE	NA	"Rule1"	NA	NA	NA	NA	NA	"bug01"	"bug01"	0	"bug01_L2_Rule1_pt_BCG_att123"
"BCG_CT_2015"	"bug01"	"pt_BCG_att123"	"22-B-012_2022-10-07_1_First"	12.8205128205128	2	"> 50% (45-55)"	">"	45	55	TRUE	NA	"Rule0"	NA	NA	NA	NA	NA	"bug01"	"bug01"	0	"bug01_L2_Rule0_pt_BCG_att123"
"BCG_CT_2015"	"bug01"	"pt_BCG_att123"	"22-B-012_2022-10-07_1_First"	12.8205128205128	2	"> 50% (45-55)"	">"	45	55	TRUE	NA	"Rule1"	NA	NA	NA	NA	NA	"bug01"	"bug01"	0	"bug01_L2_Rule1_pt_BCG_att123"
